scenario,world_seed,agent_seed,strategy,n_channels,n_slots,slot_duration_s,total_scans,total_detections,true_positive_scans,false_positive_scans,on_target_scans,redundant_scans,n_activity_intervals,n_detected_intervals,n_missed_intervals,n_missed_never_scanned,n_missed_detector,n_censored_intervals,detection_rate,missed_detection_rate,on_target_scan_rate,scan_efficiency,redundant_scan_rate,mean_detection_delay_slots,median_detection_delay_slots,max_detection_delay_slots,time_to_first_detection_slots,emerging_discovery_delay_slots,emerging_discovery_censored,channels_covered,channel_coverage,coverage_time_slots,mean_decision_latency_ms,mean_detection_delay_s,time_to_first_detection_s,emerging_discovery_delay_s
normal,0,0,sequential,12,800,0.1,800,73,61,12,62,0,63,36,27,27,0,0,0.5714285714285714,0.42857142857142855,0.0775,0.07625,0.0,5.277777777777778,5.0,20.0,2.0,,False,12,1.0,11,0.000674500479362905,0.5277777777777778,0.2,
normal,0,0,random,12,800,0.1,800,60,49,11,50,246,63,27,36,36,0,0,0.42857142857142855,0.5714285714285714,0.0625,0.06125,0.3075,6.074074074074074,5.0,17.0,8.0,,False,12,1.0,38,0.014344375085784122,0.6074074074074075,0.8,
normal,0,0,heuristic,12,800,0.1,800,370,360,10,371,247,63,23,40,40,0,0,0.36507936507936506,0.6349206349206349,0.46375,0.45,0.30875,0.782608695652174,0.0,9.0,3.0,,False,12,1.0,14,0.026137250242754817,0.0782608695652174,0.30000000000000004,
normal,0,0,adaptive,12,800,0.1,800,361,351,10,362,94,63,34,29,28,1,1,0.5396825396825397,0.4603174603174603,0.4525,0.43875,0.1175,3.411764705882353,2.5,11.0,2.0,,False,12,1.0,11,5.650144624669338,0.3411764705882353,0.2,
normal,1,1,sequential,12,800,0.1,800,83,63,20,63,0,63,37,26,26,0,0,0.5873015873015873,0.4126984126984127,0.07875,0.07875,0.0,4.216216216216216,5.0,9.0,2.0,,False,12,1.0,11,0.001381124893669039,0.4216216216216216,0.2,
normal,1,1,random,12,800,0.1,800,77,58,19,61,254,63,30,33,31,2,1,0.47619047619047616,0.5238095238095238,0.07625,0.0725,0.3175,5.166666666666667,3.0,24.0,8.0,,False,12,1.0,48,0.01597099962964421,0.5166666666666667,0.8,
normal,1,1,heuristic,12,800,0.1,800,305,295,10,303,317,63,21,42,42,0,0,0.3333333333333333,0.6666666666666666,0.37875,0.36875,0.39625,3.4285714285714284,0.0,46.0,2.0,,False,12,1.0,11,0.026946000070893206,0.34285714285714286,0.2,
normal,1,1,adaptive,12,800,0.1,800,320,309,11,318,118,63,32,31,31,0,0,0.5079365079365079,0.49206349206349204,0.3975,0.38625,0.1475,3.40625,2.0,11.0,2.0,,False,12,1.0,11,5.73318024911714,0.340625,0.2,
normal,2,2,sequential,12,800,0.1,800,72,57,15,58,0,62,37,25,24,1,0,0.5967741935483871,0.4032258064516129,0.0725,0.07125,0.0,4.837837837837838,4.0,11.0,5.0,,False,12,1.0,11,0.0014641254165326245,0.4837837837837838,0.5,
normal,2,2,random,12,800,0.1,800,71,54,17,54,252,62,26,36,36,0,0,0.41935483870967744,0.5806451612903226,0.0675,0.0675,0.315,3.730769230769231,2.0,15.0,6.0,,False,12,1.0,16,0.016602875330136158,0.3730769230769231,0.6000000000000001,
normal,2,2,heuristic,12,800,0.1,800,222,211,11,217,377,62,29,33,33,0,0,0.46774193548387094,0.532258064516129,0.27125,0.26375,0.47125,1.896551724137931,0.0,41.0,5.0,,False,12,1.0,11,0.03061050014366629,0.18965517241379312,0.5,
normal,2,2,adaptive,12,800,0.1,800,318,310,8,317,116,62,26,36,36,0,0,0.41935483870967744,0.5806451612903226,0.39625,0.3875,0.145,3.6923076923076925,2.0,18.0,5.0,,False,12,1.0,11,5.9620473751056124,0.36923076923076925,0.5,
normal,3,3,sequential,12,800,0.1,800,76,54,22,54,0,62,38,24,24,0,0,0.6129032258064516,0.3870967741935484,0.0675,0.0675,0.0,5.026315789473684,5.0,11.0,2.0,,False,12,1.0,11,0.0014957501844037324,0.5026315789473684,0.2,
normal,3,3,random,12,800,0.1,800,69,47,22,48,246,62,24,38,38,0,0,0.3870967741935484,0.6129032258064516,0.06,0.05875,0.3075,4.125,4.0,14.0,2.0,,False,12,1.0,31,0.01803062539693201,0.41250000000000003,0.2,
normal,3,3,heuristic,12,800,0.1,800,297,281,16,287,296,62,25,37,37,0,0,0.4032258064516129,0.5967741935483871,0.35875,0.35125,0.37,1.56,0.0,12.0,0.0,,False,12,1.0,12,0.02814300067257136,0.15600000000000003,0.0,
normal,3,3,adaptive,12,800,0.1,800,280,263,17,273,104,62,32,30,30,0,0,0.5161290322580645,0.4838709677419355,0.34125,0.32875,0.13,3.03125,2.0,14.0,2.0,,False,12,1.0,11,5.921056124789175,0.30312500000000003,0.2,
normal,4,4,sequential,12,800,0.1,800,79,60,19,63,0,62,36,26,25,1,0,0.5806451612903226,0.41935483870967744,0.07875,0.075,0.0,4.972222222222222,5.0,17.0,5.0,,False,12,1.0,11,0.0013709994163946249,0.49722222222222223,0.5,
normal,4,4,random,12,800,0.1,800,63,48,15,49,249,62,27,35,34,1,1,0.43548387096774194,0.5645161290322581,0.06125,0.06,0.31125,7.111111111111111,5.0,29.0,8.0,,False,12,1.0,26,0.015167375349847134,0.7111111111111111,0.8,
normal,4,4,heuristic,12,800,0.1,800,267,259,8,264,355,62,19,43,42,1,0,0.3064516129032258,0.6935483870967742,0.33,0.32375,0.44375,4.7368421052631575,0.0,85.0,3.0,,False,12,1.0,11,0.027202500132261775,0.47368421052631576,0.30000000000000004,
normal,4,4,adaptive,12,800,0.1,800,308,300,8,308,119,62,28,34,32,2,0,0.45161290322580644,0.5483870967741935,0.385,0.375,0.14875,4.821428571428571,3.0,22.0,5.0,,False,12,1.0,11,5.607197124991217,0.48214285714285715,0.5,
normal,5,5,sequential,12,800,0.1,800,68,52,16,52,0,57,31,26,26,0,1,0.543859649122807,0.45614035087719296,0.065,0.065,0.0,4.290322580645161,4.0,11.0,5.0,,False,12,1.0,11,0.0014086248484090902,0.4290322580645161,0.5,
normal,5,5,random,12,800,0.1,800,55,40,15,41,240,57,19,38,37,1,0,0.3333333333333333,0.6666666666666666,0.05125,0.05,0.3,5.947368421052632,4.0,24.0,4.0,,False,12,1.0,29,0.016889499347598758,0.5947368421052632,0.4,
normal,5,5,heuristic,12,800,0.1,800,222,210,12,212,384,57,22,35,34,1,1,0.38596491228070173,0.6140350877192983,0.265,0.2625,0.48,5.136363636363637,0.0,75.0,8.0,,False,12,1.0,14,0.026392125437268987,0.5136363636363637,0.8,
normal,5,5,adaptive,12,800,0.1,800,307,298,9,303,95,57,31,26,26,0,0,0.543859649122807,0.45614035087719296,0.37875,0.3725,0.11875,3.6774193548387095,3.0,13.0,5.0,,False,12,1.0,11,5.732076625354239,0.36774193548387096,0.5,
normal,6,6,sequential,12,800,0.1,800,76,66,10,68,0,69,36,33,32,1,0,0.5217391304347826,0.4782608695652174,0.085,0.0825,0.0,4.527777777777778,5.0,11.0,2.0,,False,12,1.0,11,0.0014297495363280177,0.4527777777777778,0.2,
normal,6,6,random,12,800,0.1,800,80,61,19,62,250,69,29,40,40,0,1,0.42028985507246375,0.5797101449275363,0.0775,0.07625,0.3125,4.758620689655173,1.0,36.0,0.0,,False,12,1.0,22,0.014505500148516148,0.4758620689655173,0.0,
normal,6,6,heuristic,12,800,0.1,800,404,393,11,403,223,69,22,47,47,0,0,0.3188405797101449,0.6811594202898551,0.50375,0.49125,0.27875,1.3181818181818181,0.0,15.0,2.0,,False,12,1.0,12,0.02684725033759605,0.1318181818181818,0.2,
normal,6,6,adaptive,12,800,0.1,800,374,361,13,372,86,69,33,36,36,0,0,0.4782608695652174,0.5217391304347826,0.465,0.45125,0.1075,2.3636363636363638,2.0,13.0,2.0,,False,12,1.0,11,5.637639249835047,0.2363636363636364,0.2,
normal,7,7,sequential,12,800,0.1,800,77,62,15,64,0,58,36,22,22,0,0,0.6206896551724138,0.3793103448275862,0.08,0.0775,0.0,4.166666666666667,4.0,16.0,2.0,,False,12,1.0,11,0.0015255001562763937,0.41666666666666674,0.2,
normal,7,7,random,12,800,0.1,800,76,58,18,60,251,58,26,32,32,0,0,0.4482758620689655,0.5517241379310345,0.075,0.0725,0.31375,5.538461538461538,4.0,24.0,7.0,,False,12,1.0,22,0.017930249305209145,0.5538461538461539,0.7000000000000001,
normal,7,7,heuristic,12,800,0.1,800,227,213,14,229,373,58,26,32,32,0,0,0.4482758620689655,0.5517241379310345,0.28625,0.26625,0.46625,4.6923076923076925,0.0,42.0,2.0,,False,12,1.0,12,0.027117499412270263,0.4692307692307693,0.2,
normal,7,7,adaptive,12,800,0.1,800,338,330,8,346,91,58,28,30,30,0,0,0.4827586206896552,0.5172413793103449,0.4325,0.4125,0.11375,2.0357142857142856,1.0,11.0,2.0,,False,12,1.0,11,5.619141000534,0.20357142857142857,0.2,
normal,8,8,sequential,12,800,0.1,800,87,61,26,62,0,65,38,27,27,0,0,0.5846153846153846,0.4153846153846154,0.0775,0.07625,0.0,5.2105263157894735,5.0,14.0,2.0,,False,12,1.0,11,0.0013626247891806997,0.5210526315789473,0.2,
normal,8,8,random,12,800,0.1,800,71,52,19,53,258,65,29,36,36,0,0,0.4461538461538462,0.5538461538461539,0.06625,0.065,0.3225,7.517241379310345,5.0,28.0,2.0,,False,12,1.0,17,0.014951500234019477,0.7517241379310345,0.2,
normal,8,8,heuristic,12,800,0.1,800,375,365,10,376,227,65,28,37,37,0,0,0.4307692307692308,0.5692307692307692,0.47,0.45625,0.28375,1.75,0.0,16.0,2.0,,False,12,1.0,11,0.027705249849532265,0.17500000000000002,0.2,
normal,8,8,adaptive,12,800,0.1,800,360,354,6,363,96,65,34,31,31,0,0,0.5230769230769231,0.47692307692307695,0.45375,0.4425,0.12,2.2941176470588234,2.0,10.0,2.0,,False,12,1.0,11,5.481252499776019,0.22941176470588234,0.2,
normal,9,9,sequential,12,800,0.1,800,75,57,18,58,0,62,33,29,28,1,1,0.532258064516129,0.46774193548387094,0.0725,0.07125,0.0,4.212121212121212,5.0,11.0,17.0,,False,12,1.0,11,0.0015853753211558796,0.4212121212121212,1.7000000000000002,
normal,9,9,random,12,800,0.1,800,79,59,20,63,260,62,27,35,34,1,1,0.43548387096774194,0.5645161290322581,0.07875,0.07375,0.325,5.296296296296297,5.0,21.0,0.0,,False,12,1.0,46,0.014814124733675271,0.5296296296296297,0.0,
normal,9,9,heuristic,12,800,0.1,800,357,341,16,350,272,62,16,46,45,1,0,0.25806451612903225,0.7419354838709677,0.4375,0.42625,0.34,0.4375,0.0,6.0,10.0,,False,12,1.0,13,0.027384624918340705,0.043750000000000004,1.0,
normal,9,9,adaptive,12,800,0.1,800,337,329,8,339,102,62,30,32,31,1,0,0.4838709677419355,0.5161290322580645,0.42375,0.41125,0.1275,3.066666666666667,1.0,17.0,12.0,,False,12,1.0,11,5.563046749848581,0.3066666666666667,1.2000000000000002,
normal,10,10,sequential,12,800,0.1,800,71,54,17,58,0,51,29,22,21,1,0,0.5686274509803921,0.43137254901960786,0.0725,0.0675,0.0,3.689655172413793,4.0,17.0,2.0,,False,12,1.0,11,0.0014221249875845388,0.3689655172413793,0.2,
normal,10,10,random,12,800,0.1,800,73,55,18,57,237,51,26,25,23,2,0,0.5098039215686274,0.49019607843137253,0.07125,0.06875,0.29625,4.0,2.0,19.0,3.0,,False,12,1.0,44,0.014957499624870252,0.4,0.30000000000000004,
normal,10,10,heuristic,12,800,0.1,800,299,286,13,295,320,51,17,34,34,0,0,0.3333333333333333,0.6666666666666666,0.36875,0.3575,0.4,1.2352941176470589,0.0,8.0,2.0,,False,12,1.0,11,0.02818674958689371,0.12352941176470589,0.2,
normal,10,10,adaptive,12,800,0.1,800,340,323,17,329,102,51,26,25,25,0,0,0.5098039215686274,0.49019607843137253,0.41125,0.40375,0.1275,2.6538461538461537,1.5,11.0,2.0,,False,12,1.0,11,5.822562498397019,0.2653846153846154,0.2,
normal,11,11,sequential,12,800,0.1,800,75,56,19,56,0,64,36,28,28,0,0,0.5625,0.4375,0.07,0.07,0.0,3.5833333333333335,4.0,9.0,2.0,,False,12,1.0,11,0.0015652506772312336,0.3583333333333334,0.2,
normal,11,11,random,12,800,0.1,800,60,48,12,48,256,64,27,37,37,0,0,0.421875,0.578125,0.06,0.06,0.32,4.555555555555555,2.0,20.0,3.0,,False,12,1.0,32,0.017386999606969766,0.45555555555555555,0.30000000000000004,
normal,11,11,heuristic,12,800,0.1,800,205,194,11,200,387,64,30,34,34,0,0,0.46875,0.53125,0.25,0.2425,0.48375,1.3333333333333333,0.0,21.0,2.0,,False,12,1.0,12,0.034694375390245114,0.13333333333333333,0.2,
normal,11,11,adaptive,12,800,0.1,800,286,275,11,282,95,64,35,29,29,0,0,0.546875,0.453125,0.3525,0.34375,0.11875,3.257142857142857,3.0,16.0,2.0,,False,12,1.0,11,6.368234374276653,0.32571428571428573,0.2,
normal,12,12,sequential,12,800,0.1,800,74,58,16,63,0,57,35,22,20,2,0,0.6140350877192983,0.38596491228070173,0.07875,0.0725,0.0,4.085714285714285,4.0,11.0,5.0,,False,12,1.0,11,0.001713624551484827,0.4085714285714286,0.5,
normal,12,12,random,12,800,0.1,800,71,53,18,54,239,57,26,31,31,0,0,0.45614035087719296,0.543859649122807,0.0675,0.06625,0.29875,3.923076923076923,3.5,21.0,10.0,,False,12,1.0,20,0.017493624982307665,0.3923076923076923,1.0,
normal,12,12,heuristic,12,800,0.1,800,305,293,12,300,287,57,19,38,38,0,0,0.3333333333333333,0.6666666666666666,0.375,0.36625,0.35875,4.2105263157894735,0.0,62.0,5.0,,False,12,1.0,12,0.0272311245862511,0.42105263157894735,0.5,
normal,12,12,adaptive,12,800,0.1,800,332,323,9,340,90,57,29,28,28,0,0,0.5087719298245614,0.49122807017543857,0.425,0.40375,0.1125,3.310344827586207,2.0,21.0,5.0,,False,12,1.0,11,5.829615374568675,0.3310344827586207,0.5,
normal,13,13,sequential,12,800,0.1,800,74,60,14,62,0,61,36,25,24,1,0,0.5901639344262295,0.4098360655737705,0.0775,0.075,0.0,5.0,5.0,11.0,5.0,,False,12,1.0,11,0.0015896251716185361,0.5,0.5,
normal,13,13,random,12,800,0.1,800,61,42,19,44,249,61,22,39,38,1,0,0.36065573770491804,0.639344262295082,0.055,0.0525,0.31125,4.0,1.5,20.0,23.0,,False,12,1.0,33,0.015525749950029423,0.4,2.3000000000000003,
normal,13,13,heuristic,12,800,0.1,800,213,199,14,209,379,61,21,40,40,0,0,0.3442622950819672,0.6557377049180327,0.26125,0.24875,0.47375,4.523809523809524,0.0,69.0,7.0,,False,12,1.0,12,0.027555000269785523,0.4523809523809524,0.7000000000000001,
normal,13,13,adaptive,12,800,0.1,800,339,335,4,346,111,61,27,34,34,0,0,0.4426229508196721,0.5573770491803278,0.4325,0.41875,0.13875,3.6666666666666665,3.0,16.0,5.0,,False,12,1.0,11,5.537660000518372,0.3666666666666667,0.5,
normal,14,14,sequential,12,800,0.1,800,74,68,6,69,0,57,34,23,22,1,0,0.5964912280701754,0.40350877192982454,0.08625,0.085,0.0,3.735294117647059,4.0,10.0,2.0,,False,12,1.0,11,0.0014228747386368923,0.3735294117647059,0.2,
normal,14,14,random,12,800,0.1,800,84,69,15,69,243,57,30,27,27,0,0,0.5263157894736842,0.47368421052631576,0.08625,0.08625,0.30375,4.133333333333334,3.5,17.0,17.0,,False,12,1.0,39,0.01544787453894969,0.4133333333333334,1.7000000000000002,
normal,14,14,heuristic,12,800,0.1,800,439,428,11,445,169,57,22,35,35,0,0,0.38596491228070173,0.6140350877192983,0.55625,0.535,0.21125,1.2727272727272727,0.0,7.0,2.0,,False,12,1.0,12,0.029821999996784143,0.1272727272727273,0.2,
normal,14,14,adaptive,12,800,0.1,800,386,375,11,386,85,57,30,27,27,0,0,0.5263157894736842,0.47368421052631576,0.4825,0.46875,0.10625,3.0,2.0,17.0,2.0,,False,12,1.0,11,5.72403887508699,0.30000000000000004,0.2,
normal,15,15,sequential,12,800,0.1,800,77,60,17,62,0,57,34,23,21,2,0,0.5964912280701754,0.40350877192982454,0.0775,0.075,0.0,3.8823529411764706,3.0,11.0,2.0,,False,12,1.0,11,0.0014851251762593165,0.38823529411764707,0.2,
normal,15,15,random,12,800,0.1,800,64,51,13,53,242,57,23,34,33,1,0,0.40350877192982454,0.5964912280701754,0.06625,0.06375,0.3025,5.130434782608695,3.0,18.0,6.0,,False,12,1.0,38,0.01602137530426262,0.5130434782608696,0.6000000000000001,
normal,15,15,heuristic,12,800,0.1,800,329,321,8,333,281,57,20,37,37,0,0,0.3508771929824561,0.6491228070175439,0.41625,0.40125,0.35125,0.45,0.0,6.0,2.0,,False,12,1.0,11,0.029260624978633132,0.045000000000000005,0.2,
normal,15,15,adaptive,12,800,0.1,800,323,312,11,323,96,57,29,28,28,0,0,0.5087719298245614,0.49122807017543857,0.40375,0.39,0.12,2.9310344827586206,1.0,21.0,2.0,,False,12,1.0,11,6.378666624659672,0.29310344827586204,0.2,
normal,16,16,sequential,12,800,0.1,800,75,59,16,60,0,59,35,24,24,0,0,0.5932203389830508,0.4067796610169492,0.075,0.07375,0.0,4.285714285714286,4.0,13.0,2.0,,False,12,1.0,11,0.0019162491662427785,0.4285714285714286,0.2,
normal,16,16,random,12,800,0.1,800,66,50,16,50,247,59,26,33,33,0,0,0.4406779661016949,0.559322033898305,0.0625,0.0625,0.30875,6.884615384615385,3.0,46.0,3.0,,False,12,1.0,29,0.017732874293869827,0.6884615384615386,0.30000000000000004,
normal,16,16,heuristic,12,800,0.1,800,217,204,13,211,391,59,25,34,34,0,0,0.423728813559322,0.576271186440678,0.26375,0.255,0.48875,4.16,0.0,53.0,3.0,,False,12,1.0,12,0.03188487498846371,0.41600000000000004,0.30000000000000004,
normal,16,16,adaptive,12,800,0.1,800,326,314,12,325,98,59,33,26,26,0,0,0.559322033898305,0.4406779661016949,0.40625,0.3925,0.1225,2.606060606060606,2.0,11.0,2.0,,False,12,1.0,11,6.361577249153925,0.2606060606060606,0.2,
normal,17,17,sequential,12,800,0.1,800,85,69,16,74,0,71,44,27,26,1,0,0.6197183098591549,0.38028169014084506,0.0925,0.08625,0.0,4.909090909090909,4.0,23.0,5.0,,False,12,1.0,11,0.0016302500443998724,0.49090909090909096,0.5,
normal,17,17,random,12,800,0.1,800,71,61,10,64,258,71,29,42,42,0,0,0.4084507042253521,0.5915492957746479,0.08,0.07625,0.3225,6.068965517241379,5.0,21.0,4.0,,False,12,1.0,27,0.016349875295418315,0.6068965517241379,0.4,
normal,17,17,heuristic,12,800,0.1,800,391,384,7,391,229,71,24,47,47,0,0,0.3380281690140845,0.6619718309859155,0.48875,0.48,0.28625,2.0833333333333335,0.0,36.0,5.0,,False,12,1.0,13,0.028294124858803116,0.20833333333333337,0.5,
normal,17,17,adaptive,12,800,0.1,800,375,363,12,370,79,71,38,33,33,0,0,0.5352112676056338,0.4647887323943662,0.4625,0.45375,0.09875,2.6052631578947367,2.0,12.0,5.0,,False,12,1.0,11,5.86971349966916,0.26052631578947366,0.5,
normal,18,18,sequential,12,800,0.1,800,78,59,19,59,0,58,35,23,23,0,0,0.603448275862069,0.39655172413793105,0.07375,0.07375,0.0,4.514285714285714,5.0,10.0,2.0,,False,12,1.0,11,0.0015756249558762647,0.45142857142857146,0.2,
normal,18,18,random,12,800,0.1,800,57,41,16,41,258,58,22,36,36,0,0,0.3793103448275862,0.6206896551724138,0.05125,0.05125,0.3225,6.0,5.0,20.0,2.0,,False,12,1.0,19,0.015859874874877278,0.6000000000000001,0.2,
normal,18,18,heuristic,12,800,0.1,800,318,310,8,321,306,58,17,41,41,0,0,0.29310344827586204,0.7068965517241379,0.40125,0.3875,0.3825,1.2352941176470589,0.0,6.0,2.0,,False,12,1.0,11,0.028888250344607513,0.12352941176470589,0.2,
normal,18,18,adaptive,12,800,0.1,800,329,317,12,326,103,58,33,25,25,0,0,0.5689655172413793,0.43103448275862066,0.4075,0.39625,0.12875,2.5454545454545454,2.0,15.0,2.0,,False,12,1.0,11,6.104539375410241,0.2545454545454546,0.2,
normal,19,19,sequential,12,800,0.1,800,79,66,13,69,0,58,33,25,25,0,0,0.5689655172413793,0.43103448275862066,0.08625,0.0825,0.0,4.424242424242424,4.0,11.0,5.0,,False,12,1.0,11,0.001498374913353473,0.4424242424242424,0.5,
normal,19,19,random,12,800,0.1,800,87,59,28,61,242,58,24,34,34,0,0,0.41379310344827586,0.5862068965517241,0.07625,0.07375,0.3025,7.125,6.0,20.0,1.0,,False,12,1.0,43,0.015673874477215577,0.7125,0.1,
normal,19,19,heuristic,12,800,0.1,800,390,377,13,393,240,58,15,43,43,0,0,0.25862068965517243,0.7413793103448276,0.49125,0.47125,0.3,2.2666666666666666,0.0,22.0,3.0,,False,12,1.0,11,0.027356625214451924,0.22666666666666668,0.30000000000000004,
normal,19,19,adaptive,12,800,0.1,800,362,358,4,374,78,58,28,30,30,0,0,0.4827586206896552,0.5172413793103449,0.4675,0.4475,0.0975,4.5,2.5,15.0,5.0,,False,12,1.0,11,5.79886137496942,0.45,0.5,
normal,20,20,sequential,12,800,0.1,800,90,73,17,74,0,57,38,19,19,0,0,0.6666666666666666,0.3333333333333333,0.0925,0.09125,0.0,3.5789473684210527,4.0,11.0,5.0,,False,12,1.0,11,0.001415250553691294,0.35789473684210527,0.5,
normal,20,20,random,12,800,0.1,800,83,67,16,68,248,57,26,31,30,1,0,0.45614035087719296,0.543859649122807,0.085,0.08375,0.31,7.538461538461538,5.0,21.0,6.0,,False,12,1.0,31,0.015433124826813582,0.7538461538461538,0.6000000000000001,
normal,20,20,heuristic,12,800,0.1,800,314,304,10,311,308,57,17,40,40,0,0,0.2982456140350877,0.7017543859649122,0.38875,0.38,0.385,1.8235294117647058,0.0,17.0,6.0,,False,12,1.0,14,0.025840249472821597,0.1823529411764706,0.6000000000000001,
normal,20,20,adaptive,12,800,0.1,800,361,356,5,361,104,57,25,32,31,1,0,0.43859649122807015,0.5614035087719298,0.45125,0.445,0.13,3.36,2.0,15.0,5.0,,False,12,1.0,11,5.839062625054794,0.336,0.5,
normal,21,21,sequential,12,800,0.1,800,83,71,12,76,0,67,35,32,29,3,0,0.5223880597014925,0.47761194029850745,0.095,0.08875,0.0,3.5714285714285716,3.0,11.0,2.0,,False,12,1.0,11,0.0014923751223250292,0.3571428571428572,0.2,
normal,21,21,random,12,800,0.1,800,79,63,16,64,230,67,29,38,38,0,0,0.43283582089552236,0.5671641791044776,0.08,0.07875,0.2875,5.586206896551724,3.0,29.0,4.0,,False,12,1.0,42,0.016545374637644272,0.5586206896551724,0.4,
normal,21,21,heuristic,12,800,0.1,800,421,415,6,426,210,67,16,51,50,1,0,0.23880597014925373,0.7611940298507462,0.5325,0.51875,0.2625,1.1875,0.5,8.0,2.0,,False,12,1.0,11,0.026846499567909632,0.11875000000000001,0.2,
normal,21,21,adaptive,12,800,0.1,800,375,371,4,384,82,67,24,43,42,1,0,0.3582089552238806,0.6417910447761194,0.48,0.46375,0.1025,2.9583333333333335,2.0,13.0,2.0,,False,12,1.0,11,5.66634287519264,0.29583333333333334,0.2,
normal,22,22,sequential,12,800,0.1,800,95,69,26,71,0,65,44,21,20,1,0,0.676923076923077,0.3230769230769231,0.08875,0.08625,0.0,3.977272727272727,4.0,11.0,5.0,,False,12,1.0,11,0.0014493748676613905,0.3977272727272727,0.5,
normal,22,22,random,12,800,0.1,800,60,45,15,48,247,65,26,39,38,1,0,0.4,0.6,0.06,0.05625,0.30875,7.038461538461538,5.0,23.0,9.0,,False,12,1.0,49,0.014472749935521279,0.7038461538461539,0.9,
normal,22,22,heuristic,12,800,0.1,800,266,252,14,262,313,65,24,41,41,0,0,0.36923076923076925,0.6307692307692307,0.3275,0.315,0.39125,4.25,0.0,58.0,5.0,,False,12,1.0,12,0.027135750751767773,0.42500000000000004,0.5,
normal,22,22,adaptive,12,800,0.1,800,317,302,15,314,99,65,34,31,31,0,0,0.5230769230769231,0.47692307692307695,0.3925,0.3775,0.12375,3.911764705882353,3.0,19.0,5.0,,False,12,1.0,11,5.683418874941708,0.3911764705882353,0.5,
normal,23,23,sequential,12,800,0.1,800,87,72,15,73,0,67,42,25,25,0,0,0.6268656716417911,0.373134328358209,0.09125,0.09,0.0,3.9047619047619047,4.5,11.0,5.0,,False,12,1.0,11,0.0014457485303864814,0.3904761904761905,0.5,
normal,23,23,random,12,800,0.1,800,72,58,14,62,248,67,34,33,33,0,0,0.5074626865671642,0.4925373134328358,0.0775,0.0725,0.31,6.147058823529412,5.0,29.0,2.0,,False,12,1.0,46,0.01510450030764332,0.6147058823529412,0.2,
normal,23,23,heuristic,12,800,0.1,800,419,411,8,426,204,67,19,48,48,0,0,0.2835820895522388,0.7164179104477612,0.5325,0.51375,0.255,0.631578947368421,0.0,5.0,5.0,,False,12,1.0,11,0.028074625188310165,0.06315789473684211,0.5,
normal,23,23,adaptive,12,800,0.1,800,365,354,11,366,85,67,31,36,36,0,0,0.4626865671641791,0.5373134328358209,0.4575,0.4425,0.10625,3.806451612903226,3.0,16.0,5.0,,False,12,1.0,11,5.5663906250629225,0.3806451612903226,0.5,
normal,24,24,sequential,12,800,0.1,800,74,56,18,58,0,60,32,28,26,2,0,0.5333333333333333,0.4666666666666667,0.0725,0.07,0.0,4.875,5.0,11.0,5.0,,False,12,1.0,11,0.0013864992797607556,0.48750000000000004,0.5,
normal,24,24,random,12,800,0.1,800,71,53,18,54,236,60,26,34,34,0,0,0.43333333333333335,0.5666666666666667,0.0675,0.06625,0.295,5.038461538461538,5.0,21.0,2.0,,False,12,1.0,39,0.016730500356061384,0.5038461538461538,0.2,
normal,24,24,heuristic,12,800,0.1,800,214,200,14,203,397,60,23,37,37,0,0,0.38333333333333336,0.6166666666666667,0.25375,0.25,0.49625,1.391304347826087,0.0,27.0,5.0,,False,12,1.0,11,0.0291491251118714,0.1391304347826087,0.5,
normal,24,24,adaptive,12,800,0.1,800,321,312,9,318,105,60,29,31,31,0,0,0.48333333333333334,0.5166666666666667,0.3975,0.39,0.13125,3.1379310344827585,2.0,17.0,5.0,,False,12,1.0,11,5.7682747499711695,0.3137931034482759,0.5,
normal,25,25,sequential,12,800,0.1,800,73,56,17,58,0,52,35,17,16,1,0,0.6730769230769231,0.3269230769230769,0.0725,0.07,0.0,4.828571428571428,5.0,17.0,5.0,,False,12,1.0,11,0.0015656246250728145,0.4828571428571429,0.5,
normal,25,25,random,12,800,0.1,800,64,48,16,49,219,52,25,27,26,1,0,0.4807692307692308,0.5192307692307693,0.06125,0.06,0.27375,6.2,4.0,25.0,15.0,,False,12,1.0,28,0.015275873920472804,0.6200000000000001,1.5,
normal,25,25,heuristic,12,800,0.1,800,226,212,14,222,386,52,22,30,30,0,0,0.4230769230769231,0.5769230769230769,0.2775,0.265,0.4825,1.3181818181818181,0.0,18.0,6.0,,False,12,1.0,12,0.029380749801930506,0.1318181818181818,0.6000000000000001,
normal,25,25,adaptive,12,800,0.1,800,279,268,11,275,110,52,24,28,28,0,0,0.46153846153846156,0.5384615384615384,0.34375,0.335,0.1375,3.5833333333333335,2.0,13.0,5.0,,False,12,1.0,11,5.732299249357311,0.3583333333333334,0.5,
normal,26,26,sequential,12,800,0.1,800,82,61,21,63,0,67,40,27,26,1,0,0.5970149253731343,0.40298507462686567,0.07875,0.07625,0.0,5.05,5.0,17.0,5.0,,False,12,1.0,11,0.001618124297237955,0.505,0.5,
normal,26,26,random,12,800,0.1,800,69,58,11,60,238,67,34,33,32,1,0,0.5074626865671642,0.4925373134328358,0.075,0.0725,0.2975,3.6176470588235294,2.0,20.0,1.0,,False,12,1.0,28,0.014968374889576808,0.361764705882353,0.1,
normal,26,26,heuristic,12,800,0.1,800,313,305,8,316,301,67,22,45,45,0,0,0.3283582089552239,0.6716417910447762,0.395,0.38125,0.37625,1.0454545454545454,0.0,8.0,5.0,,False,12,1.0,11,0.02968837525259005,0.10454545454545455,0.5,
normal,26,26,adaptive,12,800,0.1,800,343,331,12,345,105,67,35,32,32,0,1,0.5223880597014925,0.47761194029850745,0.43125,0.41375,0.13125,2.6857142857142855,2.0,10.0,5.0,,False,12,1.0,11,5.939816249556316,0.26857142857142857,0.5,
normal,27,27,sequential,12,800,0.1,800,92,68,24,69,0,58,39,19,19,0,1,0.6724137931034483,0.3275862068965517,0.08625,0.085,0.0,3.5641025641025643,3.0,11.0,2.0,,False,12,1.0,11,0.0016579998191446066,0.3564102564102565,0.2,
normal,27,27,random,12,800,0.1,800,61,43,18,46,236,58,25,33,31,2,1,0.43103448275862066,0.5689655172413793,0.0575,0.05375,0.295,4.84,2.0,43.0,2.0,,False,12,1.0,36,0.016152500538737513,0.484,0.2,
normal,27,27,heuristic,12,800,0.1,800,370,359,11,365,244,58,20,38,38,0,0,0.3448275862068966,0.6551724137931034,0.45625,0.44875,0.305,0.9,0.0,11.0,2.0,,False,12,1.0,11,0.026266875793226063,0.09000000000000001,0.2,
normal,27,27,adaptive,12,800,0.1,800,339,321,18,332,114,58,29,29,29,0,1,0.5,0.5,0.415,0.40125,0.1425,3.0689655172413794,2.0,20.0,2.0,,False,12,1.0,11,5.6860086255619535,0.306896551724138,0.2,
normal,28,28,sequential,12,800,0.1,800,84,61,23,63,0,71,36,35,34,1,0,0.5070422535211268,0.49295774647887325,0.07875,0.07625,0.0,3.361111111111111,3.0,11.0,2.0,,False,12,1.0,11,0.001476749894209206,0.33611111111111114,0.2,
normal,28,28,random,12,800,0.1,800,71,57,14,59,252,71,29,42,42,0,0,0.4084507042253521,0.5915492957746479,0.07375,0.07125,0.315,3.0689655172413794,2.0,15.0,2.0,,False,12,1.0,24,0.014692375079903286,0.306896551724138,0.2,
normal,28,28,heuristic,12,800,0.1,800,330,315,15,324,260,71,23,48,48,0,0,0.323943661971831,0.676056338028169,0.405,0.39375,0.325,2.608695652173913,1.0,23.0,2.0,,False,12,1.0,13,0.026076499780174345,0.2608695652173913,0.2,
normal,28,28,adaptive,12,800,0.1,800,316,307,9,317,100,71,33,38,38,0,0,0.4647887323943662,0.5352112676056338,0.39625,0.38375,0.125,2.878787878787879,2.0,12.0,2.0,,False,12,1.0,11,5.65486824940308,0.2878787878787879,0.2,
normal,29,29,sequential,12,800,0.1,800,88,68,20,70,0,57,39,18,18,0,0,0.6842105263157895,0.3157894736842105,0.0875,0.085,0.0,4.17948717948718,4.0,11.0,5.0,,False,12,1.0,11,0.00153700057126116,0.417948717948718,0.5,
normal,29,29,random,12,800,0.1,800,72,56,16,58,234,57,26,31,31,0,0,0.45614035087719296,0.543859649122807,0.0725,0.07,0.2925,5.653846153846154,2.5,37.0,12.0,,False,12,1.0,44,0.015933000686345622,0.5653846153846155,1.2000000000000002,
normal,29,29,heuristic,12,800,0.1,800,233,216,17,226,378,57,27,30,29,1,0,0.47368421052631576,0.5263157894736842,0.2825,0.27,0.4725,2.3333333333333335,0.0,33.0,8.0,,False,12,1.0,12,0.02755612487817416,0.23333333333333336,0.8,
normal,29,29,adaptive,12,800,0.1,800,349,337,12,352,84,57,24,33,33,0,1,0.42105263157894735,0.5789473684210527,0.44,0.42125,0.105,3.2916666666666665,2.0,11.0,5.0,,False,12,1.0,11,5.644445375946816,0.32916666666666666,0.5,
high_activity,0,0,sequential,12,800,0.1,800,312,297,15,305,0,207,128,79,77,2,1,0.6183574879227053,0.38164251207729466,0.38125,0.37125,0.0,4.8671875,4.0,20.0,0.0,,False,12,1.0,11,0.001434375844837632,0.48671875000000003,0.0,
high_activity,0,0,random,12,800,0.1,800,316,301,15,315,138,207,121,86,85,1,1,0.5845410628019324,0.41545893719806765,0.39375,0.37625,0.1725,5.9421487603305785,5.0,21.0,2.0,,False,12,1.0,38,0.0144228755380027,0.5942148760330579,0.2,
high_activity,0,0,heuristic,12,800,0.1,800,620,615,5,637,49,207,38,169,167,2,3,0.18357487922705315,0.8164251207729468,0.79625,0.76875,0.06125,5.368421052631579,1.0,43.0,0.0,,False,12,1.0,14,0.026407249679323286,0.5368421052631579,0.0,
high_activity,0,0,adaptive,12,800,0.1,800,577,570,7,583,4,207,76,131,131,0,2,0.3671497584541063,0.6328502415458938,0.72875,0.7125,0.005,9.828947368421053,5.0,34.0,0.0,,False,12,1.0,11,5.553254500191542,0.9828947368421054,0.0,
high_activity,1,1,sequential,12,800,0.1,800,319,309,10,321,0,189,126,63,61,2,2,0.6666666666666666,0.3333333333333333,0.40125,0.38625,0.0,4.563492063492063,4.0,23.0,0.0,,False,12,1.0,11,0.0014783746519242413,0.45634920634920634,0.0,
high_activity,1,1,random,12,800,0.1,800,327,318,9,328,159,189,112,77,76,1,2,0.5925925925925926,0.4074074074074074,0.41,0.3975,0.19875,6.071428571428571,3.0,35.0,1.0,,False,12,1.0,48,0.015316249919123946,0.6071428571428572,0.1,
high_activity,1,1,heuristic,12,800,0.1,800,646,645,1,665,34,189,38,151,150,1,3,0.20105820105820105,0.798941798941799,0.83125,0.80625,0.0425,14.157894736842104,7.0,72.0,0.0,,False,12,1.0,11,0.02604599947517272,1.4157894736842105,0.0,
high_activity,1,1,adaptive,12,800,0.1,800,574,571,3,590,1,189,78,111,109,2,2,0.4126984126984127,0.5873015873015873,0.7375,0.71375,0.00125,12.705128205128204,11.0,35.0,0.0,,False,12,1.0,11,5.512332000325841,1.2705128205128204,0.0,
high_activity,2,2,sequential,12,800,0.1,800,314,301,13,312,0,214,133,81,79,2,1,0.6214953271028038,0.37850467289719625,0.39,0.37625,0.0,4.451127819548872,4.0,21.0,0.0,,False,12,1.0,11,0.0013185003263060935,0.44511278195488724,0.0,
high_activity,2,2,random,12,800,0.1,800,305,293,12,304,157,214,116,98,98,0,2,0.5420560747663551,0.45794392523364486,0.38,0.36625,0.19625,6.5,4.0,31.0,0.0,,False,12,1.0,16,0.014769249573873822,0.65,0.0,
high_activity,2,2,heuristic,12,800,0.1,800,677,672,5,692,19,214,36,178,177,1,4,0.16822429906542055,0.8317757009345794,0.865,0.84,0.02375,9.5,6.5,36.0,0.0,,False,12,1.0,11,0.026405874159536324,0.9500000000000001,0.0,
high_activity,2,2,adaptive,12,800,0.1,800,573,571,2,582,1,214,83,131,131,0,3,0.3878504672897196,0.6121495327102804,0.7275,0.71375,0.00125,11.240963855421686,7.0,35.0,0.0,,False,12,1.0,11,5.644617624493549,1.1240963855421686,0.0,
high_activity,3,3,sequential,12,800,0.1,800,315,305,10,318,0,197,136,61,59,2,0,0.6903553299492385,0.3096446700507614,0.3975,0.38125,0.0,5.036764705882353,5.0,20.0,1.0,,False,12,1.0,11,0.0015412500579259358,0.5036764705882354,0.1,
high_activity,3,3,random,12,800,0.1,800,298,289,9,297,160,197,113,84,84,0,0,0.5736040609137056,0.4263959390862944,0.37125,0.36125,0.2,6.221238938053097,4.0,31.0,1.0,,False,12,1.0,31,0.016379999578930438,0.6221238938053097,0.1,
high_activity,3,3,heuristic,12,800,0.1,800,627,627,0,650,39,197,39,158,157,1,1,0.19796954314720813,0.8020304568527918,0.8125,0.78375,0.04875,15.923076923076923,2.0,258.0,2.0,,False,12,1.0,12,0.025980624996009283,1.5923076923076924,0.2,
high_activity,3,3,adaptive,12,800,0.1,800,575,567,8,581,0,197,76,121,119,2,2,0.38578680203045684,0.6142131979695431,0.72625,0.70875,0.0,12.223684210526315,9.0,38.0,1.0,,False,12,1.0,11,5.599060749518685,1.2223684210526315,0.1,
high_activity,4,4,sequential,12,800,0.1,800,313,296,17,307,0,204,134,70,68,2,0,0.6568627450980392,0.3431372549019608,0.38375,0.37,0.0,4.7164179104477615,4.0,18.0,0.0,,False,12,1.0,11,0.0015311249444494024,0.47164179104477616,0.0,
high_activity,4,4,random,12,800,0.1,800,313,297,16,308,144,204,114,90,88,2,0,0.5588235294117647,0.4411764705882353,0.385,0.37125,0.18,5.631578947368421,4.0,26.0,0.0,,False,12,1.0,26,0.016447124908154365,0.5631578947368422,0.0,
high_activity,4,4,heuristic,12,800,0.1,800,629,625,4,644,37,204,43,161,160,1,3,0.2107843137254902,0.7892156862745098,0.805,0.78125,0.04625,8.790697674418604,3.0,49.0,0.0,,False,12,1.0,11,0.028883000413770787,0.8790697674418605,0.0,
high_activity,4,4,adaptive,12,800,0.1,800,575,568,7,587,0,204,94,110,110,0,2,0.46078431372549017,0.5392156862745098,0.73375,0.71,0.0,11.23404255319149,6.0,35.0,0.0,,False,12,1.0,11,5.525630999763962,1.123404255319149,0.0,
high_activity,5,5,sequential,12,800,0.1,800,301,290,11,296,0,190,133,57,56,1,0,0.7,0.3,0.37,0.3625,0.0,4.924812030075188,5.0,19.0,0.0,,False,12,1.0,11,0.0013595001655630767,0.4924812030075188,0.0,
high_activity,5,5,random,12,800,0.1,800,313,305,8,311,136,190,121,69,69,0,1,0.6368421052631579,0.3631578947368421,0.38875,0.38125,0.17,5.669421487603306,3.0,26.0,0.0,,False,12,1.0,29,0.017021749772538897,0.5669421487603307,0.0,
high_activity,5,5,heuristic,12,800,0.1,800,648,644,4,669,29,190,34,156,156,0,2,0.17894736842105263,0.8210526315789474,0.83625,0.805,0.03625,8.970588235294118,2.5,44.0,0.0,,False,12,1.0,14,0.0266336249478627,0.8970588235294118,0.0,
high_activity,5,5,adaptive,12,800,0.1,800,564,559,5,580,0,190,79,111,111,0,1,0.41578947368421054,0.5842105263157895,0.725,0.69875,0.0,11.354430379746836,7.0,35.0,0.0,,False,12,1.0,11,5.574261749898142,1.1354430379746836,0.0,
high_activity,6,6,sequential,12,800,0.1,800,310,301,9,310,0,186,126,60,60,0,3,0.6774193548387096,0.3225806451612903,0.3875,0.37625,0.0,5.492063492063492,5.0,22.0,1.0,,False,12,1.0,11,0.0015730002269265242,0.5492063492063493,0.1,
high_activity,6,6,random,12,800,0.1,800,328,314,14,320,149,186,108,78,78,0,2,0.5806451612903226,0.41935483870967744,0.4,0.3925,0.18625,7.268518518518518,5.0,31.0,1.0,,False,12,1.0,22,0.016998000464809593,0.7268518518518519,0.1,
high_activity,6,6,heuristic,12,800,0.1,800,616,612,4,629,50,186,35,151,150,1,4,0.1881720430107527,0.8118279569892473,0.78625,0.765,0.0625,12.4,7.0,90.0,1.0,,False,12,1.0,12,0.026342499695601873,1.2400000000000002,0.1,
high_activity,6,6,adaptive,12,800,0.1,800,583,579,4,593,0,186,90,96,96,0,4,0.4838709677419355,0.5161290322580645,0.74125,0.72375,0.0,12.9,12.0,36.0,1.0,,False,12,1.0,11,5.693710499872395,1.29,0.1,
high_activity,7,7,sequential,12,800,0.1,800,313,302,11,312,0,221,139,82,79,3,2,0.6289592760180995,0.37104072398190047,0.39,0.3775,0.0,4.741007194244604,4.0,19.0,1.0,,False,12,1.0,11,0.0015762490875204094,0.4741007194244604,0.1,
high_activity,7,7,random,12,800,0.1,800,308,288,20,300,156,221,119,102,102,0,1,0.5384615384615384,0.46153846153846156,0.375,0.36,0.195,6.176470588235294,4.0,56.0,2.0,,False,12,1.0,22,0.015143250639084727,0.6176470588235294,0.2,
high_activity,7,7,heuristic,12,800,0.1,800,652,650,2,674,8,221,48,173,172,1,2,0.2171945701357466,0.7828054298642534,0.8425,0.8125,0.01,7.354166666666667,1.0,67.0,1.0,,False,12,1.0,12,0.028867375112895388,0.7354166666666667,0.1,
high_activity,7,7,adaptive,12,800,0.1,800,575,571,4,590,1,221,82,139,139,0,2,0.37104072398190047,0.6289592760180995,0.7375,0.71375,0.00125,10.963414634146341,8.0,36.0,1.0,,False,12,1.0,11,5.579953249907703,1.0963414634146342,0.1,
high_activity,8,8,sequential,12,800,0.1,800,318,311,7,320,0,213,140,73,72,1,0,0.6572769953051644,0.3427230046948357,0.4,0.38875,0.0,5.142857142857143,5.0,32.0,1.0,,False,12,1.0,11,0.0013967493941891007,0.5142857142857143,0.1,
high_activity,8,8,random,12,800,0.1,800,324,313,11,323,163,213,111,102,100,2,0,0.5211267605633803,0.4788732394366197,0.40375,0.39125,0.20375,5.261261261261262,3.0,31.0,0.0,,False,12,1.0,17,0.016011250227165874,0.5261261261261262,0.0,
high_activity,8,8,heuristic,12,800,0.1,800,660,657,3,671,18,213,40,173,173,0,2,0.18779342723004694,0.812206572769953,0.83875,0.82125,0.0225,12.55,4.0,77.0,1.0,,False,12,1.0,11,0.02882787517592078,1.2550000000000001,0.1,
high_activity,8,8,adaptive,12,800,0.1,800,575,572,3,586,0,213,85,128,128,0,1,0.39906103286384975,0.6009389671361502,0.7325,0.715,0.0,12.729411764705882,8.0,35.0,1.0,,False,12,1.0,11,5.545378999304376,1.2729411764705882,0.1,
high_activity,9,9,sequential,12,800,0.1,800,313,306,7,308,0,188,126,62,62,0,1,0.6702127659574468,0.32978723404255317,0.385,0.3825,0.0,4.5,4.0,11.0,0.0,,False,12,1.0,11,0.0013803747424390167,0.45,0.0,
high_activity,9,9,random,12,800,0.1,800,332,323,9,328,142,188,103,85,84,1,0,0.5478723404255319,0.4521276595744681,0.41,0.40375,0.1775,6.679611650485437,4.0,52.0,1.0,,False,12,1.0,46,0.01704187430732418,0.6679611650485437,0.1,
high_activity,9,9,heuristic,12,800,0.1,800,591,583,8,602,42,188,53,135,135,0,4,0.28191489361702127,0.7180851063829787,0.7525,0.72875,0.0525,12.660377358490566,3.0,123.0,0.0,,False,12,1.0,13,0.026559000216366258,1.2660377358490567,0.0,
high_activity,9,9,adaptive,12,800,0.1,800,572,569,3,591,1,188,87,101,100,1,1,0.4627659574468085,0.5372340425531915,0.73875,0.71125,0.00125,11.482758620689655,8.0,34.0,0.0,,False,12,1.0,11,5.796386124347919,1.1482758620689655,0.0,
high_activity,10,10,sequential,12,800,0.1,800,313,302,11,309,0,209,136,73,71,2,0,0.6507177033492823,0.3492822966507177,0.38625,0.3775,0.0,4.882352941176471,5.0,11.0,0.0,,False,12,1.0,11,0.0013474990919348784,0.4882352941176471,0.0,
high_activity,10,10,random,12,800,0.1,800,319,306,13,315,133,209,121,88,85,3,0,0.5789473684210527,0.42105263157894735,0.39375,0.3825,0.16625,5.950413223140496,3.0,48.0,1.0,,False,12,1.0,44,0.014120374435151462,0.5950413223140496,0.1,
high_activity,10,10,heuristic,12,800,0.1,800,670,669,1,680,15,209,46,163,163,0,2,0.22009569377990432,0.7799043062200957,0.85,0.83625,0.01875,15.91304347826087,4.0,149.0,0.0,,False,12,1.0,11,0.028034249480697326,1.591304347826087,0.0,
high_activity,10,10,adaptive,12,800,0.1,800,583,578,5,592,0,209,92,117,115,2,0,0.44019138755980863,0.5598086124401914,0.74,0.7225,0.0,9.880434782608695,5.0,35.0,0.0,,False,12,1.0,11,5.722127875087608,0.9880434782608696,0.0,
high_activity,11,11,sequential,12,800,0.1,800,296,290,6,303,0,199,124,75,74,1,0,0.6231155778894473,0.3768844221105528,0.37875,0.3625,0.0,4.919354838709677,4.0,23.0,0.0,,False,12,1.0,11,0.0014792500951443799,0.49193548387096775,0.0,
high_activity,11,11,random,12,800,0.1,800,337,326,11,337,127,199,115,84,83,1,0,0.5778894472361809,0.4221105527638191,0.42125,0.4075,0.15875,6.0,3.0,39.0,0.0,,False,12,1.0,32,0.014955499937059358,0.6000000000000001,0.0,
high_activity,11,11,heuristic,12,800,0.1,800,657,656,1,677,18,199,42,157,156,1,2,0.21105527638190955,0.7889447236180904,0.84625,0.82,0.0225,10.476190476190476,6.0,55.0,0.0,,False,12,1.0,12,0.026620625976647716,1.0476190476190477,0.0,
high_activity,11,11,adaptive,12,800,0.1,800,571,567,4,588,0,199,82,117,116,1,1,0.4120603015075377,0.5879396984924623,0.735,0.70875,0.0,12.475609756097562,11.0,34.0,0.0,,False,12,1.0,11,5.699707249914354,1.2475609756097563,0.0,
high_activity,12,12,sequential,12,800,0.1,800,297,288,9,296,0,199,130,69,68,1,2,0.6532663316582915,0.34673366834170855,0.37,0.36,0.0,4.838461538461538,4.0,18.0,0.0,,False,12,1.0,11,0.0015358748350990936,0.4838461538461538,0.0,
high_activity,12,12,random,12,800,0.1,800,310,300,10,308,143,199,109,90,90,0,2,0.5477386934673367,0.45226130653266333,0.385,0.375,0.17875,6.486238532110092,5.0,35.0,1.0,,False,12,1.0,20,0.016962750305538066,0.6486238532110092,0.1,
high_activity,12,12,heuristic,12,800,0.1,800,636,632,4,657,27,199,46,153,151,2,2,0.23115577889447236,0.7688442211055276,0.82125,0.79,0.03375,10.456521739130435,3.0,104.0,0.0,,False,12,1.0,12,0.030447624485532288,1.0456521739130435,0.0,
high_activity,12,12,adaptive,12,800,0.1,800,576,573,3,586,2,199,77,122,121,1,3,0.3869346733668342,0.6130653266331658,0.7325,0.71625,0.0025,9.480519480519481,6.0,35.0,0.0,,False,12,1.0,11,5.7273908750357805,0.9480519480519481,0.0,
high_activity,13,13,sequential,12,800,0.1,800,312,296,16,302,0,199,126,73,71,2,0,0.6331658291457286,0.36683417085427134,0.3775,0.37,0.0,5.126984126984127,5.0,23.0,1.0,,False,12,1.0,11,0.0014076250954531133,0.5126984126984128,0.1,
high_activity,13,13,random,12,800,0.1,800,320,304,16,309,157,199,114,85,84,1,1,0.5728643216080402,0.4271356783919598,0.38625,0.38,0.19625,6.052631578947368,4.0,33.0,0.0,,False,12,1.0,33,0.01484674994571833,0.6052631578947368,0.0,
high_activity,13,13,heuristic,12,800,0.1,800,668,666,2,687,21,199,36,163,163,0,0,0.18090452261306533,0.8190954773869347,0.85875,0.8325,0.02625,11.083333333333334,3.0,82.0,1.0,,False,12,1.0,12,0.02777912435703911,1.1083333333333334,0.1,
high_activity,13,13,adaptive,12,800,0.1,800,581,572,9,587,0,199,86,113,113,0,0,0.4321608040201005,0.5678391959798995,0.73375,0.715,0.0,11.13953488372093,8.0,35.0,1.0,,False,12,1.0,11,5.623389126012626,1.1139534883720932,0.1,
high_activity,14,14,sequential,12,800,0.1,800,303,299,4,307,0,211,133,78,78,0,0,0.6303317535545023,0.3696682464454976,0.38375,0.37375,0.0,5.015037593984962,5.0,23.0,0.0,,False,12,1.0,11,0.0014223756079445593,0.5015037593984962,0.0,
high_activity,14,14,random,12,800,0.1,800,298,288,10,300,171,211,109,102,100,2,0,0.5165876777251185,0.4834123222748815,0.375,0.36,0.21375,6.715596330275229,4.0,37.0,0.0,,False,12,1.0,39,0.014851374544377904,0.671559633027523,0.0,
high_activity,14,14,heuristic,12,800,0.1,800,622,620,2,641,39,211,45,166,166,0,2,0.2132701421800948,0.7867298578199052,0.80125,0.775,0.04875,15.933333333333334,7.0,122.0,0.0,,False,12,1.0,12,0.029153624273021705,1.5933333333333335,0.0,
high_activity,14,14,adaptive,12,800,0.1,800,567,561,6,588,2,211,82,129,129,0,2,0.3886255924170616,0.6113744075829384,0.735,0.70125,0.0025,10.634146341463415,6.0,35.0,0.0,,False,12,1.0,11,5.5843773753076675,1.0634146341463415,0.0,
high_activity,15,15,sequential,12,800,0.1,800,313,308,5,316,0,188,124,64,62,2,1,0.6595744680851063,0.3404255319148936,0.395,0.385,0.0,4.75,5.0,18.0,1.0,,False,12,1.0,11,0.0014784995437366888,0.47500000000000003,0.1,
high_activity,15,15,random,12,800,0.1,800,299,292,7,302,167,188,107,81,80,1,1,0.5691489361702128,0.4308510638297872,0.3775,0.365,0.20875,7.420560747663552,4.0,51.0,0.0,,False,12,1.0,38,0.015000499915913679,0.7420560747663552,0.0,
high_activity,15,15,heuristic,12,800,0.1,800,621,619,2,634,37,188,44,144,143,1,2,0.23404255319148937,0.7659574468085106,0.7925,0.77375,0.04625,9.431818181818182,1.0,92.0,1.0,,False,12,1.0,11,0.02894012453907635,0.9431818181818182,0.1,
high_activity,15,15,adaptive,12,800,0.1,800,592,588,4,598,1,188,78,110,108,2,2,0.4148936170212766,0.5851063829787234,0.7475,0.735,0.00125,10.923076923076923,7.0,35.0,1.0,,False,12,1.0,11,5.691180750400235,1.0923076923076924,0.1,
high_activity,16,16,sequential,12,800,0.1,800,308,291,17,304,0,203,130,73,71,2,1,0.6403940886699507,0.35960591133004927,0.38,0.36375,0.0,5.015384615384615,4.0,23.0,0.0,,False,12,1.0,11,0.0014232499597710557,0.5015384615384616,0.0,
high_activity,16,16,random,12,800,0.1,800,316,305,11,325,147,203,105,98,94,4,1,0.5172413793103449,0.4827586206896552,0.40625,0.38125,0.18375,6.171428571428572,4.0,41.0,6.0,,False,12,1.0,29,0.0157216258594417,0.6171428571428572,0.6000000000000001,
high_activity,16,16,heuristic,12,800,0.1,800,632,625,7,641,37,203,39,164,163,1,3,0.1921182266009852,0.8078817733990148,0.80125,0.78125,0.04625,13.538461538461538,2.0,118.0,0.0,,False,12,1.0,12,0.031149125497904606,1.353846153846154,0.0,
high_activity,16,16,adaptive,12,800,0.1,800,578,569,9,592,2,203,79,124,122,2,2,0.3891625615763547,0.6108374384236454,0.74,0.71125,0.0025,11.050632911392405,7.0,36.0,0.0,,False,12,1.0,11,5.776058625087899,1.1050632911392406,0.0,
high_activity,17,17,sequential,12,800,0.1,800,301,293,8,304,0,218,132,86,84,2,2,0.6055045871559633,0.3944954128440367,0.38,0.36625,0.0,5.143939393939394,5.0,21.0,0.0,,False,12,1.0,11,0.0016077503823908046,0.5143939393939394,0.0,
high_activity,17,17,random,12,800,0.1,800,296,287,9,298,162,218,109,109,109,0,2,0.5,0.5,0.3725,0.35875,0.2025,5.2110091743119265,3.0,22.0,0.0,,False,12,1.0,27,0.015249625066644512,0.5211009174311927,0.0,
high_activity,17,17,heuristic,12,800,0.1,800,626,620,6,640,27,218,46,172,172,0,3,0.21100917431192662,0.7889908256880734,0.8,0.775,0.03375,10.717391304347826,4.0,110.0,0.0,,False,12,1.0,13,0.029765749895886984,1.0717391304347827,0.0,
high_activity,17,17,adaptive,12,800,0.1,800,576,573,3,590,0,218,84,134,134,0,2,0.3853211009174312,0.6146788990825688,0.7375,0.71625,0.0,11.857142857142858,8.0,35.0,0.0,,False,12,1.0,11,6.470081125044089,1.1857142857142857,0.0,
high_activity,18,18,sequential,12,800,0.1,800,315,306,9,312,0,186,130,56,56,0,2,0.6989247311827957,0.3010752688172043,0.39,0.3825,0.0,5.046153846153846,5.0,15.0,0.0,,False,12,1.0,11,0.0017446248602936976,0.5046153846153846,0.0,
high_activity,18,18,random,12,800,0.1,800,304,298,6,311,159,186,108,78,75,3,2,0.5806451612903226,0.41935483870967744,0.38875,0.3725,0.19875,6.564814814814815,5.0,28.0,0.0,,False,12,1.0,19,0.018595500841911417,0.6564814814814816,0.0,
high_activity,18,18,heuristic,12,800,0.1,800,660,656,4,679,25,186,42,144,144,0,1,0.22580645161290322,0.7741935483870968,0.84875,0.82,0.03125,13.785714285714286,4.5,125.0,0.0,,False,12,1.0,11,0.030070750326558482,1.3785714285714288,0.0,
high_activity,18,18,adaptive,12,800,0.1,800,575,572,3,591,0,186,87,99,99,0,2,0.46774193548387094,0.532258064516129,0.73875,0.715,0.0,11.011494252873563,7.0,35.0,0.0,,False,12,1.0,11,6.225636750423291,1.1011494252873564,0.0,
high_activity,19,19,sequential,12,800,0.1,800,308,299,9,309,0,200,128,72,67,5,2,0.64,0.36,0.38625,0.37375,0.0,4.8046875,5.0,11.0,0.0,,False,12,1.0,11,0.0018445002933731303,0.48046875,0.0,
high_activity,19,19,random,12,800,0.1,800,328,318,10,324,138,200,112,88,88,0,2,0.56,0.44,0.405,0.3975,0.1725,6.25,3.0,77.0,5.0,,False,12,1.0,43,0.016815875205793418,0.625,0.5,
high_activity,19,19,heuristic,12,800,0.1,800,710,710,0,725,9,200,35,165,165,0,3,0.175,0.825,0.90625,0.8875,0.01125,9.2,4.0,49.0,0.0,,False,12,1.0,11,0.02918899954238441,0.9199999999999999,0.0,
high_activity,19,19,adaptive,12,800,0.1,800,584,575,9,588,0,200,73,127,127,0,3,0.365,0.635,0.735,0.71875,0.0,12.342465753424657,9.0,35.0,0.0,,False,12,1.0,11,6.029040625326161,1.2342465753424658,0.0,
high_activity,20,20,sequential,12,800,0.1,800,296,286,10,298,0,206,136,70,67,3,0,0.6601941747572816,0.33980582524271846,0.3725,0.3575,0.0,4.867647058823529,4.0,24.0,1.0,,False,12,1.0,11,0.0017039996964740567,0.48676470588235293,0.1,
high_activity,20,20,random,12,800,0.1,800,295,283,12,294,162,206,114,92,89,3,0,0.5533980582524272,0.44660194174757284,0.3675,0.35375,0.2025,7.43859649122807,5.0,38.0,1.0,,False,12,1.0,31,0.016635374922771007,0.7438596491228071,0.1,
high_activity,20,20,heuristic,12,800,0.1,800,630,625,5,644,40,206,35,171,168,3,2,0.16990291262135923,0.8300970873786407,0.805,0.78125,0.05,9.971428571428572,1.0,137.0,1.0,,False,12,1.0,14,0.028956875939911697,0.9971428571428572,0.1,
high_activity,20,20,adaptive,12,800,0.1,800,562,558,4,575,4,206,85,121,120,1,2,0.41262135922330095,0.587378640776699,0.71875,0.6975,0.005,12.505882352941176,11.0,38.0,1.0,,False,12,1.0,11,5.700839750061277,1.2505882352941178,0.1,
high_activity,21,21,sequential,12,800,0.1,800,310,296,14,309,0,208,137,71,71,0,0,0.6586538461538461,0.34134615384615385,0.38625,0.37,0.0,4.970802919708029,5.0,19.0,1.0,,False,12,1.0,11,0.0013802499597659335,0.4970802919708029,0.1,
high_activity,21,21,random,12,800,0.1,800,301,290,11,297,153,208,119,89,89,0,1,0.5721153846153846,0.42788461538461536,0.37125,0.3625,0.19125,7.294117647058823,5.0,41.0,0.0,,False,12,1.0,42,0.01612262520211516,0.7294117647058824,0.0,
high_activity,21,21,heuristic,12,800,0.1,800,606,603,3,618,29,208,48,160,159,1,3,0.23076923076923078,0.7692307692307693,0.7725,0.75375,0.03625,11.125,2.5,79.0,1.0,,False,12,1.0,11,0.027162375045008957,1.1125,0.1,
high_activity,21,21,adaptive,12,800,0.1,800,573,567,6,583,0,208,86,122,121,1,3,0.41346153846153844,0.5865384615384616,0.72875,0.70875,0.0,11.825581395348838,8.0,47.0,1.0,,False,12,1.0,11,5.792227000456478,1.1825581395348839,0.1,
high_activity,22,22,sequential,12,800,0.1,800,312,303,9,314,0,206,127,79,75,4,1,0.616504854368932,0.38349514563106796,0.3925,0.37875,0.0,4.062992125984252,3.0,11.0,0.0,,False,12,1.0,11,0.0013851248149876483,0.4062992125984252,0.0,
high_activity,22,22,random,12,800,0.1,800,303,297,6,302,157,206,101,105,104,1,1,0.49029126213592233,0.5097087378640777,0.3775,0.37125,0.19625,5.544554455445544,3.0,39.0,5.0,,False,12,1.0,49,0.01546512488857843,0.5544554455445544,0.5,
high_activity,22,22,heuristic,12,800,0.1,800,633,629,4,645,20,206,55,151,151,0,3,0.2669902912621359,0.7330097087378641,0.80625,0.78625,0.025,10.4,2.0,64.0,0.0,,False,12,1.0,12,0.02681374960957328,1.04,0.0,
high_activity,22,22,adaptive,12,800,0.1,800,575,570,5,588,1,206,88,118,116,2,2,0.42718446601941745,0.5728155339805825,0.735,0.7125,0.00125,11.363636363636363,7.5,35.0,0.0,,False,12,1.0,11,6.020475875484408,1.1363636363636365,0.0,
high_activity,23,23,sequential,12,800,0.1,800,308,301,7,309,0,208,128,80,76,4,0,0.6153846153846154,0.38461538461538464,0.38625,0.37625,0.0,4.1796875,4.0,11.0,0.0,,False,12,1.0,11,0.0016684996444382705,0.41796875,0.0,
high_activity,23,23,random,12,800,0.1,800,315,305,10,313,144,208,107,101,100,1,1,0.5144230769230769,0.4855769230769231,0.39125,0.38125,0.18,6.289719626168225,4.0,37.0,0.0,,False,12,1.0,46,0.016661750378261786,0.6289719626168225,0.0,
high_activity,23,23,heuristic,12,800,0.1,800,676,674,2,694,22,208,41,167,165,2,1,0.1971153846153846,0.8028846153846154,0.8675,0.8425,0.0275,12.390243902439025,3.0,157.0,0.0,,False,12,1.0,11,0.028780249995179474,1.2390243902439027,0.0,
high_activity,23,23,adaptive,12,800,0.1,800,577,573,4,593,1,208,77,131,130,1,1,0.3701923076923077,0.6298076923076923,0.74125,0.71625,0.00125,9.974025974025974,6.0,38.0,0.0,,False,12,1.0,11,5.633007500473468,0.9974025974025974,0.0,
high_activity,24,24,sequential,12,800,0.1,800,310,294,16,303,0,196,115,81,79,2,0,0.5867346938775511,0.413265306122449,0.37875,0.3675,0.0,4.191304347826087,3.0,18.0,0.0,,False,12,1.0,11,0.0014486244253930636,0.4191304347826087,0.0,
high_activity,24,24,random,12,800,0.1,800,318,311,7,318,144,196,115,81,81,0,0,0.5867346938775511,0.413265306122449,0.3975,0.38875,0.18,5.660869565217391,3.0,27.0,1.0,,False,12,1.0,39,0.015365250328613909,0.5660869565217391,0.1,
high_activity,24,24,heuristic,12,800,0.1,800,599,597,2,617,57,196,37,159,156,3,2,0.18877551020408162,0.8112244897959183,0.77125,0.74625,0.07125,9.81081081081081,2.0,90.0,0.0,,False,12,1.0,11,0.027205500518903136,0.981081081081081,0.0,
high_activity,24,24,adaptive,12,800,0.1,800,575,568,7,586,2,196,81,115,114,1,1,0.413265306122449,0.5867346938775511,0.7325,0.71,0.0025,12.518518518518519,11.0,35.0,0.0,,False,12,1.0,11,5.690519750423846,1.251851851851852,0.0,
high_activity,25,25,sequential,12,800,0.1,800,302,293,9,306,0,212,126,86,81,5,0,0.5943396226415094,0.4056603773584906,0.3825,0.36625,0.0,4.563492063492063,4.0,12.0,0.0,,False,12,1.0,11,0.0013740006033913232,0.45634920634920634,0.0,
high_activity,25,25,random,12,800,0.1,800,312,306,6,315,131,212,115,97,94,3,1,0.5424528301886793,0.45754716981132076,0.39375,0.3825,0.16375,5.28695652173913,3.0,43.0,0.0,,False,12,1.0,28,0.015649500383005943,0.528695652173913,0.0,
high_activity,25,25,heuristic,12,800,0.1,800,643,639,4,655,45,212,37,175,173,2,3,0.17452830188679244,0.8254716981132075,0.81875,0.79875,0.05625,6.351351351351352,2.0,41.0,0.0,,False,12,1.0,12,0.026804250010172836,0.6351351351351352,0.0,
high_activity,25,25,adaptive,12,800,0.1,800,568,565,3,588,2,212,75,137,135,2,1,0.35377358490566035,0.6462264150943396,0.735,0.70625,0.0025,10.68,7.0,35.0,0.0,,False,12,1.0,11,4.684198000104516,1.068,0.0,
high_activity,26,26,sequential,12,800,0.1,800,316,308,8,316,0,196,134,62,60,2,0,0.6836734693877551,0.3163265306122449,0.395,0.385,0.0,4.388059701492537,4.0,19.0,0.0,,False,12,1.0,11,0.001286999395233579,0.4388059701492537,0.0,
high_activity,26,26,random,12,800,0.1,800,311,297,14,310,149,196,110,86,86,0,0,0.5612244897959183,0.4387755102040816,0.3875,0.37125,0.18625,6.127272727272727,4.0,35.0,0.0,,False,12,1.0,28,0.010878125322051346,0.6127272727272728,0.0,
high_activity,26,26,heuristic,12,800,0.1,800,645,641,4,669,26,196,40,156,155,1,2,0.20408163265306123,0.7959183673469388,0.83625,0.80125,0.0325,12.725,3.5,140.0,0.0,,False,12,1.0,11,0.017835500184446573,1.2725,0.0,
high_activity,26,26,adaptive,12,800,0.1,800,579,570,9,588,0,196,82,114,113,1,0,0.41836734693877553,0.5816326530612245,0.735,0.7125,0.0,10.707317073170731,8.5,34.0,0.0,,False,12,1.0,11,5.426472874023602,1.0707317073170732,0.0,
high_activity,27,27,sequential,12,800,0.1,800,319,302,17,307,0,207,134,73,70,3,0,0.6473429951690821,0.3526570048309179,0.38375,0.3775,0.0,4.604477611940299,4.0,12.0,0.0,,False,12,1.0,11,0.0014022492177900858,0.46044776119402986,0.0,
high_activity,27,27,random,12,800,0.1,800,302,292,10,298,148,207,116,91,91,0,0,0.5603864734299517,0.4396135265700483,0.3725,0.365,0.185,6.431034482758621,3.0,38.0,0.0,,False,12,1.0,36,0.014780000383325387,0.6431034482758622,0.0,
high_activity,27,27,heuristic,12,800,0.1,800,663,658,5,679,11,207,45,162,160,2,2,0.21739130434782608,0.782608695652174,0.84875,0.8225,0.01375,8.28888888888889,3.0,61.0,0.0,,False,12,1.0,11,0.0263602502309368,0.828888888888889,0.0,
high_activity,27,27,adaptive,12,800,0.1,800,582,575,7,588,1,207,81,126,125,1,1,0.391304347826087,0.6086956521739131,0.735,0.71875,0.00125,9.91358024691358,8.0,35.0,0.0,,False,12,1.0,11,5.549325749889249,0.9913580246913581,0.0,
high_activity,28,28,sequential,12,800,0.1,800,324,310,14,316,0,198,130,68,67,1,1,0.6565656565656566,0.3434343434343434,0.395,0.3875,0.0,4.4,4.0,11.0,0.0,,False,12,1.0,11,0.0013643751663039438,0.44000000000000006,0.0,
high_activity,28,28,random,12,800,0.1,800,313,308,5,314,160,198,113,85,84,1,1,0.5707070707070707,0.4292929292929293,0.3925,0.385,0.2,6.566371681415929,4.0,34.0,3.0,,False,12,1.0,24,0.017251249664695933,0.656637168141593,0.30000000000000004,
high_activity,28,28,heuristic,12,800,0.1,800,655,654,1,676,26,198,40,158,156,2,2,0.20202020202020202,0.797979797979798,0.845,0.8175,0.0325,9.35,3.5,80.0,0.0,,False,12,1.0,13,0.0272657502500806,0.935,0.0,
high_activity,28,28,adaptive,12,800,0.1,800,582,575,7,588,0,198,69,129,129,0,1,0.3484848484848485,0.6515151515151515,0.735,0.71875,0.0,11.246376811594203,8.0,33.0,0.0,,False,12,1.0,11,5.705537249887129,1.1246376811594203,0.0,
high_activity,29,29,sequential,12,800,0.1,800,317,303,14,311,0,210,138,72,70,2,1,0.6571428571428571,0.34285714285714286,0.38875,0.37875,0.0,3.9130434782608696,3.0,19.0,0.0,,False,12,1.0,11,0.001422250315954443,0.391304347826087,0.0,
high_activity,29,29,random,12,800,0.1,800,307,296,11,302,140,210,112,98,97,1,1,0.5333333333333333,0.4666666666666667,0.3775,0.37,0.175,6.169642857142857,4.0,35.0,0.0,,False,12,1.0,44,0.01605887446203269,0.6169642857142857,0.0,
high_activity,29,29,heuristic,12,800,0.1,800,658,656,2,672,34,210,30,180,180,0,1,0.14285714285714285,0.8571428571428571,0.84,0.82,0.0425,8.8,1.0,85.0,1.0,,False,12,1.0,12,0.02856662482372485,0.8800000000000001,0.1,
high_activity,29,29,adaptive,12,800,0.1,800,583,576,7,593,2,210,83,127,124,3,1,0.3952380952380952,0.6047619047619047,0.74125,0.72,0.0025,11.36144578313253,7.0,35.0,0.0,,False,12,1.0,11,5.692562125186669,1.1361445783132529,0.0,
bursty,0,0,sequential,12,800,0.1,800,53,42,11,43,0,205,42,163,162,1,1,0.2048780487804878,0.7951219512195122,0.05375,0.0525,0.0,1.1428571428571428,1.0,4.0,49.0,,False,12,1.0,11,0.0013622490223497152,0.11428571428571428,4.9,
bursty,0,0,random,12,800,0.1,800,50,35,15,35,230,205,30,175,175,0,1,0.14634146341463414,0.8536585365853658,0.04375,0.04375,0.2875,1.1666666666666667,1.0,7.0,19.0,,False,12,1.0,38,0.014888124642311595,0.11666666666666668,1.9000000000000001,
bursty,0,0,heuristic,12,800,0.1,800,84,67,17,69,412,205,36,169,169,0,1,0.17560975609756097,0.824390243902439,0.08625,0.08375,0.515,0.3611111111111111,0.0,5.0,62.0,,False,12,1.0,14,0.028328500484349206,0.036111111111111115,6.2,
bursty,0,0,adaptive,12,800,0.1,800,114,97,17,101,41,205,42,163,162,1,1,0.2048780487804878,0.7951219512195122,0.12625,0.12125,0.05125,0.8809523809523809,0.5,4.0,53.0,,False,12,1.0,11,5.533482124337752,0.0880952380952381,5.300000000000001,
bursty,1,1,sequential,12,800,0.1,800,52,34,18,36,0,191,33,158,156,2,0,0.17277486910994763,0.8272251308900523,0.045,0.0425,0.0,1.3333333333333333,0.0,6.0,27.0,,False,12,1.0,11,0.0013733747982769273,0.13333333333333333,2.7,
bursty,1,1,random,12,800,0.1,800,65,44,21,46,252,191,40,151,149,2,1,0.2094240837696335,0.7905759162303665,0.0575,0.055,0.315,0.775,0.0,5.0,7.0,,False,12,1.0,48,0.014849875078652985,0.07750000000000001,0.7000000000000001,
bursty,1,1,heuristic,12,800,0.1,800,90,79,11,81,452,191,32,159,159,0,1,0.16753926701570682,0.8324607329842932,0.10125,0.09875,0.565,0.53125,0.0,9.0,27.0,,False,12,1.0,11,0.026227249290968757,0.053125000000000006,2.7,
bursty,1,1,adaptive,12,800,0.1,800,119,104,15,107,47,191,42,149,149,0,1,0.2198952879581152,0.7801047120418848,0.13375,0.13,0.05875,1.380952380952381,1.0,7.0,31.0,,False,12,1.0,11,5.489533000472875,0.1380952380952381,3.1,
bursty,2,2,sequential,12,800,0.1,800,55,35,20,37,0,239,35,204,202,2,1,0.14644351464435146,0.8535564853556485,0.04625,0.04375,0.0,1.0285714285714285,1.0,5.0,5.0,,False,12,1.0,11,0.0015390002590720542,0.10285714285714286,0.5,
bursty,2,2,random,12,800,0.1,800,63,41,22,41,239,239,36,203,203,0,1,0.1506276150627615,0.8493723849372385,0.05125,0.05125,0.29875,1.0,0.0,4.0,9.0,,False,12,1.0,16,0.01818350032408489,0.1,0.9,
bursty,2,2,heuristic,12,800,0.1,800,102,88,14,91,427,239,40,199,199,0,1,0.16736401673640167,0.8326359832635983,0.11375,0.11,0.53375,0.025,0.0,1.0,5.0,,False,12,1.0,11,0.030908624939911537,0.0025000000000000005,0.5,
bursty,2,2,adaptive,12,800,0.1,800,69,56,13,57,28,239,31,208,208,0,1,0.1297071129707113,0.8702928870292888,0.07125,0.07,0.035,0.8709677419354839,0.0,6.0,5.0,,False,12,1.0,11,5.8635766254519694,0.08709677419354839,0.5,
bursty,3,3,sequential,12,800,0.1,800,61,42,19,43,0,210,42,168,167,1,2,0.2,0.8,0.05375,0.0525,0.0,1.8095238095238095,1.0,11.0,5.0,,False,12,1.0,11,0.0014668754010926932,0.18095238095238098,0.5,
bursty,3,3,random,12,800,0.1,800,63,43,20,44,234,210,41,169,169,0,1,0.19523809523809524,0.8047619047619048,0.055,0.05375,0.2925,0.975609756097561,0.0,6.0,12.0,,False,12,1.0,31,0.015570624891552145,0.0975609756097561,1.2000000000000002,
bursty,3,3,heuristic,12,800,0.1,800,102,85,17,86,458,210,36,174,174,0,2,0.17142857142857143,0.8285714285714286,0.1075,0.10625,0.5725,0.19444444444444445,0.0,2.0,6.0,,False,12,1.0,12,0.03056687521166168,0.019444444444444445,0.6000000000000001,
bursty,3,3,adaptive,12,800,0.1,800,142,128,14,132,49,210,51,159,158,1,1,0.24285714285714285,0.7571428571428571,0.165,0.16,0.06125,1.411764705882353,1.0,7.0,5.0,,False,12,1.0,11,5.616199375399447,0.14117647058823532,0.5,
bursty,4,4,sequential,12,800,0.1,800,63,44,19,45,0,207,44,163,162,1,0,0.21256038647342995,0.7874396135265701,0.05625,0.055,0.0,1.25,1.0,5.0,27.0,,False,12,1.0,11,0.0013851245603291318,0.125,2.7,
bursty,4,4,random,12,800,0.1,800,58,36,22,38,243,207,35,172,170,2,0,0.16908212560386474,0.8309178743961353,0.0475,0.045,0.30375,1.0857142857142856,1.0,3.0,6.0,,False,12,1.0,26,0.016757000375946518,0.10857142857142857,0.6000000000000001,
bursty,4,4,heuristic,12,800,0.1,800,111,92,19,93,416,207,36,171,171,0,0,0.17391304347826086,0.8260869565217391,0.11625,0.115,0.52,0.4444444444444444,0.0,3.0,28.0,,False,12,1.0,11,0.026858624696615152,0.044444444444444446,2.8000000000000003,
bursty,4,4,adaptive,12,800,0.1,800,121,107,14,110,56,207,40,167,167,0,0,0.1932367149758454,0.8067632850241546,0.1375,0.13375,0.07,1.375,1.0,9.0,27.0,,False,12,1.0,11,5.94506787489081,0.1375,2.7,
bursty,5,5,sequential,12,800,0.1,800,51,32,19,33,0,198,32,166,165,1,0,0.16161616161616163,0.8383838383838383,0.04125,0.04,0.0,1.21875,1.0,6.0,17.0,,False,12,1.0,11,0.0013588751971838064,0.12187500000000001,1.7000000000000002,
bursty,5,5,random,12,800,0.1,800,54,36,18,36,231,198,32,166,166,0,0,0.16161616161616163,0.8383838383838383,0.045,0.045,0.28875,1.03125,1.0,7.0,43.0,,False,12,1.0,29,0.014690500356664415,0.10312500000000001,4.3,
bursty,5,5,heuristic,12,800,0.1,800,88,72,16,74,440,198,34,164,164,0,0,0.1717171717171717,0.8282828282828283,0.0925,0.09,0.55,0.14705882352941177,0.0,4.0,19.0,,False,12,1.0,14,0.027866000273206737,0.014705882352941178,1.9000000000000001,
bursty,5,5,adaptive,12,800,0.1,800,115,87,28,89,40,198,37,161,160,1,0,0.18686868686868688,0.8131313131313131,0.11125,0.10875,0.05,0.8648648648648649,0.0,5.0,17.0,,False,12,1.0,11,5.523657749508857,0.08648648648648649,1.7000000000000002,
bursty,6,6,sequential,12,800,0.1,800,53,40,13,42,0,210,40,170,168,2,0,0.19047619047619047,0.8095238095238095,0.0525,0.05,0.0,1.425,1.0,8.0,1.0,,False,12,1.0,11,0.0013196254803915508,0.14250000000000002,0.1,
bursty,6,6,random,12,800,0.1,800,54,33,21,34,248,210,30,180,179,1,1,0.14285714285714285,0.8571428571428571,0.0425,0.04125,0.31,1.0666666666666667,1.0,4.0,6.0,,False,12,1.0,22,0.014945125076337717,0.10666666666666667,0.6000000000000001,
bursty,6,6,heuristic,12,800,0.1,800,71,61,10,63,501,210,28,182,182,0,0,0.13333333333333333,0.8666666666666667,0.07875,0.07625,0.62625,0.14285714285714285,0.0,1.0,1.0,,False,12,1.0,12,0.02705087506910786,0.014285714285714285,0.1,
bursty,6,6,adaptive,12,800,0.1,800,101,90,11,91,33,210,48,162,162,0,1,0.22857142857142856,0.7714285714285715,0.11375,0.1125,0.04125,1.1875,1.0,9.0,1.0,,False,12,1.0,11,5.626185374894703,0.11875000000000001,0.1,
bursty,7,7,sequential,12,800,0.1,800,51,37,14,39,0,219,37,182,180,2,0,0.1689497716894977,0.8310502283105022,0.04875,0.04625,0.0,1.972972972972973,1.0,10.0,1.0,,False,12,1.0,11,0.001347500437987037,0.1972972972972973,0.1,
bursty,7,7,random,12,800,0.1,800,67,43,24,43,245,219,37,182,182,0,0,0.1689497716894977,0.8310502283105022,0.05375,0.05375,0.30625,0.8648648648648649,0.0,4.0,9.0,,False,12,1.0,22,0.01401537509082118,0.08648648648648649,0.9,
bursty,7,7,heuristic,12,800,0.1,800,91,78,13,81,412,219,46,173,173,0,0,0.2100456621004566,0.7899543378995434,0.10125,0.0975,0.515,0.5217391304347826,0.0,8.0,1.0,,False,12,1.0,12,0.025054000470845494,0.052173913043478265,0.1,
bursty,7,7,adaptive,12,800,0.1,800,81,64,17,68,23,219,39,180,180,0,0,0.1780821917808219,0.821917808219178,0.085,0.08,0.02875,1.564102564102564,1.0,8.0,1.0,,False,12,1.0,11,5.504865999428148,0.1564102564102564,0.1,
bursty,8,8,sequential,12,800,0.1,800,57,29,28,29,0,218,29,189,189,0,1,0.13302752293577982,0.8669724770642202,0.03625,0.03625,0.0,1.4827586206896552,0.0,7.0,41.0,,False,12,1.0,11,0.0012936245911987498,0.14827586206896554,4.1000000000000005,
bursty,8,8,random,12,800,0.1,800,58,40,18,41,261,218,38,180,179,1,1,0.1743119266055046,0.8256880733944955,0.05125,0.05,0.32625,1.0789473684210527,1.0,6.0,29.0,,False,12,1.0,17,0.01498025067121489,0.10789473684210527,2.9000000000000004,
bursty,8,8,heuristic,12,800,0.1,800,110,89,21,91,362,218,41,177,177,0,1,0.18807339449541285,0.8119266055045872,0.11375,0.11125,0.4525,0.12195121951219512,0.0,2.0,41.0,,False,12,1.0,11,0.026173249498242512,0.012195121951219513,4.1000000000000005,
bursty,8,8,adaptive,12,800,0.1,800,117,97,20,104,41,218,47,171,170,1,1,0.21559633027522937,0.7844036697247706,0.13,0.12125,0.05125,1.3191489361702127,1.0,5.0,41.0,,False,12,1.0,11,5.3896268749304,0.13191489361702127,4.1000000000000005,
bursty,9,9,sequential,12,800,0.1,800,52,38,14,39,0,203,38,165,164,1,0,0.18719211822660098,0.812807881773399,0.04875,0.0475,0.0,0.7368421052631579,0.0,6.0,21.0,,False,12,1.0,11,0.001307374877796974,0.07368421052631578,2.1,
bursty,9,9,random,12,800,0.1,800,50,36,14,37,275,203,35,168,167,1,0,0.1724137931034483,0.8275862068965517,0.04625,0.045,0.34375,0.8857142857142857,1.0,5.0,0.0,,False,12,1.0,46,0.014836874725006055,0.08857142857142858,0.0,
bursty,9,9,heuristic,12,800,0.1,800,92,71,21,73,422,203,38,165,165,0,0,0.18719211822660098,0.812807881773399,0.09125,0.08875,0.5275,0.23684210526315788,0.0,3.0,20.0,,False,12,1.0,13,0.02588350067526335,0.02368421052631579,2.0,
bursty,9,9,adaptive,12,800,0.1,800,75,60,15,64,25,203,32,171,171,0,0,0.15763546798029557,0.8423645320197044,0.08,0.075,0.03125,1.1875,1.0,6.0,21.0,,False,12,1.0,11,5.43433975049993,0.11875000000000001,2.1,
bursty,10,10,sequential,12,800,0.1,800,56,39,17,41,0,214,39,175,173,2,1,0.1822429906542056,0.8177570093457944,0.05125,0.04875,0.0,1.0769230769230769,0.0,6.0,9.0,,False,12,1.0,11,0.0013372500325203873,0.1076923076923077,0.9,
bursty,10,10,random,12,800,0.1,800,62,46,16,49,219,214,41,173,171,2,2,0.19158878504672897,0.8084112149532711,0.06125,0.0575,0.27375,1.0,1.0,5.0,1.0,,False,12,1.0,44,0.016046250602812506,0.1,0.1,
bursty,10,10,heuristic,12,800,0.1,800,111,84,27,88,387,214,39,175,175,0,1,0.1822429906542056,0.8177570093457944,0.11,0.105,0.48375,0.1282051282051282,0.0,2.0,9.0,,False,12,1.0,11,0.025902250090439338,0.01282051282051282,0.9,
bursty,10,10,adaptive,12,800,0.1,800,118,108,10,114,49,214,46,168,167,1,1,0.21495327102803738,0.7850467289719626,0.1425,0.135,0.06125,1.1304347826086956,1.0,5.0,9.0,,False,12,1.0,11,5.400850499390799,0.11304347826086956,0.9,
bursty,11,11,sequential,12,800,0.1,800,49,36,13,39,0,203,35,168,165,3,1,0.1724137931034483,0.8275862068965517,0.04875,0.045,0.0,1.0285714285714285,0.0,6.0,3.0,,False,12,1.0,11,0.0013673753346665762,0.10285714285714286,0.30000000000000004,
bursty,11,11,random,12,800,0.1,800,44,31,13,33,245,203,25,178,177,1,1,0.12315270935960591,0.8768472906403941,0.04125,0.03875,0.30625,1.24,1.0,4.0,42.0,,False,12,1.0,32,0.015725624944025185,0.124,4.2,
bursty,11,11,heuristic,12,800,0.1,800,83,68,15,73,409,203,41,162,161,1,1,0.2019704433497537,0.7980295566502463,0.09125,0.085,0.51125,0.21951219512195122,0.0,2.0,4.0,,False,12,1.0,12,0.029562499657913577,0.021951219512195124,0.4,
bursty,11,11,adaptive,12,800,0.1,800,84,72,12,76,29,203,37,166,166,0,0,0.18226600985221675,0.8177339901477833,0.095,0.09,0.03625,1.2702702702702702,0.0,13.0,3.0,,False,12,1.0,11,5.609996999337454,0.12702702702702703,0.30000000000000004,
bursty,12,12,sequential,12,800,0.1,800,57,41,16,42,0,209,41,168,167,1,1,0.19617224880382775,0.8038277511961722,0.0525,0.05125,0.0,1.1219512195121952,0.0,6.0,9.0,,False,12,1.0,11,0.000497874862048775,0.11219512195121953,0.9,
bursty,12,12,random,12,800,0.1,800,62,44,18,44,238,209,42,167,167,0,2,0.20095693779904306,0.7990430622009569,0.055,0.055,0.2975,0.6904761904761905,0.0,4.0,1.0,,False,12,1.0,20,0.004033500190416817,0.06904761904761905,0.1,
bursty,12,12,heuristic,12,800,0.1,800,80,62,18,64,429,209,34,175,173,2,2,0.16267942583732056,0.8373205741626795,0.08,0.0775,0.53625,0.2647058823529412,0.0,2.0,9.0,,False,12,1.0,12,0.010353874422435183,0.02647058823529412,0.9,
bursty,12,12,adaptive,12,800,0.1,800,106,86,20,89,37,209,43,166,164,2,1,0.20574162679425836,0.7942583732057417,0.11125,0.1075,0.04625,1.441860465116279,1.0,5.0,9.0,,False,12,1.0,11,2.468617874656047,0.1441860465116279,0.9,
bursty,13,13,sequential,12,800,0.1,800,51,37,14,38,0,188,37,151,150,1,0,0.19680851063829788,0.8031914893617021,0.0475,0.04625,0.0,0.8918918918918919,0.0,5.0,7.0,,False,12,1.0,11,0.0005136250183568336,0.0891891891891892,0.7000000000000001,
bursty,13,13,random,12,800,0.1,800,59,38,21,40,250,188,36,152,151,1,0,0.19148936170212766,0.8085106382978723,0.05,0.0475,0.3125,1.3055555555555556,0.5,10.0,5.0,,False,12,1.0,33,0.0038284996480797417,0.13055555555555556,0.5,
bursty,13,13,heuristic,12,800,0.1,800,78,65,13,65,453,188,32,156,156,0,0,0.1702127659574468,0.8297872340425532,0.08125,0.08125,0.56625,0.3125,0.0,7.0,4.0,,False,12,1.0,12,0.010184000493609346,0.03125,0.4,
bursty,13,13,adaptive,12,800,0.1,800,62,45,17,48,28,188,28,160,160,0,0,0.14893617021276595,0.851063829787234,0.06,0.05625,0.035,1.7142857142857142,1.0,7.0,7.0,,False,12,1.0,11,2.373082749909372,0.17142857142857143,0.7000000000000001,
bursty,14,14,sequential,12,800,0.1,800,57,42,15,42,0,212,42,170,170,0,0,0.19811320754716982,0.8018867924528302,0.0525,0.0525,0.0,1.2857142857142858,0.5,8.0,1.0,,False,12,1.0,11,0.0005254999996395782,0.1285714285714286,0.1,
bursty,14,14,random,12,800,0.1,800,56,36,20,37,247,212,30,182,181,1,0,0.14150943396226415,0.8584905660377359,0.04625,0.045,0.30875,1.0666666666666667,1.0,5.0,14.0,,False,12,1.0,39,0.004023124674858991,0.10666666666666667,1.4000000000000001,
bursty,14,14,heuristic,12,800,0.1,800,101,83,18,86,412,212,41,171,170,1,0,0.19339622641509435,0.8066037735849056,0.1075,0.10375,0.515,0.3170731707317073,0.0,5.0,1.0,,False,12,1.0,12,0.010397373953310307,0.03170731707317073,0.1,
bursty,14,14,adaptive,12,800,0.1,800,109,90,19,92,42,212,39,173,172,1,0,0.18396226415094338,0.8160377358490566,0.115,0.1125,0.0525,1.435897435897436,1.0,8.0,1.0,,False,12,1.0,11,2.568635750467365,0.1435897435897436,0.1,
bursty,15,15,sequential,12,800,0.1,800,57,40,17,42,0,199,40,159,157,2,0,0.20100502512562815,0.7989949748743719,0.0525,0.05,0.0,1.175,1.0,8.0,11.0,,False,12,1.0,11,0.0005452498589875177,0.11750000000000001,1.1,
bursty,15,15,random,12,800,0.1,800,46,36,10,37,242,199,32,167,166,1,0,0.16080402010050251,0.8391959798994975,0.04625,0.045,0.3025,0.90625,1.0,4.0,10.0,,False,12,1.0,38,0.004140500350331422,0.09062500000000001,1.0,
bursty,15,15,heuristic,12,800,0.1,800,109,95,14,95,405,199,41,158,158,0,0,0.20603015075376885,0.7939698492462312,0.11875,0.11875,0.50625,0.4634146341463415,0.0,8.0,11.0,,False,12,1.0,11,0.01022162483423017,0.04634146341463415,1.1,
bursty,15,15,adaptive,12,800,0.1,800,118,94,24,96,41,199,41,158,158,0,0,0.20603015075376885,0.7939698492462312,0.12,0.1175,0.05125,1.2682926829268293,1.0,6.0,11.0,,False,12,1.0,11,2.3446733751916327,0.12682926829268293,1.1,
bursty,16,16,sequential,12,800,0.1,800,56,36,20,37,0,229,36,193,192,1,0,0.1572052401746725,0.8427947598253275,0.04625,0.045,0.0,1.6666666666666667,1.5,6.0,9.0,,False,12,1.0,11,0.0005447502553579397,0.16666666666666669,0.9,
bursty,16,16,random,12,800,0.1,800,49,33,16,35,258,229,32,197,195,2,0,0.13973799126637554,0.8602620087336245,0.04375,0.04125,0.3225,0.6875,0.0,3.0,18.0,,False,12,1.0,29,0.0039549993016407825,0.06875,1.8,
bursty,16,16,heuristic,12,800,0.1,800,114,99,15,100,402,229,44,185,185,0,0,0.19213973799126638,0.8078602620087336,0.125,0.12375,0.5025,0.3409090909090909,0.0,4.0,5.0,,False,12,1.0,12,0.010070999487652443,0.03409090909090909,0.5,
bursty,16,16,adaptive,12,800,0.1,800,126,112,14,114,37,229,51,178,176,2,0,0.22270742358078602,0.777292576419214,0.1425,0.14,0.04625,1.0980392156862746,1.0,4.0,9.0,,False,12,1.0,11,2.4400789993524086,0.10980392156862746,0.9,
bursty,17,17,sequential,12,800,0.1,800,59,41,18,41,0,229,41,188,188,0,0,0.17903930131004367,0.8209606986899564,0.05125,0.05125,0.0,1.1951219512195121,1.0,10.0,3.0,,False,12,1.0,11,0.0006372497227857821,0.11951219512195121,0.30000000000000004,
bursty,17,17,random,12,800,0.1,800,49,37,12,37,259,229,30,199,199,0,0,0.13100436681222707,0.868995633187773,0.04625,0.04625,0.32375,1.1,0.0,6.0,13.0,,False,12,1.0,27,0.00410312510211952,0.11000000000000001,1.3,
bursty,17,17,heuristic,12,800,0.1,800,97,82,15,84,381,229,42,187,187,0,0,0.18340611353711792,0.8165938864628821,0.105,0.1025,0.47625,0.30952380952380953,0.0,3.0,3.0,,False,12,1.0,13,0.009829750670178328,0.030952380952380953,0.30000000000000004,
bursty,17,17,adaptive,12,800,0.1,800,123,102,21,107,39,229,51,178,175,3,0,0.22270742358078602,0.777292576419214,0.13375,0.1275,0.04875,0.7843137254901961,0.0,8.0,3.0,,False,12,1.0,11,2.3073686251518666,0.0784313725490196,0.30000000000000004,
bursty,18,18,sequential,12,800,0.1,800,60,45,15,46,0,220,45,175,174,1,0,0.20454545454545456,0.7954545454545454,0.0575,0.05625,0.0,0.9777777777777777,1.0,7.0,9.0,,False,12,1.0,11,0.0005561247598961927,0.09777777777777778,0.9,
bursty,18,18,random,12,800,0.1,800,49,33,16,35,250,220,33,187,185,2,0,0.15,0.85,0.04375,0.04125,0.3125,0.9090909090909091,0.0,7.0,13.0,,False,12,1.0,19,0.004149875348957721,0.09090909090909091,1.3,
bursty,18,18,heuristic,12,800,0.1,800,96,78,18,80,419,220,38,182,180,2,0,0.17272727272727273,0.8272727272727273,0.1,0.0975,0.52375,0.07894736842105263,0.0,2.0,16.0,,False,12,1.0,11,0.010829374987224583,0.007894736842105263,1.6,
bursty,18,18,adaptive,12,800,0.1,800,122,102,20,104,37,220,41,179,179,0,0,0.18636363636363637,0.8136363636363636,0.13,0.1275,0.04625,0.975609756097561,1.0,5.0,9.0,,False,12,1.0,11,2.3734402497211704,0.0975609756097561,0.9,
bursty,19,19,sequential,12,800,0.1,800,58,43,15,44,0,231,43,188,187,1,1,0.18614718614718614,0.8138528138528138,0.055,0.05375,0.0,1.5813953488372092,0.0,9.0,21.0,,False,12,1.0,11,0.0005758747647632845,0.15813953488372093,2.1,
bursty,19,19,random,12,800,0.1,800,63,38,25,38,252,231,35,196,196,0,1,0.15151515151515152,0.8484848484848485,0.0475,0.0475,0.315,1.2571428571428571,0.0,9.0,12.0,,False,12,1.0,43,0.004116250238439534,0.12571428571428572,1.2000000000000002,
bursty,19,19,heuristic,12,800,0.1,800,86,68,18,71,466,231,33,198,196,2,0,0.14285714285714285,0.8571428571428571,0.08875,0.085,0.5825,0.030303030303030304,0.0,1.0,109.0,,False,12,1.0,11,0.010746749721874949,0.0030303030303030307,10.9,
bursty,19,19,adaptive,12,800,0.1,800,114,98,16,101,40,231,48,183,181,2,1,0.2077922077922078,0.7922077922077922,0.12625,0.1225,0.05,1.125,0.0,7.0,21.0,,False,12,1.0,11,2.385883750539506,0.1125,2.1,
bursty,20,20,sequential,12,800,0.1,800,75,55,20,55,0,230,55,175,175,0,0,0.2391304347826087,0.7608695652173914,0.06875,0.06875,0.0,1.2363636363636363,1.0,5.0,27.0,,False,12,1.0,11,0.0005366243203752674,0.12363636363636364,2.7,
bursty,20,20,random,12,800,0.1,800,59,43,16,43,248,230,37,193,193,0,0,0.1608695652173913,0.8391304347826087,0.05375,0.05375,0.31,0.8918918918918919,0.0,5.0,23.0,,False,12,1.0,31,0.003800500198849477,0.0891891891891892,2.3000000000000003,
bursty,20,20,heuristic,12,800,0.1,800,107,93,14,95,418,230,40,190,190,0,0,0.17391304347826086,0.8260869565217391,0.11875,0.11625,0.5225,0.225,0.0,3.0,12.0,,False,12,1.0,14,0.010039500157290604,0.022500000000000003,1.2000000000000002,
bursty,20,20,adaptive,12,800,0.1,800,138,122,16,126,54,230,52,178,177,1,0,0.22608695652173913,0.7739130434782608,0.1575,0.1525,0.0675,1.0769230769230769,0.0,6.0,26.0,,False,12,1.0,11,2.3181137505889637,0.1076923076923077,2.6,
bursty,21,21,sequential,12,800,0.1,800,62,49,13,49,0,238,49,189,189,0,0,0.20588235294117646,0.7941176470588235,0.06125,0.06125,0.0,1.1224489795918366,0.0,7.0,19.0,,False,12,1.0,11,0.0006577500244020484,0.11224489795918367,1.9000000000000001,
bursty,21,21,random,12,800,0.1,800,63,46,17,47,230,238,41,197,197,0,0,0.1722689075630252,0.8277310924369747,0.05875,0.0575,0.2875,0.7317073170731707,0.0,5.0,34.0,,False,12,1.0,42,0.0038382507773349066,0.07317073170731707,3.4000000000000004,
bursty,21,21,heuristic,12,800,0.1,800,102,78,24,80,405,238,34,204,204,0,0,0.14285714285714285,0.8571428571428571,0.1,0.0975,0.50625,0.5,0.0,6.0,19.0,,False,12,1.0,11,0.009829999980865978,0.05,1.9000000000000001,
bursty,21,21,adaptive,12,800,0.1,800,122,106,16,107,44,238,51,187,187,0,0,0.21428571428571427,0.7857142857142857,0.13375,0.1325,0.055,1.607843137254902,1.0,10.0,19.0,,False,12,1.0,11,2.308196499834594,0.1607843137254902,1.9000000000000001,
bursty,22,22,sequential,12,800,0.1,800,67,39,28,40,0,209,39,170,169,1,0,0.18660287081339713,0.8133971291866029,0.05,0.04875,0.0,1.2307692307692308,1.0,5.0,27.0,,False,12,1.0,11,0.0005341246651369147,0.12307692307692308,2.7,
bursty,22,22,random,12,800,0.1,800,50,29,21,29,244,209,27,182,182,0,0,0.1291866028708134,0.8708133971291866,0.03625,0.03625,0.305,1.2222222222222223,1.0,5.0,2.0,,False,12,1.0,49,0.0038853751539136283,0.12222222222222223,0.2,
bursty,22,22,heuristic,12,800,0.1,800,79,57,22,59,441,209,35,174,173,1,0,0.1674641148325359,0.8325358851674641,0.07375,0.07125,0.55125,0.3142857142857143,0.0,6.0,21.0,,False,12,1.0,12,0.010206125916738529,0.03142857142857143,2.1,
bursty,22,22,adaptive,12,800,0.1,800,80,61,19,64,22,209,34,175,174,1,0,0.16267942583732056,0.8373205741626795,0.08,0.07625,0.0275,1.0588235294117647,1.0,5.0,28.0,,False,12,1.0,11,2.3373592499410734,0.10588235294117648,2.8000000000000003,
bursty,23,23,sequential,12,800,0.1,800,47,34,13,36,0,224,34,190,188,2,1,0.15178571428571427,0.8482142857142857,0.045,0.0425,0.0,0.9705882352941176,1.0,4.0,61.0,,False,12,1.0,11,0.0005416254862211645,0.09705882352941177,6.1000000000000005,
bursty,23,23,random,12,800,0.1,800,50,39,11,42,242,224,33,191,188,3,1,0.14732142857142858,0.8526785714285714,0.0525,0.04875,0.3025,0.9696969696969697,0.0,5.0,70.0,,False,12,1.0,46,0.004228374964441173,0.09696969696969698,7.0,
bursty,23,23,heuristic,12,800,0.1,800,38,22,16,22,561,224,12,212,212,0,1,0.05357142857142857,0.9464285714285714,0.0275,0.0275,0.70125,0.0,0.0,0.0,474.0,,False,12,1.0,11,0.010203999736404512,0.0,47.400000000000006,
bursty,23,23,adaptive,12,800,0.1,800,83,68,15,72,31,224,35,189,188,1,1,0.15625,0.84375,0.09,0.085,0.03875,1.0857142857142856,1.0,6.0,52.0,,False,12,1.0,11,2.306434874772094,0.10857142857142857,5.2,
bursty,24,24,sequential,12,800,0.1,800,45,36,9,37,0,228,36,192,191,1,1,0.15789473684210525,0.8421052631578947,0.04625,0.045,0.0,0.7777777777777778,0.0,3.0,41.0,,False,12,1.0,11,0.0005316254464560188,0.07777777777777778,4.1000000000000005,
bursty,24,24,random,12,800,0.1,800,60,44,16,44,242,228,42,186,186,0,1,0.18421052631578946,0.8157894736842105,0.055,0.055,0.3025,1.1428571428571428,1.0,6.0,43.0,,False,12,1.0,39,0.00399899927288061,0.11428571428571428,4.3,
bursty,24,24,heuristic,12,800,0.1,800,81,68,13,69,418,228,42,186,185,1,1,0.18421052631578946,0.8157894736842105,0.08625,0.085,0.5225,0.2857142857142857,0.0,5.0,43.0,,False,12,1.0,11,0.009921250421029981,0.02857142857142857,4.3,
bursty,24,24,adaptive,12,800,0.1,800,93,77,16,81,30,228,41,187,185,2,1,0.17982456140350878,0.8201754385964912,0.10125,0.09625,0.0375,0.7560975609756098,0.0,5.0,32.0,,False,12,1.0,11,2.2901153748534853,0.07560975609756099,3.2,
bursty,25,25,sequential,12,800,0.1,800,55,38,17,39,0,215,38,177,176,1,0,0.17674418604651163,0.8232558139534883,0.04875,0.0475,0.0,1.236842105263158,0.5,6.0,1.0,,False,12,1.0,11,0.000529499702679459,0.1236842105263158,0.1,
bursty,25,25,random,12,800,0.1,800,60,40,20,42,218,215,39,176,176,0,0,0.1813953488372093,0.8186046511627907,0.0525,0.05,0.2725,1.2820512820512822,1.0,5.0,1.0,,False,12,1.0,28,0.003851874753308948,0.12820512820512822,0.1,
bursty,25,25,heuristic,12,800,0.1,800,96,79,17,81,428,215,34,181,180,1,0,0.15813953488372093,0.8418604651162791,0.10125,0.09875,0.535,0.23529411764705882,0.0,2.0,2.0,,False,12,1.0,12,0.010009375291701872,0.023529411764705882,0.2,
bursty,25,25,adaptive,12,800,0.1,800,102,84,18,85,31,215,45,170,170,0,0,0.20930232558139536,0.7906976744186046,0.10625,0.105,0.03875,1.3111111111111111,1.0,6.0,1.0,,False,12,1.0,11,2.289038624949171,0.13111111111111112,0.1,
bursty,26,26,sequential,12,800,0.1,800,63,45,18,46,0,220,45,175,174,1,0,0.20454545454545456,0.7954545454545454,0.0575,0.05625,0.0,1.1555555555555554,1.0,5.0,67.0,,False,12,1.0,11,0.0006038751598680392,0.11555555555555555,6.7,
bursty,26,26,random,12,800,0.1,800,59,47,12,50,233,220,41,179,178,1,0,0.18636363636363637,0.8136363636363636,0.0625,0.05875,0.29125,1.3170731707317074,1.0,7.0,38.0,,False,12,1.0,28,0.003915999986929819,0.13170731707317074,3.8000000000000003,
bursty,26,26,heuristic,12,800,0.1,800,98,84,14,85,413,220,40,180,180,0,0,0.18181818181818182,0.8181818181818182,0.10625,0.105,0.51625,0.0,0.0,0.0,29.0,,False,12,1.0,11,0.010351875207561534,0.0,2.9000000000000004,
bursty,26,26,adaptive,12,800,0.1,800,116,91,25,98,37,220,44,176,176,0,0,0.2,0.8,0.1225,0.11375,0.04625,0.9545454545454546,1.0,6.0,31.0,,False,12,1.0,11,2.4174371249318938,0.09545454545454546,3.1,
bursty,27,27,sequential,12,800,0.1,800,70,41,29,42,0,205,41,164,163,1,0,0.2,0.8,0.0525,0.05125,0.0,1.5609756097560976,1.0,7.0,15.0,,False,12,1.0,11,0.0005449998570838943,0.15609756097560978,1.5,
bursty,27,27,random,12,800,0.1,800,60,42,18,45,228,205,41,164,161,3,0,0.2,0.8,0.05625,0.0525,0.285,1.5853658536585367,1.0,8.0,8.0,,False,12,1.0,36,0.003766375157283619,0.1585365853658537,0.8,
bursty,27,27,heuristic,12,800,0.1,800,95,74,21,76,415,205,34,171,171,0,0,0.16585365853658537,0.8341463414634146,0.095,0.0925,0.51875,0.23529411764705882,0.0,4.0,28.0,,False,12,1.0,11,0.010195125723839737,0.023529411764705882,2.8000000000000003,
bursty,27,27,adaptive,12,800,0.1,800,124,100,24,105,50,205,38,167,164,3,0,0.18536585365853658,0.8146341463414634,0.13125,0.125,0.0625,1.263157894736842,0.0,6.0,15.0,,False,12,1.0,11,2.3078852503022063,0.12631578947368421,1.5,
bursty,28,28,sequential,12,800,0.1,800,59,42,17,42,0,238,42,196,196,0,1,0.17647058823529413,0.8235294117647058,0.0525,0.0525,0.0,1.5476190476190477,1.0,8.0,1.0,,False,12,1.0,11,0.0006052494791219942,0.15476190476190477,0.1,
bursty,28,28,random,12,800,0.1,800,48,40,8,40,256,238,38,200,200,0,1,0.15966386554621848,0.8403361344537815,0.05,0.05,0.32,0.5526315789473685,0.0,3.0,11.0,,False,12,1.0,24,0.00436699981946731,0.05526315789473685,1.1,
bursty,28,28,heuristic,12,800,0.1,800,83,70,13,72,459,238,36,202,202,0,1,0.15126050420168066,0.8487394957983193,0.09,0.0875,0.57375,0.1388888888888889,0.0,3.0,1.0,,False,12,1.0,13,0.010169125052925665,0.01388888888888889,0.1,
bursty,28,28,adaptive,12,800,0.1,800,118,102,16,105,52,238,44,194,194,0,0,0.18487394957983194,0.8151260504201681,0.13125,0.1275,0.065,1.2954545454545454,1.0,6.0,1.0,,False,12,1.0,11,2.302958875297918,0.12954545454545455,0.1,
bursty,29,29,sequential,12,800,0.1,800,67,42,25,42,0,218,42,176,176,0,0,0.1926605504587156,0.8073394495412844,0.0525,0.0525,0.0,1.1666666666666667,1.0,6.0,33.0,,False,12,1.0,11,0.0005443752525025047,0.11666666666666668,3.3000000000000003,
bursty,29,29,random,12,800,0.1,800,44,30,14,33,240,218,27,191,190,1,1,0.12385321100917432,0.8761467889908257,0.04125,0.0375,0.3,0.8888888888888888,1.0,4.0,16.0,,False,12,1.0,44,0.003984375216532499,0.08888888888888889,1.6,
bursty,29,29,heuristic,12,800,0.1,800,109,93,16,97,375,218,46,172,170,2,0,0.21100917431192662,0.7889908256880734,0.12125,0.11625,0.46875,0.21739130434782608,0.0,3.0,31.0,,False,12,1.0,12,0.010153874936804641,0.021739130434782608,3.1,
bursty,29,29,adaptive,12,800,0.1,800,99,82,17,82,40,218,44,174,174,0,1,0.2018348623853211,0.7981651376146789,0.1025,0.1025,0.05,1.1590909090909092,1.0,4.0,33.0,,False,12,1.0,11,2.2926021247985773,0.11590909090909092,3.3000000000000003,
emerging_signal,0,0,sequential,12,800,0.1,800,107,92,15,94,0,48,35,13,13,0,1,0.7291666666666666,0.2708333333333333,0.1175,0.115,0.0,4.628571428571429,4.0,11.0,1.0,17.0,False,12,1.0,11,0.0005811254595755599,0.4628571428571429,0.1,1.7000000000000002
emerging_signal,0,0,random,12,800,0.1,800,102,88,14,93,229,48,32,16,16,0,1,0.6666666666666666,0.3333333333333333,0.11625,0.11,0.28625,7.5625,5.0,32.0,15.0,20.0,False,12,1.0,38,0.004219875299895648,0.7562500000000001,1.5,2.0
emerging_signal,0,0,heuristic,12,800,0.1,800,433,425,8,442,228,48,15,33,32,1,1,0.3125,0.6875,0.5525,0.53125,0.285,1.9333333333333333,0.0,23.0,1.0,241.0,False,12,1.0,14,0.010602499969536439,0.19333333333333336,0.1,24.1
emerging_signal,0,0,adaptive,12,800,0.1,800,484,479,5,493,30,48,24,24,24,0,0,0.5,0.5,0.61625,0.59875,0.0375,6.125,4.0,25.0,1.0,34.0,False,12,1.0,11,2.3124201250902843,0.6125,0.1,3.4000000000000004
emerging_signal,1,1,sequential,12,800,0.1,800,121,104,17,108,0,38,32,6,6,0,0,0.8421052631578947,0.15789473684210525,0.135,0.13,0.0,5.71875,4.5,28.0,8.0,5.0,False,12,1.0,11,0.0005759998748544604,0.571875,0.8,0.5
emerging_signal,1,1,random,12,800,0.1,800,143,126,17,129,227,38,28,10,10,0,1,0.7368421052631579,0.2631578947368421,0.16125,0.1575,0.28375,7.428571428571429,4.0,33.0,18.0,2.0,False,12,1.0,48,0.004078499769093469,0.7428571428571429,1.8,0.2
emerging_signal,1,1,heuristic,12,800,0.1,800,442,431,11,445,183,38,19,19,18,1,1,0.5,0.5,0.55625,0.53875,0.22875,3.3157894736842106,0.0,36.0,8.0,483.0,False,12,1.0,11,0.010786875209305435,0.3315789473684211,0.8,48.300000000000004
emerging_signal,1,1,adaptive,12,800,0.1,800,509,503,6,522,14,38,22,16,16,0,0,0.5789473684210527,0.42105263157894735,0.6525,0.62875,0.0175,7.909090909090909,3.0,29.0,8.0,24.0,False,12,1.0,11,2.32783212504728,0.790909090909091,0.8,2.4000000000000004
emerging_signal,2,2,sequential,12,800,0.1,800,107,89,18,93,0,56,44,12,12,0,0,0.7857142857142857,0.21428571428571427,0.11625,0.11125,0.0,5.5,4.0,22.0,1.0,5.0,False,12,1.0,11,0.0005740004780818708,0.55,0.1,0.5
emerging_signal,2,2,random,12,800,0.1,800,117,98,19,103,230,56,38,18,18,0,0,0.6785714285714286,0.32142857142857145,0.12875,0.1225,0.2875,6.947368421052632,5.0,29.0,2.0,4.0,False,12,1.0,16,0.0038162497730809264,0.6947368421052632,0.2,0.4
emerging_signal,2,2,heuristic,12,800,0.1,800,438,433,5,449,185,56,31,25,25,0,1,0.5535714285714286,0.44642857142857145,0.56125,0.54125,0.23125,2.161290322580645,0.0,32.0,1.0,182.0,False,12,1.0,11,0.010202500052400865,0.2161290322580645,0.1,18.2
emerging_signal,2,2,adaptive,12,800,0.1,800,437,431,6,451,38,56,35,21,21,0,0,0.625,0.375,0.56375,0.53875,0.0475,6.628571428571429,3.0,35.0,1.0,28.0,False,12,1.0,11,2.265324624677305,0.6628571428571429,0.1,2.8000000000000003
emerging_signal,3,3,sequential,12,800,0.1,800,109,89,20,90,0,53,43,10,10,0,0,0.8113207547169812,0.18867924528301888,0.1125,0.11125,0.0,5.511627906976744,6.0,11.0,8.0,17.0,False,12,1.0,11,0.0005521249840967357,0.5511627906976745,0.8,1.7000000000000002
emerging_signal,3,3,random,12,800,0.1,800,102,88,14,93,235,53,33,20,20,0,0,0.6226415094339622,0.37735849056603776,0.11625,0.11,0.29375,6.212121212121212,5.0,24.0,16.0,54.0,False,12,1.0,31,0.004278875785530545,0.6212121212121212,1.6,5.4
emerging_signal,3,3,heuristic,12,800,0.1,800,456,450,6,460,182,53,27,26,26,0,0,0.5094339622641509,0.49056603773584906,0.575,0.5625,0.2275,4.2592592592592595,0.0,37.0,9.0,16.0,False,12,1.0,12,0.009993124585889746,0.425925925925926,0.9,1.6
emerging_signal,3,3,adaptive,12,800,0.1,800,407,398,9,415,49,53,36,17,17,0,0,0.6792452830188679,0.32075471698113206,0.51875,0.4975,0.06125,5.888888888888889,4.0,31.0,8.0,6.0,False,12,1.0,11,2.8481068749533733,0.5888888888888889,0.8,0.6000000000000001
emerging_signal,4,4,sequential,12,800,0.1,800,93,77,16,82,0,56,40,16,14,2,0,0.7142857142857143,0.2857142857142857,0.1025,0.09625,0.0,5.125,4.0,20.0,1.0,5.0,False,12,1.0,11,0.0008008748409338295,0.5125000000000001,0.1,0.5
emerging_signal,4,4,random,12,800,0.1,800,103,86,17,87,221,56,34,22,21,1,0,0.6071428571428571,0.39285714285714285,0.10875,0.1075,0.27625,7.529411764705882,5.5,28.0,0.0,8.0,False,12,1.0,26,0.005508750327862799,0.7529411764705882,0.0,0.8
emerging_signal,4,4,heuristic,12,800,0.1,800,455,448,7,459,174,56,34,22,22,0,0,0.6071428571428571,0.39285714285714285,0.57375,0.56,0.2175,3.764705882352941,0.0,59.0,1.0,162.0,False,12,1.0,11,0.015030625036160927,0.3764705882352941,0.1,16.2
emerging_signal,4,4,adaptive,12,800,0.1,800,454,445,9,459,22,56,35,21,21,0,0,0.625,0.375,0.57375,0.55625,0.0275,5.171428571428572,2.0,22.0,1.0,11.0,False,12,1.0,11,4.7779278754023835,0.5171428571428572,0.1,1.1
emerging_signal,5,5,sequential,12,800,0.1,800,111,96,15,101,0,51,42,9,8,1,0,0.8235294117647058,0.17647058823529413,0.12625,0.12,0.0,4.380952380952381,4.0,10.0,1.0,5.0,False,12,1.0,11,0.0013141242015990429,0.43809523809523815,0.1,0.5
emerging_signal,5,5,random,12,800,0.1,800,111,97,14,100,222,51,35,16,16,0,1,0.6862745098039216,0.3137254901960784,0.125,0.12125,0.2775,6.114285714285714,6.0,17.0,0.0,9.0,False,12,1.0,29,0.014440250452025793,0.6114285714285714,0.0,0.9
emerging_signal,5,5,heuristic,12,800,0.1,800,544,539,5,555,90,51,25,26,26,0,0,0.49019607843137253,0.5098039215686274,0.69375,0.67375,0.1125,6.0,0.0,54.0,1.0,33.0,False,12,1.0,14,0.025551374528731685,0.6000000000000001,0.1,3.3000000000000003
emerging_signal,5,5,adaptive,12,800,0.1,800,477,472,5,491,30,51,30,21,20,1,0,0.5882352941176471,0.4117647058823529,0.61375,0.59,0.0375,4.4,1.5,19.0,1.0,15.0,False,12,1.0,11,5.232758875135914,0.44000000000000006,0.1,1.5
emerging_signal,6,6,sequential,12,800,0.1,800,98,88,10,89,0,46,36,10,10,0,0,0.782608695652174,0.21739130434782608,0.11125,0.11,0.0,5.083333333333333,5.0,11.0,1.0,5.0,False,12,1.0,11,0.0014339996778289787,0.5083333333333333,0.1,0.5
emerging_signal,6,6,random,12,800,0.1,800,102,86,16,89,241,46,26,20,20,0,0,0.5652173913043478,0.43478260869565216,0.11125,0.1075,0.30125,5.423076923076923,4.0,18.0,13.0,6.0,False,12,1.0,22,0.014274375571403652,0.5423076923076924,1.3,0.6000000000000001
emerging_signal,6,6,heuristic,12,800,0.1,800,359,353,6,366,286,46,19,27,26,1,0,0.41304347826086957,0.5869565217391305,0.4575,0.44125,0.3575,4.684210526315789,0.0,61.0,1.0,238.0,False,12,1.0,12,0.0271368747780798,0.46842105263157896,0.1,23.8
emerging_signal,6,6,adaptive,12,800,0.1,800,439,436,3,450,38,46,28,18,18,0,0,0.6086956521739131,0.391304347826087,0.5625,0.545,0.0475,6.571428571428571,4.5,30.0,1.0,20.0,False,12,1.0,11,5.400460374330578,0.6571428571428571,0.1,2.0
emerging_signal,7,7,sequential,12,800,0.1,800,111,97,14,98,0,65,48,17,17,0,1,0.7384615384615385,0.26153846153846155,0.1225,0.12125,0.0,4.708333333333333,4.0,23.0,1.0,5.0,False,12,1.0,11,0.0015854993762332015,0.4708333333333333,0.1,0.5
emerging_signal,7,7,random,12,800,0.1,800,124,102,22,103,237,65,43,22,22,0,0,0.6615384615384615,0.3384615384615385,0.12875,0.1275,0.29625,4.372093023255814,2.0,22.0,2.0,31.0,False,12,1.0,22,0.013541874905058648,0.4372093023255814,0.2,3.1
emerging_signal,7,7,heuristic,12,800,0.1,800,478,470,8,478,137,65,30,35,35,0,0,0.46153846153846156,0.5384615384615384,0.5975,0.5875,0.17125,3.8666666666666667,0.0,41.0,1.0,349.0,False,12,1.0,12,0.025429875604459085,0.3866666666666667,0.1,34.9
emerging_signal,7,7,adaptive,12,800,0.1,800,438,430,8,442,56,65,38,27,27,0,0,0.5846153846153846,0.4153846153846154,0.5525,0.5375,0.07,5.184210526315789,3.0,24.0,1.0,57.0,False,12,1.0,11,5.235959749552421,0.518421052631579,0.1,5.7
emerging_signal,8,8,sequential,12,800,0.1,800,103,85,18,88,0,55,39,16,14,2,1,0.7090909090909091,0.2909090909090909,0.11,0.10625,0.0,3.871794871794872,3.0,11.0,1.0,17.0,False,12,1.0,11,0.0014242502584238537,0.3871794871794872,0.1,1.7000000000000002
emerging_signal,8,8,random,12,800,0.1,800,99,81,18,81,244,55,31,24,24,0,1,0.5636363636363636,0.43636363636363634,0.10125,0.10125,0.305,6.161290322580645,4.0,26.0,0.0,27.0,False,12,1.0,17,0.01758862505084835,0.6161290322580646,0.0,2.7
emerging_signal,8,8,heuristic,12,800,0.1,800,435,427,8,445,164,55,25,30,30,0,0,0.45454545454545453,0.5454545454545454,0.55625,0.53375,0.205,3.24,0.0,37.0,1.0,28.0,False,12,1.0,11,0.028979374983464368,0.32400000000000007,0.1,2.8000000000000003
emerging_signal,8,8,adaptive,12,800,0.1,800,424,414,10,425,46,55,33,22,21,1,0,0.6,0.4,0.53125,0.5175,0.0575,6.363636363636363,5.0,34.0,1.0,22.0,False,12,1.0,11,1.8155225007649278,0.6363636363636364,0.1,2.2
emerging_signal,9,9,sequential,12,800,0.1,800,98,87,11,90,0,56,46,10,10,0,1,0.8214285714285714,0.17857142857142858,0.1125,0.10875,0.0,5.478260869565218,5.0,20.0,8.0,17.0,False,12,1.0,11,0.0005027506267651916,0.5478260869565218,0.8,1.7000000000000002
emerging_signal,9,9,random,12,800,0.1,800,113,97,16,100,239,56,35,21,19,2,1,0.625,0.375,0.125,0.12125,0.29875,6.828571428571428,4.0,34.0,6.0,14.0,False,12,1.0,46,0.0044668752525467426,0.6828571428571428,0.6000000000000001,1.4000000000000001
emerging_signal,9,9,heuristic,12,800,0.1,800,374,367,7,379,229,56,30,26,26,0,0,0.5357142857142857,0.4642857142857143,0.47375,0.45875,0.28625,2.8,0.0,56.0,9.0,116.0,False,12,1.0,13,0.010383125627413392,0.27999999999999997,0.9,11.600000000000001
emerging_signal,9,9,adaptive,12,800,0.1,800,435,431,4,445,43,56,36,20,19,1,1,0.6428571428571429,0.35714285714285715,0.55625,0.53875,0.05375,7.138888888888889,2.0,33.0,8.0,19.0,False,12,1.0,11,3.8584381240434595,0.713888888888889,0.8,1.9000000000000001
emerging_signal,10,10,sequential,12,800,0.1,800,106,87,19,92,0,54,39,15,15,0,1,0.7222222222222222,0.2777777777777778,0.115,0.10875,0.0,5.0,4.0,12.0,1.0,5.0,False,12,1.0,11,0.0008852503378875554,0.5,0.1,0.5
emerging_signal,10,10,random,12,800,0.1,800,113,99,14,103,208,54,32,22,22,0,1,0.5925925925925926,0.4074074074074074,0.12875,0.12375,0.26,6.5625,6.0,30.0,7.0,12.0,False,12,1.0,44,0.007025625127425883,0.65625,0.7000000000000001,1.2000000000000002
emerging_signal,10,10,heuristic,12,800,0.1,800,497,492,5,512,133,54,23,31,31,0,1,0.42592592592592593,0.5740740740740741,0.64,0.615,0.16625,5.608695652173913,0.0,63.0,1.0,25.0,False,12,1.0,11,0.012996250261494424,0.5608695652173913,0.1,2.5
emerging_signal,10,10,adaptive,12,800,0.1,800,487,481,6,502,9,54,35,19,19,0,1,0.6481481481481481,0.35185185185185186,0.6275,0.60125,0.01125,6.114285714285714,3.0,23.0,1.0,25.0,False,12,1.0,11,3.239738000665966,0.6114285714285714,0.1,2.5
emerging_signal,11,11,sequential,12,800,0.1,800,97,86,11,88,0,59,46,13,13,0,1,0.7796610169491526,0.22033898305084745,0.11,0.1075,0.0,4.6521739130434785,3.0,14.0,8.0,5.0,False,12,1.0,11,0.0006992497947067022,0.46521739130434786,0.8,0.5
emerging_signal,11,11,random,12,800,0.1,800,88,76,12,79,239,59,32,27,25,2,1,0.5423728813559322,0.4576271186440678,0.09875,0.095,0.29875,5.3125,3.0,23.0,42.0,5.0,False,12,1.0,32,0.00569825013371883,0.53125,4.2,0.5
emerging_signal,11,11,heuristic,12,800,0.1,800,328,321,7,326,267,59,27,32,32,0,0,0.4576271186440678,0.5423728813559322,0.4075,0.40125,0.33375,3.7037037037037037,0.0,42.0,9.0,90.0,False,12,1.0,12,0.011668250081129372,0.3703703703703704,0.9,9.0
emerging_signal,11,11,adaptive,12,800,0.1,800,424,410,14,420,39,59,30,29,29,0,1,0.5084745762711864,0.4915254237288136,0.525,0.5125,0.04875,5.2,3.0,28.0,8.0,4.0,False,12,1.0,11,3.221611750232114,0.52,0.8,0.4
emerging_signal,12,12,sequential,12,800,0.1,800,100,89,11,91,0,47,33,14,13,1,0,0.7021276595744681,0.2978723404255319,0.11375,0.11125,0.0,4.333333333333333,4.0,11.0,8.0,5.0,False,12,1.0,11,0.0008086242451099679,0.43333333333333335,0.8,0.5
emerging_signal,12,12,random,12,800,0.1,800,104,91,13,96,229,47,30,17,16,1,0,0.6382978723404256,0.3617021276595745,0.12,0.11375,0.28625,3.8333333333333335,3.0,13.0,13.0,3.0,False,12,1.0,20,0.006026000264682807,0.38333333333333336,1.3,0.30000000000000004
emerging_signal,12,12,heuristic,12,800,0.1,800,318,310,8,321,291,47,20,27,26,1,1,0.425531914893617,0.574468085106383,0.40125,0.3875,0.36375,0.85,0.0,7.0,8.0,,True,12,1.0,12,0.013671750093635637,0.085,0.8,
emerging_signal,12,12,adaptive,12,800,0.1,800,456,451,5,467,31,47,27,20,20,0,0,0.574468085106383,0.425531914893617,0.58375,0.56375,0.03875,7.62962962962963,4.0,31.0,8.0,32.0,False,12,1.0,11,2.9749239994271193,0.7629629629629631,0.8,3.2
emerging_signal,13,13,sequential,12,800,0.1,800,108,87,21,89,0,52,37,15,14,1,0,0.7115384615384616,0.28846153846153844,0.11125,0.10875,0.0,4.162162162162162,5.0,10.0,1.0,5.0,False,12,1.0,11,0.0007314997492358088,0.41621621621621624,0.1,0.5
emerging_signal,13,13,random,12,800,0.1,800,106,84,22,85,240,52,29,23,23,0,0,0.5576923076923077,0.4423076923076923,0.10625,0.105,0.3,6.655172413793103,4.0,23.0,59.0,27.0,False,12,1.0,33,0.005537749966606498,0.6655172413793103,5.9,2.7
emerging_signal,13,13,heuristic,12,800,0.1,800,346,335,11,342,267,52,23,29,29,0,1,0.4423076923076923,0.5576923076923077,0.4275,0.41875,0.33375,2.9130434782608696,0.0,23.0,1.0,27.0,False,12,1.0,12,0.011170500256412197,0.291304347826087,0.1,2.7
emerging_signal,13,13,adaptive,12,800,0.1,800,459,453,6,469,32,52,33,19,19,0,0,0.6346153846153846,0.36538461538461536,0.58625,0.56625,0.04,4.303030303030303,1.0,33.0,1.0,19.0,False,12,1.0,11,2.789796624238079,0.4303030303030303,0.1,1.9000000000000001
emerging_signal,14,14,sequential,12,800,0.1,800,88,83,5,84,0,53,36,17,17,0,0,0.6792452830188679,0.32075471698113206,0.105,0.10375,0.0,4.722222222222222,5.0,11.0,13.0,5.0,False,12,1.0,11,0.000629249625490047,0.47222222222222227,1.3,0.5
emerging_signal,14,14,random,12,800,0.1,800,91,78,13,80,245,53,29,24,24,0,1,0.5471698113207547,0.4528301886792453,0.1,0.0975,0.30625,5.379310344827586,5.0,26.0,0.0,36.0,False,12,1.0,39,0.0052193748342688195,0.5379310344827587,0.0,3.6
emerging_signal,14,14,heuristic,12,800,0.1,800,315,307,8,322,314,53,14,39,39,0,1,0.2641509433962264,0.7358490566037735,0.4025,0.38375,0.3925,0.35714285714285715,0.0,3.0,13.0,113.0,False,12,1.0,12,0.012761750222125556,0.03571428571428572,1.3,11.3
emerging_signal,14,14,adaptive,12,800,0.1,800,455,447,8,465,41,53,30,23,23,0,0,0.5660377358490566,0.4339622641509434,0.58125,0.55875,0.05125,5.233333333333333,1.0,32.0,13.0,10.0,False,12,1.0,11,2.8883348752060556,0.5233333333333333,1.3,1.0
emerging_signal,15,15,sequential,12,800,0.1,800,103,88,15,90,0,54,48,6,5,1,0,0.8888888888888888,0.1111111111111111,0.1125,0.11,0.0,4.833333333333333,4.5,11.0,8.0,5.0,False,12,1.0,11,0.0008286247975775041,0.48333333333333334,0.8,0.5
emerging_signal,15,15,random,12,800,0.1,800,97,85,12,90,231,54,39,15,14,1,0,0.7222222222222222,0.2777777777777778,0.1125,0.10625,0.28875,5.6923076923076925,4.0,22.0,1.0,5.0,False,12,1.0,38,0.004173625166004058,0.5692307692307693,0.1,0.5
emerging_signal,15,15,heuristic,12,800,0.1,800,346,332,14,340,264,54,24,30,30,0,1,0.4444444444444444,0.5555555555555556,0.425,0.415,0.33,2.4166666666666665,0.0,31.0,8.0,200.0,False,12,1.0,11,0.010827249971043784,0.24166666666666667,0.8,20.0
emerging_signal,15,15,adaptive,12,800,0.1,800,431,418,13,435,26,54,33,21,21,0,0,0.6111111111111112,0.3888888888888889,0.54375,0.5225,0.0325,6.151515151515151,3.0,28.0,8.0,11.0,False,12,1.0,11,3.0352263751410646,0.6151515151515152,0.8,1.1
emerging_signal,16,16,sequential,12,800,0.1,800,103,84,19,84,0,54,43,11,11,0,0,0.7962962962962963,0.2037037037037037,0.105,0.105,0.0,4.395348837209302,4.0,11.0,8.0,5.0,False,12,1.0,11,0.0006495003617601469,0.43953488372093025,0.8,0.5
emerging_signal,16,16,random,12,800,0.1,800,112,94,18,95,230,54,35,19,19,0,1,0.6481481481481481,0.35185185185185186,0.11875,0.1175,0.2875,4.114285714285714,2.0,24.0,18.0,6.0,False,12,1.0,29,0.005764000270573888,0.4114285714285714,1.8,0.6000000000000001
emerging_signal,16,16,heuristic,12,800,0.1,800,299,291,8,300,300,54,28,26,25,1,2,0.5185185185185185,0.48148148148148145,0.375,0.36375,0.375,3.607142857142857,0.0,72.0,19.0,103.0,False,12,1.0,12,0.014924749375495594,0.36071428571428577,1.9000000000000001,10.3
emerging_signal,16,16,adaptive,12,800,0.1,800,445,439,6,454,33,54,34,20,20,0,0,0.6296296296296297,0.37037037037037035,0.5675,0.54875,0.04125,5.382352941176471,3.0,33.0,8.0,25.0,False,12,1.0,11,2.6606172498941305,0.5382352941176471,0.8,2.5
emerging_signal,17,17,sequential,12,800,0.1,800,104,91,13,97,0,54,43,11,11,0,0,0.7962962962962963,0.2037037037037037,0.12125,0.11375,0.0,5.813953488372093,5.0,22.0,1.0,5.0,False,12,1.0,11,0.0007255005402839743,0.5813953488372093,0.1,0.5
emerging_signal,17,17,random,12,800,0.1,800,98,86,12,86,257,54,35,19,19,0,0,0.6481481481481481,0.35185185185185186,0.1075,0.1075,0.32125,7.485714285714286,4.0,52.0,0.0,52.0,False,12,1.0,27,0.005836375203216448,0.7485714285714287,0.0,5.2
emerging_signal,17,17,heuristic,12,800,0.1,800,501,494,7,508,127,54,23,31,31,0,1,0.42592592592592593,0.5740740740740741,0.635,0.6175,0.15875,2.130434782608696,0.0,24.0,1.0,89.0,False,12,1.0,13,0.011834250035462901,0.21304347826086958,0.1,8.9
emerging_signal,17,17,adaptive,12,800,0.1,800,485,474,11,488,31,54,30,24,24,0,0,0.5555555555555556,0.4444444444444444,0.61,0.5925,0.03875,4.333333333333333,2.0,16.0,1.0,16.0,False,12,1.0,11,4.502855875143723,0.43333333333333335,0.1,1.6
emerging_signal,18,18,sequential,12,800,0.1,800,106,91,15,91,0,58,39,19,19,0,1,0.6724137931034483,0.3275862068965517,0.11375,0.11375,0.0,4.717948717948718,4.0,11.0,8.0,5.0,False,12,1.0,11,0.0007133745748433284,0.47179487179487184,0.8,0.5
emerging_signal,18,18,random,12,800,0.1,800,101,91,10,96,230,58,35,23,23,0,1,0.603448275862069,0.39655172413793105,0.12,0.11375,0.2875,7.571428571428571,4.0,33.0,3.0,7.0,False,12,1.0,19,0.004916875041089952,0.7571428571428571,0.30000000000000004,0.7000000000000001
emerging_signal,18,18,heuristic,12,800,0.1,800,299,292,7,304,341,58,22,36,36,0,1,0.3793103448275862,0.6206896551724138,0.38,0.365,0.42625,3.5454545454545454,0.0,49.0,9.0,430.0,False,12,1.0,11,0.011224125591979828,0.35454545454545455,0.9,43.0
emerging_signal,18,18,adaptive,12,800,0.1,800,447,443,4,456,31,58,33,25,25,0,0,0.5689655172413793,0.43103448275862066,0.57,0.55375,0.03875,3.909090909090909,2.0,24.0,8.0,20.0,False,12,1.0,11,2.857577500108164,0.39090909090909093,0.8,2.0
emerging_signal,19,19,sequential,12,800,0.1,800,98,84,14,88,0,56,46,10,10,0,0,0.8214285714285714,0.17857142857142858,0.11,0.105,0.0,6.282608695652174,8.0,11.0,1.0,5.0,False,12,1.0,11,0.0007741247827652842,0.6282608695652174,0.1,0.5
emerging_signal,19,19,random,12,800,0.1,800,110,87,23,88,228,56,42,14,14,0,0,0.75,0.25,0.11,0.10875,0.285,7.714285714285714,6.0,31.0,11.0,7.0,False,12,1.0,43,0.005657000183418859,0.7714285714285715,1.1,0.7000000000000001
emerging_signal,19,19,heuristic,12,800,0.1,800,409,401,8,408,226,56,24,32,32,0,1,0.42857142857142855,0.5714285714285714,0.51,0.50125,0.2825,1.0,0.0,13.0,1.0,,True,12,1.0,11,0.012458624514692929,0.1,0.1,
emerging_signal,19,19,adaptive,12,800,0.1,800,463,456,7,470,42,56,40,16,15,1,1,0.7142857142857143,0.2857142857142857,0.5875,0.57,0.0525,6.25,3.0,34.0,1.0,14.0,False,12,1.0,11,2.6942732500174316,0.625,0.1,1.4000000000000001
emerging_signal,20,20,sequential,12,800,0.1,800,101,87,14,88,0,51,39,12,12,0,0,0.7647058823529411,0.23529411764705882,0.11,0.10875,0.0,5.0256410256410255,4.0,11.0,8.0,5.0,False,12,1.0,11,0.0006510005550808273,0.5025641025641026,0.8,0.5
emerging_signal,20,20,random,12,800,0.1,800,101,86,15,86,243,51,31,20,20,0,0,0.6078431372549019,0.39215686274509803,0.1075,0.1075,0.30375,10.516129032258064,7.0,47.0,13.0,28.0,False,12,1.0,31,0.004697000149462838,1.0516129032258064,1.3,2.8000000000000003
emerging_signal,20,20,heuristic,12,800,0.1,800,384,378,6,385,244,51,23,28,28,0,1,0.45098039215686275,0.5490196078431373,0.48125,0.4725,0.305,6.782608695652174,0.0,106.0,9.0,231.0,False,12,1.0,14,0.011712248706317041,0.6782608695652175,0.9,23.1
emerging_signal,20,20,adaptive,12,800,0.1,800,435,430,5,443,45,51,29,22,22,0,0,0.5686274509803921,0.43137254901960786,0.55375,0.5375,0.05625,6.620689655172414,6.0,21.0,8.0,17.0,False,12,1.0,11,2.6824701251098304,0.6620689655172414,0.8,1.7000000000000002
emerging_signal,21,21,sequential,12,800,0.1,800,99,85,14,94,0,54,39,15,11,4,1,0.7222222222222222,0.2777777777777778,0.1175,0.10625,0.0,4.102564102564102,4.0,14.0,1.0,29.0,False,12,1.0,11,0.0006456255869125016,0.41025641025641024,0.1,2.9000000000000004
emerging_signal,21,21,random,12,800,0.1,800,93,77,16,78,231,54,31,23,23,0,0,0.5740740740740741,0.42592592592592593,0.0975,0.09625,0.28875,6.838709677419355,5.0,36.0,5.0,3.0,False,12,1.0,42,0.0043986254604533315,0.6838709677419356,0.5,0.30000000000000004
emerging_signal,21,21,heuristic,12,800,0.1,800,473,465,8,486,145,54,23,31,29,2,1,0.42592592592592593,0.5740740740740741,0.6075,0.58125,0.18125,2.347826086956522,0.0,20.0,1.0,84.0,False,12,1.0,11,0.0117366251652129,0.2347826086956522,0.1,8.4
emerging_signal,21,21,adaptive,12,800,0.1,800,448,437,11,449,38,54,33,21,20,1,1,0.6111111111111112,0.3888888888888889,0.56125,0.54625,0.0475,6.03030303030303,4.0,22.0,1.0,6.0,False,12,1.0,11,2.525161624835164,0.603030303030303,0.1,0.6000000000000001
emerging_signal,22,22,sequential,12,800,0.1,800,113,92,21,93,0,52,39,13,12,1,0,0.75,0.25,0.11625,0.115,0.0,5.128205128205129,5.0,11.0,1.0,17.0,False,12,1.0,11,0.0006961256440263242,0.5128205128205129,0.1,1.7000000000000002
emerging_signal,22,22,random,12,800,0.1,800,100,88,12,91,222,52,32,20,20,0,0,0.6153846153846154,0.38461538461538464,0.11375,0.11,0.2775,5.90625,4.0,28.0,5.0,18.0,False,12,1.0,49,0.004548750366666354,0.5906250000000001,0.5,1.8
emerging_signal,22,22,heuristic,12,800,0.1,800,428,418,10,430,194,52,22,30,30,0,1,0.4230769230769231,0.5769230769230769,0.5375,0.5225,0.2425,2.727272727272727,0.0,24.0,1.0,145.0,False,12,1.0,12,0.0108378749791882,0.2727272727272727,0.1,14.5
emerging_signal,22,22,adaptive,12,800,0.1,800,492,481,11,497,30,52,26,26,26,0,0,0.5,0.5,0.62125,0.60125,0.0375,6.961538461538462,3.0,32.0,1.0,3.0,False,12,1.0,11,4.165938375663245,0.6961538461538462,0.1,0.30000000000000004
emerging_signal,23,23,sequential,12,800,0.1,800,112,97,15,99,0,54,40,14,13,1,1,0.7407407407407407,0.25925925925925924,0.12375,0.12125,0.0,4.625,5.0,11.0,1.0,17.0,False,12,1.0,11,0.001401500339852646,0.4625,0.1,1.7000000000000002
emerging_signal,23,23,random,12,800,0.1,800,99,86,13,92,240,54,34,20,19,1,1,0.6296296296296297,0.37037037037037035,0.115,0.1075,0.3,8.470588235294118,5.0,50.0,1.0,27.0,False,12,1.0,46,0.014056499749131035,0.8470588235294119,0.1,2.7
emerging_signal,23,23,heuristic,12,800,0.1,800,464,457,7,472,161,54,26,28,28,0,1,0.48148148148148145,0.5185185185185185,0.59,0.57125,0.20125,5.1923076923076925,0.0,64.0,1.0,158.0,False,12,1.0,11,0.025572625345375855,0.5192307692307693,0.1,15.8
emerging_signal,23,23,adaptive,12,800,0.1,800,477,475,2,481,30,54,34,20,20,0,0,0.6296296296296297,0.37037037037037035,0.60125,0.59375,0.0375,3.911764705882353,1.0,20.0,1.0,6.0,False,12,1.0,11,5.245543749879289,0.3911764705882353,0.1,0.6000000000000001
emerging_signal,24,24,sequential,12,800,0.1,800,101,85,16,88,0,57,42,15,15,0,1,0.7368421052631579,0.2631578947368421,0.11,0.10625,0.0,5.0,4.0,29.0,8.0,5.0,False,12,1.0,11,0.0012482508100220002,0.5,0.8,0.5
emerging_signal,24,24,random,12,800,0.1,800,110,97,13,100,222,57,39,18,18,0,1,0.6842105263157895,0.3157894736842105,0.125,0.12125,0.2775,5.871794871794871,3.0,35.0,16.0,2.0,False,12,1.0,39,0.013948750274721533,0.5871794871794872,1.6,0.2
emerging_signal,24,24,heuristic,12,800,0.1,800,396,388,8,398,238,57,29,28,28,0,0,0.5087719298245614,0.49122807017543857,0.4975,0.485,0.2975,3.8275862068965516,0.0,33.0,7.0,113.0,False,12,1.0,11,0.025900874825310893,0.38275862068965516,0.7000000000000001,11.3
emerging_signal,24,24,adaptive,12,800,0.1,800,421,409,12,419,37,57,30,27,27,0,1,0.5263157894736842,0.47368421052631576,0.52375,0.51125,0.04625,6.666666666666667,2.0,35.0,8.0,2.0,False,12,1.0,11,5.316718375652272,0.6666666666666667,0.8,0.2
emerging_signal,25,25,sequential,12,800,0.1,800,107,91,16,95,0,50,40,10,10,0,0,0.8,0.2,0.11875,0.11375,0.0,5.85,5.5,16.0,8.0,5.0,False,12,1.0,11,0.001604625431355089,0.585,0.8,0.5
emerging_signal,25,25,random,12,800,0.1,800,99,85,14,88,214,50,32,18,18,0,0,0.64,0.36,0.11,0.10625,0.2675,7.21875,4.0,23.0,16.0,16.0,False,12,1.0,28,0.013067000181763433,0.721875,1.6,1.6
emerging_signal,25,25,heuristic,12,800,0.1,800,339,335,4,348,309,50,21,29,29,0,0,0.42,0.58,0.435,0.41875,0.38625,1.0952380952380953,0.0,9.0,9.0,230.0,False,12,1.0,12,0.02569274955021683,0.10952380952380954,0.9,23.0
emerging_signal,25,25,adaptive,12,800,0.1,800,468,461,7,473,34,50,28,22,22,0,0,0.56,0.44,0.59125,0.57625,0.0425,5.035714285714286,2.0,25.0,8.0,15.0,False,12,1.0,11,5.475468625045323,0.5035714285714286,0.8,1.5
emerging_signal,26,26,sequential,12,800,0.1,800,99,85,14,87,0,51,32,19,18,1,0,0.6274509803921569,0.37254901960784315,0.10875,0.10625,0.0,6.21875,6.5,12.0,1.0,17.0,False,12,1.0,11,0.0012986243382329121,0.6218750000000001,0.1,1.7000000000000002
emerging_signal,26,26,random,12,800,0.1,800,110,96,14,98,224,51,33,18,18,0,0,0.6470588235294118,0.35294117647058826,0.1225,0.12,0.28,6.393939393939394,5.0,24.0,7.0,3.0,False,12,1.0,28,0.014756999953533523,0.6393939393939394,0.7000000000000001,0.30000000000000004
emerging_signal,26,26,heuristic,12,800,0.1,800,385,377,8,387,250,51,19,32,32,0,1,0.37254901960784315,0.6274509803921569,0.48375,0.47125,0.3125,5.421052631578948,0.0,74.0,1.0,129.0,False,12,1.0,11,0.024998374756250996,0.5421052631578948,0.1,12.9
emerging_signal,26,26,adaptive,12,800,0.1,800,441,432,9,441,47,51,27,24,24,0,0,0.5294117647058824,0.47058823529411764,0.55125,0.54,0.05875,6.222222222222222,4.0,21.0,1.0,10.0,False,12,1.0,11,5.43133687468071,0.6222222222222222,0.1,1.0
emerging_signal,27,27,sequential,12,800,0.1,800,115,94,21,96,0,51,40,11,10,1,0,0.7843137254901961,0.21568627450980393,0.12,0.1175,0.0,5.25,5.0,11.0,1.0,5.0,False,12,1.0,11,0.0013804999980493449,0.525,0.1,0.5
emerging_signal,27,27,random,12,800,0.1,800,106,95,11,98,220,51,33,18,18,0,1,0.6470588235294118,0.35294117647058826,0.1225,0.11875,0.275,6.242424242424242,7.0,17.0,5.0,7.0,False,12,1.0,36,0.01392337457218673,0.6242424242424243,0.5,0.7000000000000001
emerging_signal,27,27,heuristic,12,800,0.1,800,448,437,11,446,173,51,20,31,31,0,1,0.39215686274509803,0.6078431372549019,0.5575,0.54625,0.21625,2.2,0.0,33.0,1.0,251.0,False,12,1.0,11,0.024942499439930543,0.22000000000000003,0.1,25.1
emerging_signal,27,27,adaptive,12,800,0.1,800,471,461,10,473,49,51,34,17,17,0,1,0.6666666666666666,0.3333333333333333,0.59125,0.57625,0.06125,6.147058823529412,3.0,35.0,1.0,24.0,False,12,1.0,11,5.2978136243109475,0.6147058823529412,0.1,2.4000000000000004
emerging_signal,28,28,sequential,12,800,0.1,800,112,92,20,92,0,58,44,14,14,0,0,0.7586206896551724,0.2413793103448276,0.115,0.115,0.0,4.318181818181818,4.0,11.0,8.0,5.0,False,12,1.0,11,0.0017621248844079673,0.4318181818181819,0.8,0.5
emerging_signal,28,28,random,12,800,0.1,800,105,96,9,96,243,58,33,25,25,0,0,0.5689655172413793,0.43103448275862066,0.12,0.12,0.30375,6.545454545454546,3.0,24.0,80.0,4.0,False,12,1.0,24,0.014954749967728276,0.6545454545454547,8.0,0.4
emerging_signal,28,28,heuristic,12,800,0.1,800,323,311,12,320,301,58,22,36,36,0,0,0.3793103448275862,0.6206896551724138,0.4,0.38875,0.37625,3.5454545454545454,0.0,28.0,9.0,374.0,False,12,1.0,13,0.0256522500058054,0.35454545454545455,0.9,37.4
emerging_signal,28,28,adaptive,12,800,0.1,800,430,420,10,426,34,58,34,24,24,0,0,0.5862068965517241,0.41379310344827586,0.5325,0.525,0.0425,7.0588235294117645,5.5,29.0,8.0,5.0,False,12,1.0,11,5.266588125086855,0.7058823529411765,0.8,0.5
emerging_signal,29,29,sequential,12,800,0.1,800,115,94,21,95,0,59,44,15,15,0,0,0.7457627118644068,0.2542372881355932,0.11875,0.1175,0.0,4.340909090909091,4.0,10.0,1.0,5.0,False,12,1.0,11,0.0012689997311099432,0.4340909090909091,0.1,0.5
emerging_signal,29,29,random,12,800,0.1,800,106,89,17,90,222,59,35,24,24,0,1,0.5932203389830508,0.4067796610169492,0.1125,0.11125,0.2775,6.942857142857143,5.0,29.0,9.0,2.0,False,12,1.0,44,0.014956000522943214,0.6942857142857144,0.9,0.2
emerging_signal,29,29,heuristic,12,800,0.1,800,466,452,14,464,159,59,23,36,36,0,0,0.3898305084745763,0.6101694915254238,0.58,0.565,0.19875,1.6521739130434783,0.0,12.0,2.0,221.0,False,12,1.0,12,0.025528124497213867,0.16521739130434784,0.2,22.1
emerging_signal,29,29,adaptive,12,800,0.1,800,491,475,16,484,29,59,40,19,19,0,0,0.6779661016949152,0.3220338983050847,0.605,0.59375,0.03625,5.425,3.5,22.0,1.0,17.0,False,12,1.0,11,5.36047862507985,0.5425,0.1,1.7000000000000002
high_noise,0,0,sequential,12,800,0.1,800,116,32,84,71,0,64,22,42,23,19,0,0.34375,0.65625,0.08875,0.04,0.0,8.090909090909092,6.5,20.0,2.0,,False,12,1.0,11,0.0018091248057316989,0.8090909090909092,0.2,
high_noise,0,0,random,12,800,0.1,800,112,26,86,41,209,64,18,46,40,6,0,0.28125,0.71875,0.05125,0.0325,0.26125,8.444444444444445,8.5,18.0,8.0,,False,12,1.0,38,0.01426525032002246,0.8444444444444446,0.8,
high_noise,0,0,heuristic,12,800,0.1,800,287,225,62,350,150,64,21,43,39,4,0,0.328125,0.671875,0.4375,0.28125,0.1875,2.9523809523809526,1.0,24.0,6.0,,False,12,1.0,14,0.02565937531471718,0.29523809523809524,0.6000000000000001,
high_noise,0,0,adaptive,12,800,0.1,800,223,146,77,233,19,64,25,39,27,12,0,0.390625,0.609375,0.29125,0.1825,0.02375,5.12,5.0,18.0,2.0,,False,12,1.0,11,5.305560374144989,0.512,0.2,
high_noise,1,1,sequential,12,800,0.1,800,139,32,107,60,0,64,25,39,28,11,0,0.390625,0.609375,0.075,0.04,0.0,8.04,5.0,32.0,5.0,,False,12,1.0,11,0.0013182503607822582,0.8039999999999999,0.5,
high_noise,1,1,random,12,800,0.1,800,131,30,101,58,212,64,22,42,33,9,1,0.34375,0.65625,0.0725,0.0375,0.265,8.227272727272727,6.5,41.0,8.0,,False,12,1.0,48,0.01377862547087716,0.8227272727272728,0.8,
high_noise,1,1,heuristic,12,800,0.1,800,228,149,79,253,161,64,21,43,42,1,0,0.328125,0.671875,0.31625,0.18625,0.20125,3.9047619047619047,3.0,18.0,5.0,,False,12,1.0,11,0.024714374412724283,0.3904761904761905,0.5,
high_noise,1,1,adaptive,12,800,0.1,800,161,75,86,126,24,64,27,37,27,10,0,0.421875,0.578125,0.1575,0.09375,0.03,6.0,4.0,29.0,5.0,,False,12,1.0,11,5.398190000887553,0.6000000000000001,0.5,
high_noise,2,2,sequential,12,800,0.1,800,121,30,91,62,0,63,23,40,24,16,1,0.36507936507936506,0.6349206349206349,0.0775,0.0375,0.0,7.0,5.0,22.0,14.0,,False,12,1.0,11,0.001369374804198742,0.7000000000000001,1.4000000000000001,
high_noise,2,2,random,12,800,0.1,800,121,28,93,58,204,63,15,48,37,11,1,0.23809523809523808,0.7619047619047619,0.0725,0.035,0.255,7.8,5.0,22.0,6.0,,False,12,1.0,16,0.013725875032832846,0.78,0.6000000000000001,
high_noise,2,2,heuristic,12,800,0.1,800,98,0,98,6,339,63,0,63,57,6,1,0.0,1.0,0.0075,0.0,0.42375,,,,,,False,12,1.0,11,0.0253736246668268,,,
high_noise,2,2,adaptive,12,800,0.1,800,156,75,81,129,17,63,27,36,25,11,1,0.42857142857142855,0.5714285714285714,0.16125,0.09375,0.02125,5.518518518518518,3.0,25.0,16.0,,False,12,1.0,11,5.264429249691602,0.5518518518518518,1.6,
high_noise,3,3,sequential,12,800,0.1,800,137,30,107,58,0,64,24,40,24,16,0,0.375,0.625,0.0725,0.0375,0.0,8.541666666666666,7.0,20.0,26.0,,False,12,1.0,11,0.0012587505261763,0.8541666666666666,2.6,
high_noise,3,3,random,12,800,0.1,800,131,28,103,53,184,64,14,50,39,11,0,0.21875,0.78125,0.06625,0.035,0.23,4.071428571428571,3.5,12.0,3.0,,False,12,1.0,31,0.014002875541336834,0.40714285714285714,0.30000000000000004,
high_noise,3,3,heuristic,12,800,0.1,800,241,173,68,303,163,64,18,46,42,4,0,0.28125,0.71875,0.37875,0.21625,0.20375,1.5555555555555556,0.0,8.0,3.0,,False,12,1.0,12,0.02562325000326382,0.15555555555555556,0.30000000000000004,
high_noise,3,3,adaptive,12,800,0.1,800,192,86,106,136,13,64,30,34,24,10,0,0.46875,0.53125,0.17,0.1075,0.01625,5.366666666666666,3.5,21.0,26.0,,False,12,1.0,11,5.319140749998041,0.5366666666666666,2.6,
high_noise,4,4,sequential,12,800,0.1,800,133,33,100,69,0,64,22,42,27,15,0,0.34375,0.65625,0.08625,0.04125,0.0,8.727272727272727,5.0,44.0,14.0,,False,12,1.0,11,0.0013718749687541276,0.8727272727272727,1.4000000000000001,
high_noise,4,4,random,12,800,0.1,800,145,39,106,60,181,64,20,44,36,8,0,0.3125,0.6875,0.075,0.04875,0.22625,8.75,7.5,29.0,8.0,,False,12,1.0,26,0.013012124654778745,0.875,0.8,
high_noise,4,4,heuristic,12,800,0.1,800,220,120,100,208,186,64,12,52,46,6,0,0.1875,0.8125,0.26,0.15,0.2325,2.75,1.0,21.0,40.0,,False,12,1.0,11,0.025823499345278833,0.275,4.0,
high_noise,4,4,adaptive,12,800,0.1,800,189,116,73,197,23,64,25,39,27,12,0,0.390625,0.609375,0.24625,0.145,0.02875,6.08,5.0,24.0,16.0,,False,12,1.0,11,5.3770446253111,0.6080000000000001,1.6,
high_noise,5,5,sequential,12,800,0.1,800,123,33,90,46,0,58,26,32,26,6,1,0.4482758620689655,0.5517241379310345,0.0575,0.04125,0.0,5.0,4.0,17.0,5.0,,False,12,1.0,11,0.0012574999709613621,0.5,0.5,
high_noise,5,5,random,12,800,0.1,800,129,17,112,34,184,58,12,46,38,8,1,0.20689655172413793,0.7931034482758621,0.0425,0.02125,0.23,7.666666666666667,4.5,24.0,4.0,,False,12,1.0,29,0.013663000463566277,0.7666666666666667,0.4,
high_noise,5,5,heuristic,12,800,0.1,800,91,2,89,4,321,58,2,56,54,2,1,0.034482758620689655,0.9655172413793104,0.005,0.0025,0.40125,17.5,17.5,27.0,8.0,,False,12,1.0,14,0.025656124416855164,1.75,0.8,
high_noise,5,5,adaptive,12,800,0.1,800,163,76,87,119,17,58,23,35,29,6,1,0.39655172413793105,0.603448275862069,0.14875,0.095,0.02125,3.1739130434782608,2.0,12.0,5.0,,False,12,1.0,11,5.581075000591227,0.3173913043478261,0.5,
high_noise,6,6,sequential,12,800,0.1,800,133,45,88,68,0,69,26,43,32,11,1,0.37681159420289856,0.6231884057971014,0.085,0.05625,0.0,5.1923076923076925,4.5,18.0,2.0,,False,12,1.0,11,0.0015098748917807825,0.5192307692307693,0.2,
high_noise,6,6,random,12,800,0.1,800,146,32,114,62,187,69,21,48,40,8,1,0.30434782608695654,0.6956521739130435,0.0775,0.04,0.23375,5.0476190476190474,3.0,20.0,0.0,,False,12,1.0,22,0.014903624978614971,0.5047619047619047,0.0,
high_noise,6,6,heuristic,12,800,0.1,800,292,237,55,395,139,69,20,49,47,2,0,0.2898550724637681,0.7101449275362319,0.49375,0.29625,0.17375,1.95,1.0,15.0,2.0,,False,12,1.0,12,0.02624537537485594,0.195,0.2,
high_noise,6,6,adaptive,12,800,0.1,800,178,106,72,182,20,69,25,44,30,14,0,0.36231884057971014,0.6376811594202898,0.2275,0.1325,0.025,4.84,4.0,15.0,2.0,,False,12,1.0,11,3.572566750444821,0.484,0.2,
high_noise,7,7,sequential,12,800,0.1,800,138,37,101,61,0,60,23,37,24,13,0,0.38333333333333336,0.6166666666666667,0.07625,0.04625,0.0,5.391304347826087,5.0,16.0,2.0,,False,12,1.0,11,0.0005381255323300138,0.5391304347826087,0.2,
high_noise,7,7,random,12,800,0.1,800,141,46,95,64,203,60,21,39,32,7,0,0.35,0.65,0.08,0.0575,0.25375,7.0,4.0,26.0,56.0,,False,12,1.0,22,0.004142125071666669,0.7000000000000001,5.6000000000000005,
high_noise,7,7,heuristic,12,800,0.1,800,266,209,57,341,173,60,13,47,45,2,0,0.21666666666666667,0.7833333333333333,0.42625,0.26125,0.21625,0.6923076923076923,0.0,5.0,2.0,,False,12,1.0,12,0.011535000303410925,0.06923076923076923,0.2,
high_noise,7,7,adaptive,12,800,0.1,800,187,104,83,177,13,60,20,40,28,12,0,0.3333333333333333,0.6666666666666666,0.22125,0.13,0.01625,6.0,4.5,20.0,2.0,,False,12,1.0,11,2.432420374934736,0.6000000000000001,0.2,
high_noise,8,8,sequential,12,800,0.1,800,167,47,120,72,0,66,29,37,24,13,0,0.4393939393939394,0.5606060606060606,0.09,0.05875,0.0,5.448275862068965,5.0,19.0,2.0,,False,12,1.0,11,0.0005549998604692519,0.5448275862068965,0.2,
high_noise,8,8,random,12,800,0.1,800,117,34,83,60,213,66,20,46,36,10,0,0.30303030303030304,0.696969696969697,0.075,0.0425,0.26625,9.85,7.0,31.0,2.0,,False,12,1.0,17,0.004060499886691105,0.985,0.2,
high_noise,8,8,heuristic,12,800,0.1,800,305,250,55,414,114,66,21,45,39,6,0,0.3181818181818182,0.6818181818181818,0.5175,0.3125,0.1425,1.0476190476190477,1.0,5.0,2.0,,False,12,1.0,11,0.01024087512632832,0.10476190476190478,0.2,
high_noise,8,8,adaptive,12,800,0.1,800,191,107,84,190,20,66,23,43,34,9,0,0.3484848484848485,0.6515151515151515,0.2375,0.13375,0.025,5.956521739130435,4.0,23.0,2.0,,False,12,1.0,11,2.545794125107932,0.5956521739130435,0.2,
high_noise,9,9,sequential,12,800,0.1,800,131,34,97,58,0,64,21,43,31,12,1,0.328125,0.671875,0.0725,0.0425,0.0,6.428571428571429,5.0,16.0,17.0,,False,12,1.0,11,0.0008625002010376193,0.6428571428571429,1.7000000000000002,
high_noise,9,9,random,12,800,0.1,800,139,37,102,65,199,64,20,44,35,9,1,0.3125,0.6875,0.08125,0.04625,0.24875,5.2,4.0,19.0,0.0,,False,12,1.0,46,0.004456875030882657,0.52,0.0,
high_noise,9,9,heuristic,12,800,0.1,800,196,107,89,162,243,64,8,56,52,4,0,0.125,0.875,0.2025,0.13375,0.30375,1.75,1.0,7.0,502.0,,False,12,1.0,13,0.010209624997514766,0.17500000000000002,50.2,
high_noise,9,9,adaptive,12,800,0.1,800,182,97,85,159,17,64,22,42,29,13,1,0.34375,0.65625,0.19875,0.12125,0.02125,5.818181818181818,4.5,20.0,16.0,,False,12,1.0,11,2.577885624814371,0.5818181818181819,1.6,
high_noise,10,10,sequential,12,800,0.1,800,149,47,102,80,0,54,25,29,17,12,0,0.46296296296296297,0.5370370370370371,0.1,0.05875,0.0,5.24,4.0,16.0,50.0,,False,12,1.0,11,0.0005696251173503697,0.524,5.0,
high_noise,10,10,random,12,800,0.1,800,137,47,90,77,192,54,24,30,22,8,1,0.4444444444444444,0.5555555555555556,0.09625,0.05875,0.24,8.708333333333334,6.5,27.0,3.0,,False,12,1.0,44,0.003963250128435902,0.8708333333333335,0.30000000000000004,
high_noise,10,10,heuristic,12,800,0.1,800,258,197,61,321,195,54,12,42,40,2,0,0.2222222222222222,0.7777777777777778,0.40125,0.24625,0.24375,1.4166666666666667,0.5,8.0,301.0,,False,12,1.0,11,0.010067999173770659,0.1416666666666667,30.1,
high_noise,10,10,adaptive,12,800,0.1,800,199,117,82,220,18,54,24,30,22,8,0,0.4444444444444444,0.5555555555555556,0.275,0.14625,0.0225,6.166666666666667,5.0,20.0,13.0,,False,12,1.0,11,2.750292500531941,0.6166666666666667,1.3,
high_noise,11,11,sequential,12,800,0.1,800,142,42,100,82,0,65,29,36,22,14,0,0.4461538461538462,0.5538461538461539,0.1025,0.0525,0.0,6.0344827586206895,5.0,17.0,2.0,,False,12,1.0,11,0.0007168747106334195,0.603448275862069,0.2,
high_noise,11,11,random,12,800,0.1,800,131,42,89,69,201,65,22,43,34,9,0,0.3384615384615385,0.6615384615384615,0.08625,0.0525,0.25125,6.909090909090909,3.5,17.0,3.0,,False,12,1.0,32,0.0045072506327414885,0.6909090909090909,0.30000000000000004,
high_noise,11,11,heuristic,12,800,0.1,800,351,323,28,534,60,65,21,44,41,3,0,0.3230769230769231,0.676923076923077,0.6675,0.40375,0.075,1.0476190476190477,1.0,5.0,2.0,,False,12,1.0,12,0.01135299989982741,0.10476190476190478,0.2,
high_noise,11,11,adaptive,12,800,0.1,800,250,189,61,306,24,65,26,39,30,9,0,0.4,0.6,0.3825,0.23625,0.03,4.423076923076923,4.0,15.0,2.0,,False,12,1.0,11,2.5151106256453204,0.44230769230769235,0.2,
high_noise,12,12,sequential,12,800,0.1,800,163,56,107,84,0,58,29,29,17,12,0,0.5,0.5,0.105,0.07,0.0,5.827586206896552,5.0,17.0,5.0,,False,12,1.0,11,0.000648124550934881,0.5827586206896552,0.5,
high_noise,12,12,random,12,800,0.1,800,125,38,87,65,202,58,18,40,31,9,0,0.3103448275862069,0.6896551724137931,0.08125,0.0475,0.2525,6.0,4.5,24.0,10.0,,False,12,1.0,20,0.005229499511187896,0.6000000000000001,1.0,
high_noise,12,12,heuristic,12,800,0.1,800,329,282,47,481,89,58,17,41,39,2,0,0.29310344827586204,0.7068965517241379,0.60125,0.3525,0.11125,4.470588235294118,1.0,62.0,5.0,,False,12,1.0,12,0.01287712457269663,0.4470588235294118,0.5,
high_noise,12,12,adaptive,12,800,0.1,800,241,160,81,267,22,58,22,36,26,10,0,0.3793103448275862,0.6206896551724138,0.33375,0.2,0.0275,5.545454545454546,4.5,18.0,5.0,,False,12,1.0,11,2.7136993751992122,0.5545454545454546,0.5,
high_noise,13,13,sequential,12,800,0.1,800,121,31,90,63,0,62,21,41,24,17,0,0.3387096774193548,0.6612903225806451,0.07875,0.03875,0.0,8.0,5.0,23.0,26.0,,False,12,1.0,11,0.0006613755249418318,0.8,2.6,
high_noise,13,13,random,12,800,0.1,800,141,31,110,47,194,62,20,42,38,4,0,0.3225806451612903,0.6774193548387096,0.05875,0.03875,0.2425,6.2,4.5,21.0,23.0,,False,12,1.0,33,0.004168499835941475,0.6200000000000001,2.3000000000000003,
high_noise,13,13,heuristic,12,800,0.1,800,273,206,67,327,115,62,18,44,43,1,0,0.2903225806451613,0.7096774193548387,0.40875,0.2575,0.14375,1.4444444444444444,0.0,7.0,7.0,,False,12,1.0,12,0.010097625672642607,0.14444444444444446,0.7000000000000001,
high_noise,13,13,adaptive,12,800,0.1,800,212,134,78,205,21,62,23,39,32,7,1,0.3709677419354839,0.6290322580645161,0.25625,0.1675,0.02625,4.565217391304348,2.0,21.0,23.0,,False,12,1.0,11,2.477115124820557,0.4565217391304348,2.3000000000000003,
high_noise,14,14,sequential,12,800,0.1,800,130,41,89,69,0,57,24,33,22,11,0,0.42105263157894735,0.5789473684210527,0.08625,0.05125,0.0,8.625,6.0,25.0,5.0,,False,12,1.0,11,0.0005998744745738804,0.8625,0.5,
high_noise,14,14,random,12,800,0.1,800,148,51,97,69,188,57,24,33,27,6,0,0.42105263157894735,0.5789473684210527,0.08625,0.06375,0.235,5.583333333333333,4.0,22.0,17.0,,False,12,1.0,39,0.004359999475127552,0.5583333333333333,1.7000000000000002,
high_noise,14,14,heuristic,12,800,0.1,800,295,243,52,405,121,57,16,41,38,3,0,0.2807017543859649,0.7192982456140351,0.50625,0.30375,0.15125,2.0625,2.0,9.0,5.0,,False,12,1.0,12,0.013100625583319925,0.20625000000000002,0.5,
high_noise,14,14,adaptive,12,800,0.1,800,205,123,82,207,15,57,24,33,24,9,0,0.42105263157894735,0.5789473684210527,0.25875,0.15375,0.01875,5.5,4.5,14.0,5.0,,False,12,1.0,11,2.6425586249752087,0.55,0.5,
high_noise,15,15,sequential,12,800,0.1,800,127,29,98,59,0,59,21,38,22,16,0,0.3559322033898305,0.6440677966101694,0.07375,0.03625,0.0,8.142857142857142,5.0,20.0,74.0,,False,12,1.0,11,0.0005543758743442595,0.8142857142857143,7.4,
high_noise,15,15,random,12,800,0.1,800,132,28,104,54,181,59,15,44,32,12,1,0.2542372881355932,0.7457627118644068,0.0675,0.035,0.22625,6.2,5.0,28.0,6.0,,False,12,1.0,38,0.0046693750118720345,0.6200000000000001,0.6000000000000001,
high_noise,15,15,heuristic,12,800,0.1,800,149,63,86,119,270,59,6,53,48,5,0,0.1016949152542373,0.8983050847457628,0.14875,0.07875,0.3375,2.3333333333333335,1.0,9.0,459.0,,False,12,1.0,11,0.010621875044307671,0.23333333333333336,45.900000000000006,
high_noise,15,15,adaptive,12,800,0.1,800,160,72,88,128,21,59,23,36,22,14,0,0.3898305084745763,0.6101694915254238,0.16,0.09,0.02625,3.869565217391304,2.0,14.0,35.0,,False,12,1.0,11,2.4526086254263646,0.3869565217391304,3.5,
high_noise,16,16,sequential,12,800,0.1,800,141,44,97,73,0,63,29,34,23,11,0,0.4603174603174603,0.5396825396825397,0.09125,0.055,0.0,6.379310344827586,5.0,20.0,2.0,,False,12,1.0,11,0.0005651245737681165,0.6379310344827587,0.2,
high_noise,16,16,random,12,800,0.1,800,131,39,92,65,196,63,22,41,32,9,1,0.3492063492063492,0.6507936507936508,0.08125,0.04875,0.245,5.863636363636363,4.5,26.0,3.0,,False,12,1.0,29,0.004323250686866231,0.5863636363636363,0.30000000000000004,
high_noise,16,16,heuristic,12,800,0.1,800,328,274,54,429,108,63,22,41,37,4,0,0.3492063492063492,0.6507936507936508,0.53625,0.3425,0.135,1.1818181818181819,0.0,8.0,3.0,,False,12,1.0,12,0.010370625568612013,0.1181818181818182,0.30000000000000004,
high_noise,16,16,adaptive,12,800,0.1,800,217,129,88,222,21,63,25,38,25,13,0,0.3968253968253968,0.6031746031746031,0.2775,0.16125,0.02625,4.36,4.0,14.0,2.0,,False,12,1.0,11,2.4447598739061505,0.43600000000000005,0.2,
high_noise,17,17,sequential,12,800,0.1,800,128,37,91,72,0,73,29,44,29,15,0,0.3972602739726027,0.6027397260273972,0.09,0.04625,0.0,7.655172413793103,4.0,57.0,14.0,,False,12,1.0,11,0.0006112494156695902,0.7655172413793103,1.4000000000000001,
high_noise,17,17,random,12,800,0.1,800,128,35,93,57,204,73,26,47,41,6,0,0.3561643835616438,0.6438356164383562,0.07125,0.04375,0.255,9.038461538461538,8.0,31.0,9.0,,False,12,1.0,27,0.004590000462485477,0.9038461538461539,0.9,
high_noise,17,17,heuristic,12,800,0.1,800,284,236,48,383,131,73,21,52,46,6,0,0.2876712328767123,0.7123287671232876,0.47875,0.295,0.16375,1.5714285714285714,1.0,12.0,30.0,,False,12,1.0,13,0.010810124585987069,0.15714285714285714,3.0,
high_noise,17,17,adaptive,12,800,0.1,800,212,136,76,220,19,73,26,47,35,12,0,0.3561643835616438,0.6438356164383562,0.275,0.17,0.02375,5.0,3.0,16.0,56.0,,False,12,1.0,11,2.610479375180148,0.5,5.6000000000000005,
high_noise,18,18,sequential,12,800,0.1,800,159,42,117,79,0,61,23,38,21,17,0,0.3770491803278688,0.6229508196721312,0.09875,0.0525,0.0,5.434782608695652,5.0,22.0,5.0,,False,12,1.0,11,0.0006236248009372503,0.5434782608695653,0.5,
high_noise,18,18,random,12,800,0.1,800,137,33,104,58,188,61,18,43,34,9,0,0.29508196721311475,0.7049180327868853,0.0725,0.04125,0.235,9.61111111111111,7.0,36.0,77.0,,False,12,1.0,19,0.005091125312901568,0.9611111111111111,7.7,
high_noise,18,18,heuristic,12,800,0.1,800,334,294,40,506,78,61,16,45,41,4,0,0.26229508196721313,0.7377049180327869,0.6325,0.3675,0.0975,0.625,0.5,3.0,18.0,,False,12,1.0,11,0.011598000601225067,0.0625,1.8,
high_noise,18,18,adaptive,12,800,0.1,800,180,108,72,206,21,61,30,31,22,9,0,0.4918032786885246,0.5081967213114754,0.2575,0.135,0.02625,6.2,4.5,20.0,5.0,,False,12,1.0,11,2.642865375346446,0.6200000000000001,0.5,
high_noise,19,19,sequential,12,800,0.1,800,127,33,94,69,0,60,21,39,26,13,0,0.35,0.65,0.08625,0.04125,0.0,8.761904761904763,5.0,39.0,17.0,,False,12,1.0,11,0.0005981243521091528,0.8761904761904763,1.7000000000000002,
high_noise,19,19,random,12,800,0.1,800,127,31,96,60,194,60,13,47,36,11,0,0.21666666666666667,0.7833333333333333,0.075,0.03875,0.2425,11.923076923076923,9.0,36.0,65.0,,False,12,1.0,43,0.004390125322970562,1.1923076923076923,6.5,
high_noise,19,19,heuristic,12,800,0.1,800,120,4,116,10,253,60,1,59,55,4,0,0.016666666666666666,0.9833333333333333,0.0125,0.005,0.31625,4.0,4.0,4.0,341.0,,False,12,1.0,11,0.01201712540932931,0.4,34.1,
high_noise,19,19,adaptive,12,800,0.1,800,190,122,68,209,27,60,24,36,28,8,0,0.4,0.6,0.26125,0.1525,0.03375,6.125,4.5,31.0,14.0,,False,12,1.0,11,2.5071078743349062,0.6125,1.4000000000000001,
high_noise,20,20,sequential,12,800,0.1,800,130,37,93,70,0,60,23,37,22,15,0,0.38333333333333336,0.6166666666666667,0.0875,0.04625,0.0,7.6521739130434785,5.0,36.0,5.0,,False,12,1.0,11,0.0006431254223571159,0.7652173913043478,0.5,
high_noise,20,20,random,12,800,0.1,800,137,46,91,68,198,60,22,38,35,3,0,0.36666666666666664,0.6333333333333333,0.085,0.0575,0.2475,7.090909090909091,6.5,14.0,6.0,,False,12,1.0,31,0.004528124882199336,0.7090909090909091,0.6000000000000001,
high_noise,20,20,heuristic,12,800,0.1,800,162,81,81,174,252,60,19,41,35,6,0,0.31666666666666665,0.6833333333333333,0.2175,0.10125,0.315,2.526315789473684,1.0,11.0,6.0,,False,12,1.0,14,0.010756124320323579,0.25263157894736843,0.6000000000000001,
high_noise,20,20,adaptive,12,800,0.1,800,182,101,81,170,11,60,27,33,26,7,0,0.45,0.55,0.2125,0.12625,0.01375,7.444444444444445,7.0,23.0,5.0,,False,12,1.0,11,2.4729768746328773,0.7444444444444445,0.5,
high_noise,21,21,sequential,12,800,0.1,800,133,34,99,64,0,69,23,46,32,14,0,0.3333333333333333,0.6666666666666666,0.08,0.0425,0.0,7.608695652173913,5.0,34.0,17.0,,False,12,1.0,11,0.0006142498750705272,0.7608695652173914,1.7000000000000002,
high_noise,21,21,random,12,800,0.1,800,139,31,108,55,178,69,16,53,39,14,1,0.2318840579710145,0.7681159420289855,0.06875,0.03875,0.2225,7.9375,4.0,29.0,12.0,,False,12,1.0,42,0.004500375107454602,0.7937500000000001,1.2000000000000002,
high_noise,21,21,heuristic,12,800,0.1,800,126,2,124,10,263,69,2,67,63,4,1,0.028985507246376812,0.9710144927536232,0.0125,0.0025,0.32875,22.5,22.5,44.0,141.0,,False,12,1.0,11,0.010385624664195348,2.25,14.100000000000001,
high_noise,21,21,adaptive,12,800,0.1,800,153,63,90,126,21,69,22,47,37,10,0,0.3188405797101449,0.6811594202898551,0.1575,0.07875,0.02625,9.363636363636363,8.5,27.0,27.0,,False,12,1.0,11,2.6028506246802863,0.9363636363636364,2.7,
high_noise,22,22,sequential,12,800,0.1,800,132,35,97,72,0,67,29,38,20,18,0,0.43283582089552236,0.5671641791044776,0.09,0.04375,0.0,6.275862068965517,5.0,21.0,5.0,,False,12,1.0,11,0.0005906257138121873,0.6275862068965518,0.5,
high_noise,22,22,random,12,800,0.1,800,106,20,86,45,197,67,16,51,40,11,0,0.23880597014925373,0.7611940298507462,0.05625,0.025,0.24625,13.3125,6.0,67.0,9.0,,False,12,1.0,49,0.0049500000750413164,1.33125,0.9,
high_noise,22,22,heuristic,12,800,0.1,800,186,97,89,191,187,67,25,42,39,3,0,0.373134328358209,0.6268656716417911,0.23875,0.12125,0.23375,1.64,0.0,17.0,5.0,,False,12,1.0,12,0.01152537515736185,0.164,0.5,
high_noise,22,22,adaptive,12,800,0.1,800,174,92,82,162,13,67,27,40,32,8,0,0.40298507462686567,0.5970149253731343,0.2025,0.115,0.01625,5.481481481481482,4.0,27.0,5.0,,False,12,1.0,11,2.5007285005631275,0.5481481481481482,0.5,
high_noise,23,23,sequential,12,800,0.1,800,132,36,96,69,0,70,25,45,29,16,0,0.35714285714285715,0.6428571428571429,0.08625,0.045,0.0,8.12,5.0,44.0,5.0,,False,12,1.0,11,0.0006423756349249743,0.8119999999999999,0.5,
high_noise,23,23,random,12,800,0.1,800,130,38,92,57,200,70,28,42,34,8,0,0.4,0.6,0.07125,0.0475,0.25,5.857142857142857,4.0,29.0,12.0,,False,12,1.0,46,0.005172874989511911,0.5857142857142857,1.2000000000000002,
high_noise,23,23,heuristic,12,800,0.1,800,316,254,62,386,111,70,23,47,45,2,0,0.32857142857142857,0.6714285714285714,0.4825,0.3175,0.13875,2.4782608695652173,0.0,32.0,5.0,,False,12,1.0,11,0.012137500234530307,0.24782608695652175,0.5,
high_noise,23,23,adaptive,12,800,0.1,800,196,140,56,224,20,70,28,42,30,12,0,0.4,0.6,0.28,0.175,0.025,4.714285714285714,3.0,41.0,5.0,,False,12,1.0,11,2.520632374944398,0.4714285714285715,0.5,
high_noise,24,24,sequential,12,800,0.1,800,124,38,86,66,0,64,25,39,27,12,0,0.390625,0.609375,0.0825,0.0475,0.0,7.48,5.0,20.0,26.0,,False,12,1.0,11,0.0005717505337088369,0.7480000000000001,2.6,
high_noise,24,24,random,12,800,0.1,800,119,25,94,55,187,64,18,46,34,12,0,0.28125,0.71875,0.06875,0.03125,0.23375,11.5,6.0,40.0,2.0,,False,12,1.0,39,0.004196250447421335,1.1500000000000001,0.2,
high_noise,24,24,heuristic,12,800,0.1,800,256,195,61,313,189,64,14,50,47,3,0,0.21875,0.78125,0.39125,0.24375,0.23625,1.3571428571428572,0.0,11.0,184.0,,False,12,1.0,11,0.01060437487467425,0.13571428571428573,18.400000000000002,
high_noise,24,24,adaptive,12,800,0.1,800,210,131,79,212,15,64,22,42,28,14,0,0.34375,0.65625,0.265,0.16375,0.01875,6.0,3.5,20.0,65.0,,False,12,1.0,11,2.520371250830067,0.6000000000000001,6.5,
high_noise,25,25,sequential,12,800,0.1,800,148,39,109,66,0,54,28,26,15,11,0,0.5185185185185185,0.48148148148148145,0.0825,0.04875,0.0,6.75,5.0,19.0,5.0,,False,12,1.0,11,0.0005599998985417187,0.675,0.5,
high_noise,25,25,random,12,800,0.1,800,117,25,92,54,172,54,15,39,29,10,0,0.2777777777777778,0.7222222222222222,0.0675,0.03125,0.215,9.2,7.0,33.0,95.0,,False,12,1.0,28,0.004987875108781736,0.9199999999999999,9.5,
high_noise,25,25,heuristic,12,800,0.1,800,186,114,72,211,232,54,20,34,32,2,1,0.37037037037037035,0.6296296296296297,0.26375,0.1425,0.29,1.9,1.0,6.0,6.0,,False,12,1.0,12,0.010131250746781006,0.19,0.6000000000000001,
high_noise,25,25,adaptive,12,800,0.1,800,153,76,77,135,13,54,20,34,25,9,0,0.37037037037037035,0.6296296296296297,0.16875,0.095,0.01625,6.25,5.0,21.0,5.0,,False,12,1.0,11,2.3871822508590412,0.625,0.5,
high_noise,26,26,sequential,12,800,0.1,800,138,32,106,64,0,69,27,42,26,16,0,0.391304347826087,0.6086956521739131,0.08,0.04,0.0,7.185185185185185,5.0,21.0,17.0,,False,12,1.0,11,0.000562874811294023,0.7185185185185186,1.7000000000000002,
high_noise,26,26,random,12,800,0.1,800,124,27,97,61,192,69,18,51,35,16,1,0.2608695652173913,0.7391304347826086,0.07625,0.03375,0.24,6.944444444444445,6.0,23.0,19.0,,False,12,1.0,28,0.004286248949938454,0.6944444444444445,1.9000000000000001,
high_noise,26,26,heuristic,12,800,0.1,800,192,109,83,193,203,69,23,46,42,4,0,0.3333333333333333,0.6666666666666666,0.24125,0.13625,0.25375,3.217391304347826,1.0,30.0,68.0,,False,12,1.0,11,0.010908625736192334,0.32173913043478264,6.800000000000001,
high_noise,26,26,adaptive,12,800,0.1,800,201,89,112,155,10,69,28,41,32,9,0,0.4057971014492754,0.5942028985507246,0.19375,0.11125,0.0125,5.428571428571429,4.0,20.0,17.0,,False,12,1.0,11,2.36497225054336,0.5428571428571429,1.7000000000000002,
high_noise,27,27,sequential,12,800,0.1,800,149,43,106,73,0,59,26,33,20,13,1,0.4406779661016949,0.559322033898305,0.09125,0.05375,0.0,8.538461538461538,5.0,34.0,26.0,,False,12,1.0,11,0.0005569998393184505,0.8538461538461539,2.6,
high_noise,27,27,random,12,800,0.1,800,134,38,96,63,175,59,16,43,31,12,1,0.2711864406779661,0.7288135593220338,0.07875,0.0475,0.21875,5.0625,4.0,19.0,10.0,,False,12,1.0,36,0.004040374988107942,0.50625,1.0,
high_noise,27,27,heuristic,12,800,0.1,800,319,264,55,432,101,59,18,41,38,3,0,0.3050847457627119,0.6949152542372882,0.54,0.33,0.12625,2.2777777777777777,0.0,21.0,21.0,,False,12,1.0,11,0.010397250625828747,0.22777777777777777,2.1,
high_noise,27,27,adaptive,12,800,0.1,800,232,146,86,234,22,59,26,33,24,9,0,0.4406779661016949,0.559322033898305,0.2925,0.1825,0.0275,4.5,4.0,15.0,13.0,,False,12,1.0,11,2.3382887497427873,0.45,1.3,
high_noise,28,28,sequential,12,800,0.1,800,145,45,100,72,0,73,29,44,32,12,0,0.3972602739726027,0.6027397260273972,0.09,0.05625,0.0,6.482758620689655,4.0,24.0,2.0,,False,12,1.0,11,0.0005623744073091075,0.6482758620689655,0.2,
high_noise,28,28,random,12,800,0.1,800,131,41,90,63,206,73,25,48,40,8,0,0.3424657534246575,0.6575342465753424,0.07875,0.05125,0.2575,8.08,2.0,53.0,2.0,,False,12,1.0,24,0.0039129992728703655,0.808,0.2,
high_noise,28,28,heuristic,12,800,0.1,800,335,272,63,417,105,73,22,51,49,2,0,0.3013698630136986,0.6986301369863014,0.52125,0.34,0.13125,1.2727272727272727,0.0,7.0,2.0,,False,12,1.0,13,0.01091462512704311,0.1272727272727273,0.2,
high_noise,28,28,adaptive,12,800,0.1,800,232,170,62,254,23,73,24,49,42,7,0,0.3287671232876712,0.6712328767123288,0.3175,0.2125,0.02875,4.583333333333333,4.0,20.0,2.0,,False,12,1.0,11,2.42747899988899,0.4583333333333333,0.2,
high_noise,29,29,sequential,12,800,0.1,800,138,42,96,70,0,58,25,33,19,14,0,0.43103448275862066,0.5689655172413793,0.0875,0.0525,0.0,5.36,5.0,16.0,5.0,,False,12,1.0,11,0.0005540002166526392,0.536,0.5,
high_noise,29,29,random,12,800,0.1,800,147,42,105,65,168,58,25,33,29,4,0,0.43103448275862066,0.5689655172413793,0.08125,0.0525,0.21,7.2,5.0,34.0,34.0,,False,12,1.0,44,0.004089374706381932,0.7200000000000001,3.4000000000000004,
high_noise,29,29,heuristic,12,800,0.1,800,229,144,85,246,201,58,21,37,34,3,0,0.3620689655172414,0.6379310344827587,0.3075,0.18,0.25125,1.8095238095238095,0.0,11.0,8.0,,False,12,1.0,12,0.011155750034959055,0.18095238095238098,0.8,
high_noise,29,29,adaptive,12,800,0.1,800,204,123,81,208,15,58,22,36,26,10,0,0.3793103448275862,0.6206896551724138,0.26,0.15375,0.01875,5.863636363636363,4.5,16.0,5.0,,False,12,1.0,11,2.428338874815381,0.5863636363636363,0.5,
dynamic,0,0,sequential,12,800,0.1,800,150,136,14,142,0,111,62,49,48,1,1,0.5585585585585585,0.44144144144144143,0.1775,0.17,0.0,5.274193548387097,5.0,21.0,1.0,12.0,False,12,1.0,11,0.0005624999539577402,0.5274193548387097,0.1,1.2000000000000002
dynamic,0,0,random,12,800,0.1,800,149,137,12,144,220,111,65,46,46,0,0,0.5855855855855856,0.4144144144144144,0.18,0.17125,0.275,5.984615384615385,3.0,32.0,8.0,3.0,False,12,1.0,38,0.004068249945703428,0.5984615384615385,0.8,0.30000000000000004
dynamic,0,0,heuristic,12,800,0.1,800,492,488,4,507,121,111,33,78,78,0,0,0.2972972972972973,0.7027027027027027,0.63375,0.61,0.15125,5.333333333333333,1.0,42.0,1.0,231.0,False,12,1.0,14,0.01102087535400642,0.5333333333333333,0.1,23.1
dynamic,0,0,adaptive,12,800,0.1,800,515,508,7,528,9,111,43,68,66,2,1,0.38738738738738737,0.6126126126126126,0.66,0.635,0.01125,7.5813953488372094,4.0,35.0,1.0,12.0,False,12,1.0,11,2.3326002495741704,0.758139534883721,0.1,1.2000000000000002
dynamic,1,1,sequential,12,800,0.1,800,158,145,13,151,0,113,65,48,48,0,0,0.5752212389380531,0.4247787610619469,0.18875,0.18125,0.0,4.430769230769231,3.0,27.0,1.0,12.0,False,12,1.0,11,0.000600125094933901,0.44307692307692315,0.1,1.2000000000000002
dynamic,1,1,random,12,800,0.1,800,141,131,10,136,234,113,55,58,58,0,1,0.48672566371681414,0.5132743362831859,0.17,0.16375,0.2925,7.363636363636363,5.0,36.0,5.0,38.0,False,12,1.0,48,0.004010624907095917,0.7363636363636363,0.5,3.8000000000000003
dynamic,1,1,heuristic,12,800,0.1,800,522,517,5,539,103,113,31,82,82,0,2,0.2743362831858407,0.7256637168141593,0.67375,0.64625,0.12875,9.64516129032258,1.0,66.0,1.0,54.0,False,12,1.0,11,0.010177500153076835,0.964516129032258,0.1,5.4
dynamic,1,1,adaptive,12,800,0.1,800,519,517,2,539,5,113,42,71,68,3,2,0.37168141592920356,0.6283185840707964,0.67375,0.64625,0.00625,8.619047619047619,5.0,54.0,1.0,12.0,False,12,1.0,11,2.3267278749335674,0.861904761904762,0.1,1.2000000000000002
dynamic,2,2,sequential,12,800,0.1,800,158,140,18,145,0,126,67,59,58,1,0,0.5317460317460317,0.46825396825396826,0.18125,0.175,0.0,4.2388059701492535,3.0,21.0,1.0,12.0,False,12,1.0,11,0.0005738747859140858,0.42388059701492536,0.1,1.2000000000000002
dynamic,2,2,random,12,800,0.1,800,157,137,20,138,215,126,53,73,73,0,0,0.42063492063492064,0.5793650793650794,0.1725,0.17125,0.26875,6.09433962264151,4.0,26.0,2.0,2.0,False,12,1.0,16,0.004030625568702817,0.609433962264151,0.2,0.2
dynamic,2,2,heuristic,12,800,0.1,800,532,525,7,541,102,126,27,99,98,1,2,0.21428571428571427,0.7857142857142857,0.67625,0.65625,0.1275,1.2222222222222223,0.0,9.0,1.0,115.0,False,12,1.0,11,0.00996737515379209,0.12222222222222223,0.1,11.5
dynamic,2,2,adaptive,12,800,0.1,800,498,495,3,516,12,126,50,76,76,0,1,0.3968253968253968,0.6031746031746031,0.645,0.61875,0.015,8.18,4.0,34.0,1.0,12.0,False,12,1.0,11,2.34614875040279,0.8180000000000001,0.1,1.2000000000000002
dynamic,3,3,sequential,12,800,0.1,800,155,139,16,144,0,138,79,59,57,2,0,0.572463768115942,0.427536231884058,0.18,0.17375,0.0,3.632911392405063,3.0,11.0,2.0,0.0,False,12,1.0,11,0.0005654992128256708,0.3632911392405063,0.2,0.0
dynamic,3,3,random,12,800,0.1,800,164,147,17,151,209,138,68,70,69,1,1,0.4927536231884058,0.5072463768115942,0.18875,0.18375,0.26125,6.220588235294118,3.0,34.0,2.0,4.0,False,12,1.0,31,0.004173874913249165,0.6220588235294118,0.2,0.4
dynamic,3,3,heuristic,12,800,0.1,800,314,304,10,311,321,138,25,113,112,1,2,0.18115942028985507,0.8188405797101449,0.38875,0.38,0.40125,4.68,0.0,35.0,0.0,71.0,False,12,1.0,12,0.013118125025357585,0.46799999999999997,0.0,7.1000000000000005
dynamic,3,3,adaptive,12,800,0.1,800,507,503,4,520,6,138,56,82,82,0,2,0.4057971014492754,0.5942028985507246,0.65,0.62875,0.0075,8.267857142857142,4.0,35.0,2.0,12.0,False,12,1.0,11,2.5132732493875665,0.8267857142857142,0.2,1.2000000000000002
dynamic,4,4,sequential,12,800,0.1,800,151,138,13,144,0,125,75,50,49,1,0,0.6,0.4,0.18,0.1725,0.0,3.5866666666666664,3.0,14.0,1.0,12.0,False,12,1.0,11,0.0005616250564344227,0.3586666666666667,0.1,1.2000000000000002
dynamic,4,4,random,12,800,0.1,800,133,118,15,119,212,125,55,70,70,0,0,0.44,0.56,0.14875,0.1475,0.265,7.0181818181818185,5.0,40.0,11.0,2.0,False,12,1.0,26,0.004614375175151508,0.7018181818181819,1.1,0.2
dynamic,4,4,heuristic,12,800,0.1,800,388,380,8,392,203,125,38,87,86,1,1,0.304,0.696,0.49,0.475,0.25375,2.789473684210526,0.0,33.0,1.0,144.0,False,12,1.0,11,0.010808999795699492,0.2789473684210526,0.1,14.4
dynamic,4,4,adaptive,12,800,0.1,800,502,496,6,509,17,125,40,85,84,1,0,0.32,0.68,0.63625,0.62,0.02125,5.925,4.0,26.0,1.0,12.0,False,12,1.0,11,2.310430375218857,0.5925,0.1,1.2000000000000002
dynamic,5,5,sequential,12,800,0.1,800,143,130,13,134,0,127,63,64,63,1,0,0.49606299212598426,0.5039370078740157,0.1675,0.1625,0.0,3.9206349206349205,3.0,14.0,1.0,12.0,False,12,1.0,11,0.0006095001663197763,0.39206349206349206,0.1,1.2000000000000002
dynamic,5,5,random,12,800,0.1,800,136,124,12,129,214,127,59,68,68,0,1,0.4645669291338583,0.5354330708661418,0.16125,0.155,0.2675,4.661016949152542,3.0,18.0,11.0,25.0,False,12,1.0,29,0.0043905002166866325,0.46610169491525427,1.1,2.5
dynamic,5,5,heuristic,12,800,0.1,800,413,406,7,419,207,127,28,99,99,0,0,0.2204724409448819,0.7795275590551181,0.52375,0.5075,0.25875,4.785714285714286,1.0,32.0,1.0,137.0,False,12,1.0,14,0.010547000347287394,0.4785714285714286,0.1,13.700000000000001
dynamic,5,5,adaptive,12,800,0.1,800,497,488,9,503,15,127,48,79,79,0,0,0.3779527559055118,0.6220472440944882,0.62875,0.61,0.01875,6.3125,3.5,34.0,1.0,12.0,False,12,1.0,11,2.335640125493228,0.6312500000000001,0.1,1.2000000000000002
dynamic,6,6,sequential,12,800,0.1,800,145,136,9,141,0,119,61,58,56,2,0,0.5126050420168067,0.48739495798319327,0.17625,0.17,0.0,4.409836065573771,4.0,11.0,1.0,12.0,False,12,1.0,11,0.0005537504330277443,0.4409836065573771,0.1,1.2000000000000002
dynamic,6,6,random,12,800,0.1,800,140,131,9,132,223,119,54,65,65,0,1,0.453781512605042,0.5462184873949579,0.165,0.16375,0.27875,6.018518518518518,3.0,29.0,5.0,25.0,False,12,1.0,22,0.004050000388815533,0.6018518518518519,0.5,2.5
dynamic,6,6,heuristic,12,800,0.1,800,466,457,9,464,174,119,33,86,86,0,1,0.2773109243697479,0.7226890756302521,0.58,0.57125,0.2175,6.090909090909091,0.0,66.0,1.0,104.0,False,12,1.0,12,0.011048500127799343,0.6090909090909091,0.1,10.4
dynamic,6,6,adaptive,12,800,0.1,800,508,505,3,522,9,119,52,67,67,0,1,0.4369747899159664,0.5630252100840336,0.6525,0.63125,0.01125,6.846153846153846,3.0,32.0,1.0,12.0,False,12,1.0,11,2.333454624931619,0.6846153846153846,0.1,1.2000000000000002
dynamic,7,7,sequential,12,800,0.1,800,145,130,15,136,0,126,69,57,56,1,1,0.5476190476190477,0.4523809523809524,0.17,0.1625,0.0,4.695652173913044,4.0,13.0,1.0,0.0,False,12,1.0,11,0.0006337501690723002,0.4695652173913044,0.1,0.0
dynamic,7,7,random,12,800,0.1,800,156,136,20,137,214,126,62,64,64,0,0,0.49206349206349204,0.5079365079365079,0.17125,0.17,0.2675,7.258064516129032,4.0,27.0,7.0,4.0,False,12,1.0,22,0.0043452499085105956,0.7258064516129032,0.7000000000000001,0.4
dynamic,7,7,heuristic,12,800,0.1,800,453,449,4,457,185,126,29,97,97,0,2,0.23015873015873015,0.7698412698412699,0.57125,0.56125,0.23125,0.896551724137931,0.0,8.0,1.0,239.0,False,12,1.0,12,0.011077624803874642,0.08965517241379312,0.1,23.900000000000002
dynamic,7,7,adaptive,12,800,0.1,800,515,506,9,522,15,126,49,77,77,0,2,0.3888888888888889,0.6111111111111112,0.6525,0.6325,0.01875,6.285714285714286,4.0,39.0,1.0,48.0,False,12,1.0,11,2.355577000453195,0.6285714285714286,0.1,4.800000000000001
dynamic,8,8,sequential,12,800,0.1,800,144,125,19,127,0,131,68,63,62,1,1,0.5190839694656488,0.48091603053435117,0.15875,0.15625,0.0,4.176470588235294,4.0,11.0,1.0,12.0,False,12,1.0,11,0.0005508743925020099,0.4176470588235295,0.1,1.2000000000000002
dynamic,8,8,random,12,800,0.1,800,148,136,12,139,224,131,60,71,70,1,1,0.4580152671755725,0.5419847328244275,0.17375,0.17,0.28,5.016666666666667,2.5,31.0,2.0,16.0,False,12,1.0,17,0.003957749795517884,0.5016666666666667,0.2,1.6
dynamic,8,8,heuristic,12,800,0.1,800,370,361,9,372,224,131,32,99,99,0,2,0.24427480916030533,0.7557251908396947,0.465,0.45125,0.28,5.40625,0.5,35.0,1.0,133.0,False,12,1.0,11,0.010680749655875843,0.540625,0.1,13.3
dynamic,8,8,adaptive,12,800,0.1,800,466,457,9,477,36,131,50,81,81,0,1,0.3816793893129771,0.6183206106870229,0.59625,0.57125,0.045,6.7,3.0,32.0,1.0,12.0,False,12,1.0,11,2.3146083742176415,0.67,0.1,1.2000000000000002
dynamic,9,9,sequential,12,800,0.1,800,171,160,11,162,0,117,72,45,45,0,0,0.6153846153846154,0.38461538461538464,0.2025,0.2,0.0,4.25,3.0,23.0,4.0,12.0,False,12,1.0,11,0.0005721251727663912,0.42500000000000004,0.4,1.2000000000000002
dynamic,9,9,random,12,800,0.1,800,150,134,16,137,239,117,55,62,61,1,0,0.4700854700854701,0.5299145299145299,0.17125,0.1675,0.29875,6.454545454545454,4.0,24.0,26.0,14.0,False,12,1.0,46,0.0043907500366913155,0.6454545454545455,2.6,1.4000000000000001
dynamic,9,9,heuristic,12,800,0.1,800,385,377,8,387,229,117,39,78,78,0,0,0.3333333333333333,0.6666666666666666,0.48375,0.47125,0.28625,6.256410256410256,0.0,56.0,4.0,33.0,False,12,1.0,13,0.010669250223145355,0.6256410256410256,0.4,3.3000000000000003
dynamic,9,9,adaptive,12,800,0.1,800,532,526,6,542,4,117,44,73,73,0,0,0.37606837606837606,0.6239316239316239,0.6775,0.6575,0.005,10.477272727272727,8.0,30.0,4.0,12.0,False,12,1.0,11,2.3090846251579933,1.0477272727272726,0.4,1.2000000000000002
dynamic,10,10,sequential,12,800,0.1,800,138,122,16,126,0,122,65,57,55,2,0,0.5327868852459017,0.4672131147540984,0.1575,0.1525,0.0,4.046153846153846,4.0,11.0,1.0,0.0,False,12,1.0,11,0.0005809996582684107,0.4046153846153846,0.1,0.0
dynamic,10,10,random,12,800,0.1,800,150,134,16,145,197,122,61,61,57,4,0,0.5,0.5,0.18125,0.1675,0.24625,6.819672131147541,4.0,30.0,3.0,4.0,False,12,1.0,44,0.003931875035050325,0.6819672131147541,0.30000000000000004,0.4
dynamic,10,10,heuristic,12,800,0.1,800,434,427,7,447,160,122,31,91,91,0,1,0.2540983606557377,0.7459016393442623,0.55875,0.53375,0.2,5.419354838709677,1.0,30.0,1.0,32.0,False,12,1.0,11,0.010570875165285543,0.5419354838709677,0.1,3.2
dynamic,10,10,adaptive,12,800,0.1,800,492,485,7,501,20,122,45,77,77,0,0,0.36885245901639346,0.6311475409836066,0.62625,0.60625,0.025,6.5777777777777775,3.0,30.0,1.0,48.0,False,12,1.0,11,2.3443516247789375,0.6577777777777778,0.1,4.800000000000001
dynamic,11,11,sequential,12,800,0.1,800,162,150,12,153,0,123,72,51,50,1,0,0.5853658536585366,0.4146341463414634,0.19125,0.1875,0.0,4.333333333333333,4.0,11.0,1.0,24.0,False,12,1.0,11,0.0005915004658163525,0.43333333333333335,0.1,2.4000000000000004
dynamic,11,11,random,12,800,0.1,800,174,163,11,165,201,123,63,60,60,0,1,0.5121951219512195,0.4878048780487805,0.20625,0.20375,0.25125,5.111111111111111,2.0,33.0,0.0,8.0,False,12,1.0,32,0.003983500137110241,0.5111111111111111,0.0,0.8
dynamic,11,11,heuristic,12,800,0.1,800,385,378,7,396,215,123,31,92,92,0,2,0.25203252032520324,0.7479674796747967,0.495,0.4725,0.26875,2.2903225806451615,0.0,24.0,1.0,324.0,False,12,1.0,12,0.011536125239217654,0.22903225806451616,0.1,32.4
dynamic,11,11,adaptive,12,800,0.1,800,522,518,4,536,8,123,53,70,69,1,1,0.43089430894308944,0.5691056910569106,0.67,0.6475,0.01,6.60377358490566,3.0,33.0,1.0,48.0,False,12,1.0,11,2.3439126246375963,0.6603773584905661,0.1,4.800000000000001
dynamic,12,12,sequential,12,800,0.1,800,159,144,15,148,0,125,75,50,49,1,0,0.6,0.4,0.185,0.18,0.0,4.08,3.0,13.0,1.0,12.0,False,12,1.0,11,0.0005838748256792314,0.40800000000000003,0.1,1.2000000000000002
dynamic,12,12,random,12,800,0.1,800,141,133,8,136,209,125,57,68,68,0,1,0.456,0.544,0.17,0.16625,0.26125,5.807017543859649,4.0,33.0,5.0,17.0,False,12,1.0,20,0.004144124468439259,0.5807017543859649,0.5,1.7000000000000002
dynamic,12,12,heuristic,12,800,0.1,800,457,446,11,459,121,125,37,88,88,0,1,0.296,0.704,0.57375,0.5575,0.15125,5.486486486486487,0.0,52.0,1.0,235.0,False,12,1.0,12,0.010271624887536746,0.5486486486486487,0.1,23.5
dynamic,12,12,adaptive,12,800,0.1,800,521,514,7,527,4,125,50,75,75,0,1,0.4,0.6,0.65875,0.6425,0.005,6.84,4.0,33.0,1.0,12.0,False,12,1.0,11,2.38175374968705,0.684,0.1,1.2000000000000002
dynamic,13,13,sequential,12,800,0.1,800,156,142,14,142,0,133,68,65,65,0,1,0.5112781954887218,0.48872180451127817,0.1775,0.1775,0.0,4.132352941176471,3.5,11.0,1.0,24.0,False,12,1.0,11,0.0005698754466720857,0.41323529411764715,0.1,2.4000000000000004
dynamic,13,13,random,12,800,0.1,800,145,129,16,129,221,133,55,78,78,0,1,0.41353383458646614,0.5864661654135338,0.16125,0.16125,0.27625,4.890909090909091,3.0,33.0,8.0,27.0,False,12,1.0,33,0.003999625041615218,0.4890909090909091,0.8,2.7
dynamic,13,13,heuristic,12,800,0.1,800,392,385,7,394,216,133,36,97,96,1,2,0.2706766917293233,0.7293233082706767,0.4925,0.48125,0.27,2.361111111111111,0.0,22.0,1.0,154.0,False,12,1.0,12,0.010352500394219533,0.23611111111111113,0.1,15.4
dynamic,13,13,adaptive,12,800,0.1,800,531,525,6,540,0,133,56,77,77,0,2,0.42105263157894735,0.5789473684210527,0.675,0.65625,0.0,7.428571428571429,4.5,30.0,1.0,84.0,False,12,1.0,11,2.357969374352251,0.7428571428571429,0.1,8.4
dynamic,14,14,sequential,12,800,0.1,800,151,145,6,149,0,111,74,37,36,1,1,0.6666666666666666,0.3333333333333333,0.18625,0.18125,0.0,4.121621621621622,3.0,11.0,2.0,12.0,False,12,1.0,11,0.0005640001836582087,0.4121621621621622,0.2,1.2000000000000002
dynamic,14,14,random,12,800,0.1,800,167,151,16,155,207,111,61,50,50,0,2,0.5495495495495496,0.45045045045045046,0.19375,0.18875,0.25875,4.934426229508197,3.0,23.0,0.0,9.0,False,12,1.0,39,0.004398000528453849,0.4934426229508197,0.0,0.9
dynamic,14,14,heuristic,12,800,0.1,800,517,510,7,523,88,111,36,75,75,0,3,0.32432432432432434,0.6756756756756757,0.65375,0.6375,0.11,2.6666666666666665,0.0,37.0,2.0,101.0,False,12,1.0,12,0.010465624982316513,0.26666666666666666,0.2,10.100000000000001
dynamic,14,14,adaptive,12,800,0.1,800,526,520,6,541,1,111,51,60,60,0,2,0.4594594594594595,0.5405405405405406,0.67625,0.65,0.00125,8.450980392156863,6.0,34.0,2.0,12.0,False,12,1.0,11,2.3615276249984163,0.8450980392156864,0.2,1.2000000000000002
dynamic,15,15,sequential,12,800,0.1,800,155,138,17,140,0,129,84,45,44,1,1,0.6511627906976745,0.3488372093023256,0.175,0.1725,0.0,4.059523809523809,3.0,11.0,2.0,0.0,False,12,1.0,11,0.0005628749568131752,0.40595238095238095,0.2,0.0
dynamic,15,15,random,12,800,0.1,800,155,145,10,150,208,129,75,54,53,1,0,0.5813953488372093,0.4186046511627907,0.1875,0.18125,0.26,4.76,2.0,28.0,6.0,2.0,False,12,1.0,38,0.004387249719002284,0.476,0.6000000000000001,0.2
dynamic,15,15,heuristic,12,800,0.1,800,366,359,7,370,259,129,35,94,94,0,1,0.2713178294573643,0.7286821705426356,0.4625,0.44875,0.32375,2.142857142857143,0.0,13.0,2.0,,False,12,1.0,11,0.01202374929562211,0.2142857142857143,0.2,
dynamic,15,15,adaptive,12,800,0.1,800,506,499,7,515,5,129,60,69,69,0,1,0.46511627906976744,0.5348837209302325,0.64375,0.62375,0.00625,6.616666666666666,4.0,29.0,2.0,12.0,False,12,1.0,11,2.374109499505721,0.6616666666666666,0.2,1.2000000000000002
dynamic,16,16,sequential,12,800,0.1,800,166,146,20,150,0,134,74,60,60,0,0,0.5522388059701493,0.44776119402985076,0.1875,0.1825,0.0,3.8513513513513513,3.0,16.0,1.0,12.0,False,12,1.0,11,0.000563500179850962,0.38513513513513514,0.1,1.2000000000000002
dynamic,16,16,random,12,800,0.1,800,150,135,15,142,216,134,62,72,70,2,0,0.4626865671641791,0.5373134328358209,0.1775,0.16875,0.27,4.403225806451613,3.5,21.0,25.0,5.0,False,12,1.0,29,0.003910124542017002,0.44032258064516133,2.5,0.5
dynamic,16,16,heuristic,12,800,0.1,800,466,458,8,472,140,134,37,97,97,0,1,0.27611940298507465,0.7238805970149254,0.59,0.5725,0.175,3.945945945945946,0.0,32.0,1.0,48.0,False,12,1.0,12,0.010246624442515895,0.3945945945945946,0.1,4.800000000000001
dynamic,16,16,adaptive,12,800,0.1,800,505,498,7,514,12,134,54,80,80,0,1,0.40298507462686567,0.5970149253731343,0.6425,0.6225,0.015,6.814814814814815,3.5,34.0,1.0,12.0,False,12,1.0,11,2.2988561255988316,0.6814814814814816,0.1,1.2000000000000002
dynamic,17,17,sequential,12,800,0.1,800,163,146,17,151,0,132,72,60,57,3,0,0.5454545454545454,0.45454545454545453,0.18875,0.1825,0.0,4.819444444444445,4.5,23.0,1.0,12.0,False,12,1.0,11,0.0005700003021047451,0.4819444444444445,0.1,1.2000000000000002
dynamic,17,17,random,12,800,0.1,800,170,157,13,163,215,132,67,65,64,1,0,0.5075757575757576,0.49242424242424243,0.20375,0.19625,0.26875,5.462686567164179,3.0,46.0,2.0,21.0,False,12,1.0,27,0.003986999981862027,0.546268656716418,0.2,2.1
dynamic,17,17,heuristic,12,800,0.1,800,526,522,4,537,93,132,35,97,97,0,1,0.26515151515151514,0.7348484848484849,0.67125,0.6525,0.11625,4.228571428571429,1.0,51.0,1.0,57.0,False,12,1.0,13,0.01055087454005843,0.4228571428571429,0.1,5.7
dynamic,17,17,adaptive,12,800,0.1,800,511,505,6,524,17,132,51,81,80,1,0,0.38636363636363635,0.6136363636363636,0.655,0.63125,0.02125,5.921568627450981,3.0,32.0,1.0,12.0,False,12,1.0,11,2.3464425005295197,0.592156862745098,0.1,1.2000000000000002
dynamic,18,18,sequential,12,800,0.1,800,179,162,17,165,0,131,79,52,52,0,0,0.6030534351145038,0.3969465648854962,0.20625,0.2025,0.0,4.215189873417722,3.0,16.0,1.0,0.0,False,12,1.0,11,0.0005872498149983585,0.4215189873417722,0.1,0.0
dynamic,18,18,random,12,800,0.1,800,179,165,14,166,198,131,70,61,61,0,0,0.5343511450381679,0.46564885496183206,0.2075,0.20625,0.2475,6.485714285714286,5.0,31.0,1.0,28.0,False,12,1.0,19,0.004100500045751687,0.6485714285714286,0.1,2.8000000000000003
dynamic,18,18,heuristic,12,800,0.1,800,544,538,6,557,92,131,34,97,97,0,1,0.2595419847328244,0.7404580152671756,0.69625,0.6725,0.115,5.0,0.5,43.0,1.0,129.0,False,12,1.0,11,0.011481874716992024,0.5,0.1,12.9
dynamic,18,18,adaptive,12,800,0.1,800,541,532,9,546,5,131,48,83,81,2,0,0.366412213740458,0.6335877862595419,0.6825,0.665,0.00625,9.125,5.0,31.0,1.0,12.0,False,12,1.0,11,2.36803162493743,0.9125000000000001,0.1,1.2000000000000002
dynamic,19,19,sequential,12,800,0.1,800,149,134,15,138,0,122,69,53,52,1,0,0.5655737704918032,0.4344262295081967,0.1725,0.1675,0.0,4.3478260869565215,3.0,14.0,1.0,12.0,False,12,1.0,11,0.0006182499782880768,0.43478260869565216,0.1,1.2000000000000002
dynamic,19,19,random,12,800,0.1,800,148,123,25,124,220,122,54,68,68,0,0,0.4426229508196721,0.5573770491803278,0.155,0.15375,0.275,4.666666666666667,3.5,20.0,2.0,15.0,False,12,1.0,43,0.004287749725335743,0.46666666666666673,0.2,1.5
dynamic,19,19,heuristic,12,800,0.1,800,494,482,12,495,121,122,34,88,88,0,0,0.2786885245901639,0.7213114754098361,0.61875,0.6025,0.15125,5.735294117647059,1.0,29.0,1.0,170.0,False,12,1.0,11,0.0102249992050929,0.573529411764706,0.1,17.0
dynamic,19,19,adaptive,12,800,0.1,800,522,516,6,528,10,122,42,80,80,0,0,0.3442622950819672,0.6557377049180327,0.66,0.645,0.0125,6.4523809523809526,3.5,28.0,1.0,12.0,False,12,1.0,11,2.495414375625842,0.6452380952380953,0.1,1.2000000000000002
dynamic,20,20,sequential,12,800,0.1,800,146,129,17,133,0,131,65,66,65,1,0,0.4961832061068702,0.5038167938931297,0.16625,0.16125,0.0,4.538461538461538,4.0,12.0,4.0,0.0,False,12,1.0,11,0.0005926253652432933,0.45384615384615384,0.4,0.0
dynamic,20,20,random,12,800,0.1,800,164,151,13,158,220,131,62,69,66,3,0,0.4732824427480916,0.5267175572519084,0.1975,0.18875,0.275,5.741935483870968,3.5,31.0,6.0,3.0,False,12,1.0,31,0.004154625239607412,0.5741935483870968,0.6000000000000001,0.30000000000000004
dynamic,20,20,heuristic,12,800,0.1,800,289,284,5,299,315,131,37,94,93,1,1,0.2824427480916031,0.7175572519083969,0.37375,0.355,0.39375,4.486486486486487,0.0,63.0,4.0,177.0,False,12,1.0,14,0.010558250614849385,0.44864864864864873,0.4,17.7
dynamic,20,20,adaptive,12,800,0.1,800,531,528,3,541,3,131,52,79,79,0,0,0.3969465648854962,0.6030534351145038,0.67625,0.66,0.00375,7.634615384615385,6.0,27.0,4.0,12.0,False,12,1.0,11,2.382742250665615,0.7634615384615385,0.4,1.2000000000000002
dynamic,21,21,sequential,12,800,0.1,800,133,118,15,126,0,116,63,53,50,3,1,0.5431034482758621,0.45689655172413796,0.1575,0.1475,0.0,4.634920634920635,4.0,21.0,1.0,12.0,False,12,1.0,11,0.00060087455494795,0.46349206349206357,0.1,1.2000000000000002
dynamic,21,21,random,12,800,0.1,800,140,126,14,131,196,116,56,60,60,0,0,0.4827586206896552,0.5172413793103449,0.16375,0.1575,0.245,5.25,3.0,20.0,2.0,16.0,False,12,1.0,42,0.0040843748865881935,0.525,0.2,1.6
dynamic,21,21,heuristic,12,800,0.1,800,419,411,8,430,165,116,34,82,82,0,2,0.29310344827586204,0.7068965517241379,0.5375,0.51375,0.20625,5.764705882352941,1.0,42.0,1.0,185.0,False,12,1.0,11,0.011366124781488907,0.5764705882352942,0.1,18.5
dynamic,21,21,adaptive,12,800,0.1,800,489,484,5,506,17,116,46,70,70,0,2,0.39655172413793105,0.603448275862069,0.6325,0.605,0.02125,5.934782608695652,3.0,31.0,1.0,12.0,False,12,1.0,11,2.350697874899197,0.5934782608695652,0.1,1.2000000000000002
dynamic,22,22,sequential,12,800,0.1,800,148,128,20,131,0,128,75,53,52,1,1,0.5859375,0.4140625,0.16375,0.16,0.0,4.573333333333333,4.0,11.0,1.0,24.0,False,12,1.0,11,0.0006707495776936412,0.45733333333333337,0.1,2.4000000000000004
dynamic,22,22,random,12,800,0.1,800,143,134,9,139,213,128,62,66,66,0,1,0.484375,0.515625,0.17375,0.1675,0.26625,4.806451612903226,3.5,17.0,1.0,26.0,False,12,1.0,49,0.0057608743736636825,0.48064516129032264,0.1,2.6
dynamic,22,22,heuristic,12,800,0.1,800,433,428,5,446,182,128,34,94,94,0,2,0.265625,0.734375,0.5575,0.535,0.2275,4.647058823529412,0.5,38.0,1.0,,True,12,1.0,12,0.010346248964197002,0.46470588235294125,0.1,
dynamic,22,22,adaptive,12,800,0.1,800,489,480,9,495,14,128,51,77,77,0,2,0.3984375,0.6015625,0.61875,0.6,0.0175,7.686274509803922,4.0,35.0,1.0,48.0,False,12,1.0,11,2.452225375782291,0.7686274509803922,0.1,4.800000000000001
dynamic,23,23,sequential,12,800,0.1,800,161,147,14,148,0,140,81,59,59,0,0,0.5785714285714286,0.42142857142857143,0.185,0.18375,0.0,4.296296296296297,4.0,11.0,1.0,12.0,False,12,1.0,11,0.0006720002056681551,0.4296296296296297,0.1,1.2000000000000002
dynamic,23,23,random,12,800,0.1,800,152,140,12,146,204,140,60,80,79,1,2,0.42857142857142855,0.5714285714285714,0.1825,0.175,0.255,6.516666666666667,4.5,29.0,5.0,10.0,False,12,1.0,46,0.004071999974257778,0.6516666666666667,0.5,1.0
dynamic,23,23,heuristic,12,800,0.1,800,428,421,7,443,177,140,38,102,100,2,2,0.2714285714285714,0.7285714285714285,0.55375,0.52625,0.22125,4.815789473684211,0.5,81.0,1.0,82.0,False,12,1.0,11,0.010356000384490471,0.4815789473684211,0.1,8.200000000000001
dynamic,23,23,adaptive,12,800,0.1,800,514,508,6,525,7,140,56,84,84,0,1,0.4,0.6,0.65625,0.635,0.00875,7.214285714285714,5.0,26.0,1.0,12.0,False,12,1.0,11,2.348568250235985,0.7214285714285715,0.1,1.2000000000000002
dynamic,24,24,sequential,12,800,0.1,800,148,131,17,135,0,125,72,53,52,1,1,0.576,0.424,0.16875,0.16375,0.0,4.861111111111111,4.0,22.0,2.0,12.0,False,12,1.0,11,0.0005777506521553732,0.4861111111111111,0.2,1.2000000000000002
dynamic,24,24,random,12,800,0.1,800,140,127,13,131,207,125,56,69,68,1,1,0.448,0.552,0.16375,0.15875,0.25875,5.410714285714286,4.0,21.0,0.0,6.0,False,12,1.0,39,0.00426837465056451,0.5410714285714285,0.0,0.6000000000000001
dynamic,24,24,heuristic,12,800,0.1,800,488,480,8,494,115,125,38,87,87,0,1,0.304,0.696,0.6175,0.6,0.14375,5.894736842105263,1.0,49.0,2.0,75.0,False,12,1.0,11,0.010659249928721692,0.5894736842105263,0.2,7.5
dynamic,24,24,adaptive,12,800,0.1,800,505,498,7,511,11,125,53,72,71,1,0,0.424,0.576,0.63875,0.6225,0.01375,7.886792452830188,4.0,34.0,2.0,12.0,False,12,1.0,11,2.346363999422465,0.7886792452830189,0.2,1.2000000000000002
dynamic,25,25,sequential,12,800,0.1,800,154,142,12,147,0,132,75,57,56,1,1,0.5681818181818182,0.4318181818181818,0.18375,0.1775,0.0,4.093333333333334,3.0,14.0,2.0,0.0,False,12,1.0,11,0.0006049994772183709,0.4093333333333334,0.2,0.0
dynamic,25,25,random,12,800,0.1,800,143,128,15,130,198,132,66,66,65,1,2,0.5,0.5,0.1625,0.16,0.2475,6.454545454545454,5.5,25.0,4.0,48.0,False,12,1.0,28,0.0039547499909531325,0.6454545454545455,0.4,4.800000000000001
dynamic,25,25,heuristic,12,800,0.1,800,503,495,8,509,118,132,37,95,95,0,2,0.2803030303030303,0.7196969696969697,0.63625,0.61875,0.1475,2.7567567567567566,1.0,19.0,1.0,54.0,False,12,1.0,12,0.010579124427749775,0.2756756756756757,0.1,5.4
dynamic,25,25,adaptive,12,800,0.1,800,499,493,6,512,13,132,52,80,80,0,2,0.3939393939393939,0.6060606060606061,0.64,0.61625,0.01625,9.538461538461538,5.5,34.0,2.0,12.0,False,12,1.0,11,2.3132462507419405,0.9538461538461539,0.2,1.2000000000000002
dynamic,26,26,sequential,12,800,0.1,800,147,128,19,133,0,112,74,38,37,1,1,0.6607142857142857,0.3392857142857143,0.16625,0.16,0.0,5.527027027027027,5.0,20.0,1.0,12.0,False,12,1.0,11,0.0007493747034459375,0.5527027027027027,0.1,1.2000000000000002
dynamic,26,26,random,12,800,0.1,800,140,127,13,133,210,112,65,47,47,0,1,0.5803571428571429,0.41964285714285715,0.16625,0.15875,0.2625,5.292307692307692,4.0,24.0,3.0,3.0,False,12,1.0,28,0.0039992498204810545,0.5292307692307693,0.30000000000000004,0.30000000000000004
dynamic,26,26,heuristic,12,800,0.1,800,395,385,10,397,195,112,32,80,80,0,1,0.2857142857142857,0.7142857142857143,0.49625,0.48125,0.24375,6.75,1.0,138.0,1.0,211.0,False,12,1.0,11,0.01047887526510749,0.675,0.1,21.1
dynamic,26,26,adaptive,12,800,0.1,800,502,497,5,513,13,112,48,64,64,0,0,0.42857142857142855,0.5714285714285714,0.64125,0.62125,0.01625,7.5,4.5,34.0,1.0,12.0,False,12,1.0,11,2.372889374892111,0.75,0.1,1.2000000000000002
dynamic,27,27,sequential,12,800,0.1,800,148,132,16,136,0,142,75,67,66,1,0,0.528169014084507,0.47183098591549294,0.17,0.165,0.0,4.8133333333333335,5.0,11.0,1.0,12.0,False,12,1.0,11,0.0005681252150679938,0.4813333333333334,0.1,1.2000000000000002
dynamic,27,27,random,12,800,0.1,800,152,139,13,142,193,142,64,78,76,2,2,0.4507042253521127,0.5492957746478874,0.1775,0.17375,0.24125,5.90625,4.0,33.0,2.0,3.0,False,12,1.0,36,0.004362125146144535,0.5906250000000001,0.2,0.30000000000000004
dynamic,27,27,heuristic,12,800,0.1,800,484,476,8,484,120,142,36,106,106,0,2,0.2535211267605634,0.7464788732394366,0.605,0.595,0.15,3.7777777777777777,1.0,26.0,1.0,79.0,False,12,1.0,11,0.010630499709805008,0.37777777777777777,0.1,7.9
dynamic,27,27,adaptive,12,800,0.1,800,529,519,10,532,0,142,51,91,91,0,2,0.3591549295774648,0.6408450704225352,0.665,0.64875,0.0,6.019607843137255,4.0,29.0,1.0,12.0,False,12,1.0,11,2.3606468750949716,0.6019607843137256,0.1,1.2000000000000002
dynamic,28,28,sequential,12,800,0.1,800,149,132,17,137,0,129,76,53,50,3,0,0.5891472868217055,0.4108527131782946,0.17125,0.165,0.0,4.855263157894737,4.0,18.0,2.0,12.0,False,12,1.0,11,0.0005610008156509139,0.48552631578947375,0.2,1.2000000000000002
dynamic,28,28,random,12,800,0.1,800,146,133,13,137,226,129,69,60,59,1,1,0.5348837209302325,0.46511627906976744,0.17125,0.16625,0.2825,6.391304347826087,4.0,31.0,2.0,16.0,False,12,1.0,24,0.003978999957325868,0.6391304347826088,0.2,1.6
dynamic,28,28,heuristic,12,800,0.1,800,272,256,16,267,344,129,22,107,107,0,2,0.17054263565891473,0.8294573643410853,0.33375,0.32,0.43,7.181818181818182,0.5,81.0,2.0,124.0,False,12,1.0,13,0.011499500251375139,0.7181818181818183,0.2,12.4
dynamic,28,28,adaptive,12,800,0.1,800,504,492,12,506,16,129,51,78,78,0,1,0.3953488372093023,0.6046511627906976,0.6325,0.615,0.02,6.137254901960785,5.0,28.0,2.0,12.0,False,12,1.0,11,2.3854062501413864,0.6137254901960785,0.2,1.2000000000000002
dynamic,29,29,sequential,12,800,0.1,800,186,166,20,171,0,114,79,35,35,0,0,0.6929824561403509,0.30701754385964913,0.21375,0.2075,0.0,3.949367088607595,3.0,24.0,1.0,24.0,False,12,1.0,11,0.0005731250348617323,0.39493670886075954,0.1,2.4000000000000004
dynamic,29,29,random,12,800,0.1,800,164,154,10,161,194,114,63,51,50,1,2,0.5526315789473685,0.4473684210526316,0.20125,0.1925,0.2425,6.492063492063492,4.0,28.0,4.0,8.0,False,12,1.0,44,0.004123750113649294,0.6492063492063492,0.4,0.8
dynamic,29,29,heuristic,12,800,0.1,800,560,551,9,565,81,114,31,83,82,1,2,0.2719298245614035,0.7280701754385965,0.70625,0.68875,0.10125,5.0,0.0,47.0,2.0,268.0,False,12,1.0,12,0.010474624614289496,0.5,0.2,26.8
dynamic,29,29,adaptive,12,800,0.1,800,548,536,12,548,2,114,47,67,65,2,3,0.41228070175438597,0.5877192982456141,0.685,0.67,0.0025,8.914893617021276,4.0,33.0,1.0,48.0,False,12,1.0,11,2.3589068745059194,0.8914893617021277,0.1,4.800000000000001
changing_distribution,0,0,sequential,12,800,0.1,800,174,159,15,163,0,79,55,24,24,0,1,0.6962025316455697,0.3037974683544304,0.20375,0.19875,0.0,5.709090909090909,5.0,18.0,0.0,,False,12,1.0,11,0.0006143750579212792,0.5709090909090909,0.0,
changing_distribution,0,0,random,12,800,0.1,800,163,150,13,153,210,79,45,34,34,0,1,0.569620253164557,0.43037974683544306,0.19125,0.1875,0.2625,9.2,5.0,34.0,5.0,,False,12,1.0,38,0.0042177507930318825,0.9199999999999999,0.5,
changing_distribution,0,0,heuristic,12,800,0.1,800,323,316,7,324,328,79,20,59,59,0,2,0.25316455696202533,0.7468354430379747,0.405,0.395,0.41,10.45,1.0,119.0,0.0,,False,12,1.0,14,0.010525250036153011,1.045,0.0,
changing_distribution,0,0,adaptive,12,800,0.1,800,548,540,8,557,3,79,39,40,39,1,1,0.4936708860759494,0.5063291139240507,0.69625,0.675,0.00375,11.35897435897436,10.0,32.0,0.0,,False,12,1.0,11,2.4413089999143267,1.135897435897436,0.0,
changing_distribution,1,1,sequential,12,800,0.1,800,165,157,8,165,0,82,53,29,28,1,1,0.6463414634146342,0.35365853658536583,0.20625,0.19625,0.0,4.377358490566038,3.0,23.0,0.0,,False,12,1.0,11,0.0005448752563097514,0.4377358490566038,0.0,
changing_distribution,1,1,random,12,800,0.1,800,151,143,8,148,233,82,52,30,29,1,1,0.6341463414634146,0.36585365853658536,0.185,0.17875,0.29125,6.788461538461538,5.0,33.0,4.0,,False,12,1.0,48,0.0039843751437729225,0.6788461538461539,0.4,
changing_distribution,1,1,heuristic,12,800,0.1,800,350,339,11,347,280,82,30,52,52,0,1,0.36585365853658536,0.6341463414634146,0.43375,0.42375,0.35,11.0,0.5,72.0,0.0,,False,12,1.0,11,0.01009962499665562,1.1,0.0,
changing_distribution,1,1,adaptive,12,800,0.1,800,512,511,1,528,25,82,42,40,38,2,1,0.5121951219512195,0.4878048780487805,0.66,0.63875,0.03125,13.071428571428571,11.5,35.0,0.0,,False,12,1.0,11,2.353832874359796,1.3071428571428572,0.0,
changing_distribution,2,2,sequential,12,800,0.1,800,168,155,13,162,0,75,54,21,21,0,0,0.72,0.28,0.2025,0.19375,0.0,5.851851851851852,6.0,21.0,0.0,,False,12,1.0,11,0.0006049996227375232,0.5851851851851853,0.0,
changing_distribution,2,2,random,12,800,0.1,800,180,163,17,169,211,75,51,24,24,0,0,0.68,0.32,0.21125,0.20375,0.26375,8.941176470588236,8.0,42.0,2.0,,False,12,1.0,16,0.004281874789739959,0.8941176470588236,0.2,
changing_distribution,2,2,heuristic,12,800,0.1,800,315,304,11,316,336,75,22,53,53,0,2,0.29333333333333333,0.7066666666666667,0.395,0.38,0.42,10.772727272727273,1.5,74.0,0.0,,False,12,1.0,11,0.010257625399390236,1.0772727272727274,0.0,
changing_distribution,2,2,adaptive,12,800,0.1,800,534,529,5,549,4,75,37,38,38,0,0,0.49333333333333335,0.5066666666666667,0.68625,0.66125,0.005,13.054054054054054,9.0,34.0,0.0,,False,12,1.0,11,2.330765875594807,1.3054054054054056,0.0,
changing_distribution,3,3,sequential,12,800,0.1,800,179,166,13,170,0,75,56,19,18,1,1,0.7466666666666667,0.25333333333333335,0.2125,0.2075,0.0,4.910714285714286,4.5,11.0,1.0,,False,12,1.0,11,0.0005783755113952793,0.4910714285714286,0.1,
changing_distribution,3,3,random,12,800,0.1,800,170,160,10,164,214,75,48,27,26,1,1,0.64,0.36,0.205,0.2,0.2675,7.104166666666667,5.0,30.0,1.0,,False,12,1.0,31,0.004030375130241737,0.7104166666666667,0.1,
changing_distribution,3,3,heuristic,12,800,0.1,800,348,338,10,344,297,75,27,48,47,1,2,0.36,0.64,0.43,0.4225,0.37125,4.814814814814815,0.0,39.0,0.0,,False,12,1.0,12,0.009951999345503282,0.4814814814814815,0.0,
changing_distribution,3,3,adaptive,12,800,0.1,800,546,542,4,553,5,75,39,36,35,1,2,0.52,0.48,0.69125,0.6775,0.00625,11.41025641025641,7.0,35.0,1.0,,False,12,1.0,11,2.366869624784158,1.1410256410256412,0.1,
changing_distribution,4,4,sequential,12,800,0.1,800,191,172,19,177,0,77,56,21,20,1,1,0.7272727272727273,0.2727272727272727,0.22125,0.215,0.0,5.232142857142857,4.5,22.0,0.0,,False,12,1.0,11,0.0005675002466887236,0.5232142857142857,0.0,
changing_distribution,4,4,random,12,800,0.1,800,194,178,16,179,196,77,50,27,27,0,0,0.6493506493506493,0.35064935064935066,0.22375,0.2225,0.245,8.56,5.0,42.0,7.0,,False,12,1.0,26,0.004069875030836556,0.8560000000000001,0.7000000000000001,
changing_distribution,4,4,heuristic,12,800,0.1,800,409,399,10,409,227,77,26,51,49,2,1,0.33766233766233766,0.6623376623376623,0.51125,0.49875,0.28375,9.192307692307692,0.0,84.0,0.0,,False,12,1.0,11,0.01002699980745092,0.9192307692307692,0.0,
changing_distribution,4,4,adaptive,12,800,0.1,800,551,547,4,558,2,77,45,32,31,1,1,0.5844155844155844,0.4155844155844156,0.6975,0.68375,0.0025,11.822222222222223,7.0,35.0,0.0,,False,12,1.0,11,2.3634103752920055,1.1822222222222223,0.0,
changing_distribution,5,5,sequential,12,800,0.1,800,171,155,16,159,0,74,54,20,20,0,0,0.7297297297297297,0.2702702702702703,0.19875,0.19375,0.0,4.907407407407407,4.0,11.0,0.0,,False,12,1.0,11,0.0005637498543364927,0.49074074074074076,0.0,
changing_distribution,5,5,random,12,800,0.1,800,162,152,10,156,200,74,45,29,28,1,0,0.6081081081081081,0.3918918918918919,0.195,0.19,0.25,8.0,7.0,26.0,2.0,,False,12,1.0,29,0.004217999558022711,0.8,0.2,
changing_distribution,5,5,heuristic,12,800,0.1,800,425,414,11,424,204,74,31,43,43,0,1,0.4189189189189189,0.581081081081081,0.53,0.5175,0.255,7.806451612903226,0.0,43.0,0.0,,False,12,1.0,14,0.009956125541066285,0.7806451612903227,0.0,
changing_distribution,5,5,adaptive,12,800,0.1,800,541,534,7,551,3,74,37,37,37,0,1,0.5,0.5,0.68875,0.6675,0.00375,10.35135135135135,7.0,32.0,0.0,,False,12,1.0,11,2.917206250021991,1.0351351351351352,0.0,
changing_distribution,6,6,sequential,12,800,0.1,800,182,173,9,179,0,74,53,21,20,1,2,0.7162162162162162,0.28378378378378377,0.22375,0.21625,0.0,5.679245283018868,5.0,13.0,1.0,,False,12,1.0,11,0.0009553752533975057,0.5679245283018868,0.1,
changing_distribution,6,6,random,12,800,0.1,800,198,181,17,185,207,74,49,25,25,0,1,0.6621621621621622,0.33783783783783783,0.23125,0.22625,0.25875,7.714285714285714,6.0,26.0,10.0,,False,12,1.0,22,0.00697000024956651,0.7714285714285715,1.0,
changing_distribution,6,6,heuristic,12,800,0.1,800,488,486,2,495,184,74,26,48,47,1,2,0.35135135135135137,0.6486486486486487,0.61875,0.6075,0.23,11.23076923076923,4.0,90.0,1.0,,False,12,1.0,12,0.01808512577554211,1.123076923076923,0.1,
changing_distribution,6,6,adaptive,12,800,0.1,800,552,545,7,558,4,74,47,27,27,0,1,0.6351351351351351,0.36486486486486486,0.6975,0.68125,0.005,13.319148936170214,10.0,36.0,1.0,,False,12,1.0,11,4.202351000167255,1.3319148936170215,0.1,
changing_distribution,7,7,sequential,12,800,0.1,800,177,162,15,167,0,87,58,29,28,1,1,0.6666666666666666,0.3333333333333333,0.20875,0.2025,0.0,4.637931034482759,4.0,16.0,1.0,,False,12,1.0,11,0.0011970007835770957,0.4637931034482759,0.1,
changing_distribution,7,7,random,12,800,0.1,800,196,176,20,180,208,87,52,35,35,0,0,0.5977011494252874,0.40229885057471265,0.225,0.22,0.26,6.076923076923077,4.0,36.0,7.0,,False,12,1.0,22,0.010396500219940208,0.6076923076923078,0.7000000000000001,
changing_distribution,7,7,heuristic,12,800,0.1,800,346,340,6,347,287,87,27,60,60,0,1,0.3103448275862069,0.6896551724137931,0.43375,0.425,0.35875,10.148148148148149,2.0,67.0,1.0,,False,12,1.0,12,0.013523000707209576,1.0148148148148148,0.1,
changing_distribution,7,7,adaptive,12,800,0.1,800,547,540,7,556,4,87,42,45,45,0,1,0.4827586206896552,0.5172413793103449,0.695,0.675,0.005,9.071428571428571,4.5,31.0,1.0,,False,12,1.0,11,1.9744250001895125,0.9071428571428571,0.1,
changing_distribution,8,8,sequential,12,800,0.1,800,186,167,19,173,0,77,54,23,23,0,0,0.7012987012987013,0.2987012987012987,0.21625,0.20875,0.0,4.462962962962963,4.0,11.0,1.0,,False,12,1.0,11,0.00025700028345454484,0.4462962962962963,0.1,
changing_distribution,8,8,random,12,800,0.1,800,179,168,11,172,213,77,52,25,23,2,0,0.6753246753246753,0.3246753246753247,0.215,0.21,0.26625,9.653846153846153,7.0,41.0,2.0,,False,12,1.0,17,0.0019129991778754627,0.9653846153846154,0.2,
changing_distribution,8,8,heuristic,12,800,0.1,800,333,322,11,330,268,77,28,49,48,1,2,0.36363636363636365,0.6363636363636364,0.4125,0.4025,0.335,9.357142857142858,1.0,56.0,1.0,,False,12,1.0,11,0.005265999643597752,0.9357142857142858,0.1,
changing_distribution,8,8,adaptive,12,800,0.1,800,535,527,8,546,10,77,40,37,37,0,1,0.5194805194805194,0.4805194805194805,0.6825,0.65875,0.0125,11.8,8.0,35.0,1.0,,False,12,1.0,11,1.136463375260064,1.1800000000000002,0.1,
changing_distribution,9,9,sequential,12,800,0.1,800,175,165,10,168,0,87,70,17,17,0,1,0.8045977011494253,0.19540229885057472,0.21,0.20625,0.0,4.914285714285715,5.0,11.0,0.0,,False,12,1.0,11,0.0002339998900424689,0.4914285714285715,0.0,
changing_distribution,9,9,random,12,800,0.1,800,170,152,18,153,237,87,54,33,33,0,1,0.6206896551724138,0.3793103448275862,0.19125,0.19,0.29625,8.055555555555555,5.0,49.0,4.0,,False,12,1.0,46,0.0019523744413163513,0.8055555555555556,0.4,
changing_distribution,9,9,heuristic,12,800,0.1,800,388,379,9,391,276,87,28,59,59,0,2,0.3218390804597701,0.6781609195402298,0.48875,0.47375,0.345,15.357142857142858,4.0,123.0,0.0,,False,12,1.0,13,0.004838999666390009,1.5357142857142858,0.0,
changing_distribution,9,9,adaptive,12,800,0.1,800,524,521,3,539,10,87,50,37,37,0,0,0.5747126436781609,0.42528735632183906,0.67375,0.65125,0.0125,11.52,9.0,35.0,0.0,,False,12,1.0,11,1.1868737511031213,1.152,0.0,
changing_distribution,10,10,sequential,12,800,0.1,800,185,170,15,174,0,74,54,20,20,0,0,0.7297297297297297,0.2702702702702703,0.2175,0.2125,0.0,4.5,4.0,14.0,0.0,,False,12,1.0,11,0.000826374780444894,0.45,0.0,
changing_distribution,10,10,random,12,800,0.1,800,169,153,16,161,200,74,52,22,21,1,0,0.7027027027027027,0.2972972972972973,0.20125,0.19125,0.25,7.0,4.5,33.0,3.0,,False,12,1.0,44,0.003978125096182339,0.7000000000000001,0.30000000000000004,
changing_distribution,10,10,heuristic,12,800,0.1,800,349,334,15,341,283,74,31,43,43,0,1,0.4189189189189189,0.581081081081081,0.42625,0.4175,0.35375,15.806451612903226,4.0,83.0,0.0,,False,12,1.0,11,0.010210375039605424,1.5806451612903227,0.0,
changing_distribution,10,10,adaptive,12,800,0.1,800,550,544,6,558,4,74,45,29,29,0,0,0.6081081081081081,0.3918918918918919,0.6975,0.68,0.005,12.644444444444444,10.0,34.0,0.0,,False,12,1.0,11,2.406865124939941,1.2644444444444445,0.0,
changing_distribution,11,11,sequential,12,800,0.1,800,163,150,13,156,0,79,48,31,28,3,1,0.6075949367088608,0.3924050632911392,0.195,0.1875,0.0,5.708333333333333,5.0,19.0,0.0,,False,12,1.0,11,0.0005715003135264851,0.5708333333333333,0.0,
changing_distribution,11,11,random,12,800,0.1,800,173,163,10,166,210,79,47,32,32,0,0,0.5949367088607594,0.4050632911392405,0.2075,0.20375,0.2625,7.787234042553192,7.0,39.0,0.0,,False,12,1.0,32,0.004158874471613672,0.7787234042553193,0.0,
changing_distribution,11,11,heuristic,12,800,0.1,800,316,310,6,321,295,79,25,54,54,0,3,0.31645569620253167,0.6835443037974683,0.40125,0.3875,0.36875,9.96,1.0,50.0,0.0,,False,12,1.0,12,0.013931374342064373,0.9960000000000001,0.0,
changing_distribution,11,11,adaptive,12,800,0.1,800,539,534,5,549,6,79,35,44,44,0,2,0.4430379746835443,0.5569620253164557,0.68625,0.6675,0.0075,11.057142857142857,6.0,35.0,0.0,,False,12,1.0,11,2.33370774974901,1.1057142857142856,0.0,
changing_distribution,12,12,sequential,12,800,0.1,800,174,168,6,175,0,72,58,14,13,1,1,0.8055555555555556,0.19444444444444445,0.21875,0.21,0.0,4.4655172413793105,4.0,13.0,0.0,,False,12,1.0,11,0.0005537501419894397,0.4465517241379311,0.0,
changing_distribution,12,12,random,12,800,0.1,800,198,185,13,192,189,72,48,24,24,0,1,0.6666666666666666,0.3333333333333333,0.24,0.23125,0.23625,6.0625,4.5,35.0,4.0,,False,12,1.0,20,0.0040598749910714105,0.6062500000000001,0.4,
changing_distribution,12,12,heuristic,12,800,0.1,800,436,430,6,448,211,72,29,43,43,0,1,0.4027777777777778,0.5972222222222222,0.56,0.5375,0.26375,15.862068965517242,7.0,115.0,0.0,,False,12,1.0,12,0.009873124363366514,1.5862068965517242,0.0,
changing_distribution,12,12,adaptive,12,800,0.1,800,548,543,5,564,0,72,47,25,25,0,2,0.6527777777777778,0.3472222222222222,0.705,0.67875,0.0,10.936170212765957,9.0,34.0,0.0,,False,12,1.0,11,2.36300262491568,1.0936170212765957,0.0,
changing_distribution,13,13,sequential,12,800,0.1,800,187,171,16,173,0,79,56,23,23,0,1,0.7088607594936709,0.2911392405063291,0.21625,0.21375,0.0,5.160714285714286,4.0,23.0,1.0,,False,12,1.0,11,0.0005436251376522705,0.5160714285714286,0.1,
changing_distribution,13,13,random,12,800,0.1,800,156,139,17,139,227,79,46,33,33,0,1,0.5822784810126582,0.4177215189873418,0.17375,0.17375,0.28375,7.043478260869565,3.0,39.0,4.0,,False,12,1.0,33,0.003868874737236183,0.7043478260869566,0.4,
changing_distribution,13,13,heuristic,12,800,0.1,800,491,483,8,494,140,79,32,47,47,0,2,0.4050632911392405,0.5949367088607594,0.6175,0.60375,0.175,9.0,1.0,67.0,1.0,,False,12,1.0,12,0.01007800023216987,0.9,0.1,
changing_distribution,13,13,adaptive,12,800,0.1,800,543,538,5,552,1,79,44,35,35,0,0,0.5569620253164557,0.4430379746835443,0.69,0.6725,0.00125,11.909090909090908,7.5,34.0,1.0,,False,12,1.0,11,2.319983999695978,1.190909090909091,0.1,
changing_distribution,14,14,sequential,12,800,0.1,800,173,166,7,172,0,62,45,17,17,0,1,0.7258064516129032,0.27419354838709675,0.215,0.2075,0.0,6.2,7.0,23.0,0.0,,False,12,1.0,11,0.0005521242565009743,0.6200000000000001,0.0,
changing_distribution,14,14,random,12,800,0.1,800,206,191,15,197,194,62,47,15,15,0,0,0.7580645161290323,0.24193548387096775,0.24625,0.23875,0.2425,8.382978723404255,6.0,37.0,0.0,,False,12,1.0,39,0.00387674957892159,0.8382978723404255,0.0,
changing_distribution,14,14,heuristic,12,800,0.1,800,485,478,7,493,156,62,22,40,39,1,2,0.3548387096774194,0.6451612903225806,0.61625,0.5975,0.195,12.954545454545455,1.0,117.0,0.0,,False,12,1.0,12,0.009953875123756006,1.2954545454545456,0.0,
changing_distribution,14,14,adaptive,12,800,0.1,800,544,536,8,557,6,62,37,25,25,0,2,0.5967741935483871,0.4032258064516129,0.69625,0.67,0.0075,14.891891891891891,14.0,35.0,0.0,,False,12,1.0,11,2.3293087500496767,1.4891891891891893,0.0,
changing_distribution,15,15,sequential,12,800,0.1,800,181,165,16,169,0,80,58,22,20,2,2,0.725,0.275,0.21125,0.20625,0.0,5.241379310344827,5.0,22.0,1.0,,False,12,1.0,11,0.0005752503784606233,0.5241379310344828,0.1,
changing_distribution,15,15,random,12,800,0.1,800,161,149,12,157,207,80,49,31,31,0,2,0.6125,0.3875,0.19625,0.18625,0.25875,9.020408163265307,7.0,51.0,6.0,,False,12,1.0,38,0.003991000521637034,0.9020408163265308,0.6000000000000001,
changing_distribution,15,15,heuristic,12,800,0.1,800,421,414,7,423,224,80,31,49,49,0,1,0.3875,0.6125,0.52875,0.5175,0.28,7.67741935483871,0.0,61.0,1.0,,False,12,1.0,11,0.010798375187732745,0.767741935483871,0.1,
changing_distribution,15,15,adaptive,12,800,0.1,800,535,526,9,548,7,80,35,45,43,2,2,0.4375,0.5625,0.685,0.6575,0.00875,13.285714285714286,11.0,33.0,1.0,,False,12,1.0,11,2.3475793749821605,1.3285714285714287,0.1,
changing_distribution,16,16,sequential,12,800,0.1,800,179,163,16,166,0,80,60,20,20,0,1,0.75,0.25,0.2075,0.20375,0.0,4.783333333333333,4.0,22.0,0.0,,False,12,1.0,11,0.0005696251901099458,0.47833333333333333,0.0,
changing_distribution,16,16,random,12,800,0.1,800,185,172,13,179,195,80,55,25,24,1,1,0.6875,0.3125,0.22375,0.215,0.24375,7.6909090909090905,5.0,85.0,8.0,,False,12,1.0,29,0.003837125186691992,0.769090909090909,0.8,
changing_distribution,16,16,heuristic,12,800,0.1,800,462,453,9,467,187,80,32,48,48,0,1,0.4,0.6,0.58375,0.56625,0.23375,7.34375,0.5,67.0,0.0,,False,12,1.0,12,0.011354624984960537,0.734375,0.0,
changing_distribution,16,16,adaptive,12,800,0.1,800,540,534,6,550,1,80,45,35,35,0,1,0.5625,0.4375,0.6875,0.6675,0.00125,11.133333333333333,5.0,35.0,0.0,,False,12,1.0,11,2.351946374619729,1.1133333333333333,0.0,
changing_distribution,17,17,sequential,12,800,0.1,800,169,159,10,167,0,83,54,29,27,2,2,0.6506024096385542,0.3493975903614458,0.20875,0.19875,0.0,5.2592592592592595,5.0,14.0,0.0,,False,12,1.0,11,0.0006485003177658655,0.525925925925926,0.0,
changing_distribution,17,17,random,12,800,0.1,800,163,151,12,154,217,83,56,27,27,0,1,0.6746987951807228,0.3253012048192771,0.1925,0.18875,0.27125,6.982142857142857,3.0,40.0,2.0,,False,12,1.0,27,0.004023375549877528,0.6982142857142857,0.2,
changing_distribution,17,17,heuristic,12,800,0.1,800,402,393,9,408,244,83,28,55,54,1,2,0.3373493975903614,0.6626506024096386,0.51,0.49125,0.305,13.464285714285714,0.0,110.0,0.0,,False,12,1.0,13,0.010290750142303295,1.3464285714285715,0.0,
changing_distribution,17,17,adaptive,12,800,0.1,800,540,539,1,548,7,83,41,42,42,0,2,0.4939759036144578,0.5060240963855421,0.685,0.67375,0.00875,13.317073170731707,11.0,35.0,0.0,,False,12,1.0,11,2.4001956252686796,1.3317073170731708,0.0,
changing_distribution,18,18,sequential,12,800,0.1,800,185,170,15,171,0,88,64,24,24,0,1,0.7272727272727273,0.2727272727272727,0.21375,0.2125,0.0,4.453125,4.0,11.0,0.0,,False,12,1.0,11,0.0005801255974802189,0.4453125,0.0,
changing_distribution,18,18,random,12,800,0.1,800,163,153,10,157,220,88,57,31,31,0,2,0.6477272727272727,0.3522727272727273,0.19625,0.19125,0.275,6.842105263157895,5.0,33.0,2.0,,False,12,1.0,19,0.004143624792050105,0.6842105263157895,0.2,
changing_distribution,18,18,heuristic,12,800,0.1,800,313,304,9,317,259,88,30,58,57,1,2,0.3409090909090909,0.6590909090909091,0.39625,0.38,0.32375,7.733333333333333,3.5,38.0,0.0,,False,12,1.0,11,0.010001999398809858,0.7733333333333334,0.0,
changing_distribution,18,18,adaptive,12,800,0.1,800,547,541,6,555,1,88,49,39,39,0,2,0.5568181818181818,0.4431818181818182,0.69375,0.67625,0.00125,9.612244897959183,7.0,34.0,0.0,,False,12,1.0,11,2.3459152502618963,0.9612244897959183,0.0,
changing_distribution,19,19,sequential,12,800,0.1,800,176,163,13,169,0,75,54,21,20,1,1,0.72,0.28,0.21125,0.20375,0.0,5.851851851851852,5.5,23.0,0.0,,False,12,1.0,11,0.0005375000910134986,0.5851851851851853,0.0,
changing_distribution,19,19,random,12,800,0.1,800,185,166,19,172,205,75,48,27,27,0,2,0.64,0.36,0.215,0.2075,0.25625,7.708333333333333,5.0,43.0,20.0,,False,12,1.0,43,0.004039124396513216,0.7708333333333334,2.0,
changing_distribution,19,19,heuristic,12,800,0.1,800,324,308,16,319,328,75,22,53,53,0,3,0.29333333333333333,0.7066666666666667,0.39875,0.385,0.41,7.181818181818182,1.5,58.0,0.0,,False,12,1.0,11,0.010159499324799981,0.7181818181818183,0.0,
changing_distribution,19,19,adaptive,12,800,0.1,800,536,528,8,544,13,75,39,36,35,1,2,0.52,0.48,0.68,0.66,0.01625,14.666666666666666,13.0,35.0,0.0,,False,12,1.0,11,2.4127859998770873,1.4666666666666668,0.0,
changing_distribution,20,20,sequential,12,800,0.1,800,161,149,12,161,0,77,56,21,20,1,0,0.7272727272727273,0.2727272727272727,0.20125,0.18625,0.0,5.196428571428571,4.5,24.0,1.0,,False,12,1.0,11,0.0005502497515408322,0.5196428571428572,0.1,
changing_distribution,20,20,random,12,800,0.1,800,166,157,9,161,218,77,52,25,25,0,1,0.6753246753246753,0.3246753246753247,0.20125,0.19625,0.2725,7.653846153846154,4.5,34.0,5.0,,False,12,1.0,31,0.0041003755904966965,0.7653846153846154,0.5,
changing_distribution,20,20,heuristic,12,800,0.1,800,391,383,8,394,237,77,27,50,50,0,1,0.35064935064935066,0.6493506493506493,0.4925,0.47875,0.29625,10.666666666666666,1.0,53.0,1.0,,False,12,1.0,14,0.009944623561750632,1.0666666666666667,0.1,
changing_distribution,20,20,adaptive,12,800,0.1,800,535,530,5,556,5,77,40,37,37,0,0,0.5194805194805194,0.4805194805194805,0.695,0.6625,0.00625,10.625,7.0,35.0,1.0,,False,12,1.0,11,2.350876999516913,1.0625,0.1,
changing_distribution,21,21,sequential,12,800,0.1,800,179,164,15,169,0,84,64,20,20,0,1,0.7619047619047619,0.23809523809523808,0.21125,0.205,0.0,4.6875,4.0,19.0,1.0,,False,12,1.0,11,0.0006011249570292421,0.46875,0.1,
changing_distribution,21,21,random,12,800,0.1,800,169,156,13,158,199,84,57,27,26,1,1,0.6785714285714286,0.32142857142857145,0.1975,0.195,0.24875,6.87719298245614,4.0,36.0,7.0,,False,12,1.0,42,0.004100875266885851,0.6877192982456141,0.7000000000000001,
changing_distribution,21,21,heuristic,12,800,0.1,800,380,376,4,387,256,84,29,55,54,1,2,0.34523809523809523,0.6547619047619048,0.48375,0.47,0.32,10.827586206896552,2.0,87.0,1.0,,False,12,1.0,11,0.010100750259880442,1.0827586206896551,0.1,
changing_distribution,21,21,adaptive,12,800,0.1,800,534,529,5,542,3,84,46,38,37,1,1,0.5476190476190477,0.4523809523809524,0.6775,0.66125,0.00375,9.282608695652174,6.5,33.0,1.0,,False,12,1.0,11,2.3182423744219705,0.9282608695652175,0.1,
changing_distribution,22,22,sequential,12,800,0.1,800,182,161,21,169,0,85,57,28,26,2,1,0.6705882352941176,0.32941176470588235,0.21125,0.20125,0.0,5.43859649122807,5.0,22.0,0.0,,False,12,1.0,11,0.0005440002496470697,0.543859649122807,0.0,
changing_distribution,22,22,random,12,800,0.1,800,177,164,13,169,207,85,45,40,40,0,1,0.5294117647058824,0.47058823529411764,0.21125,0.205,0.25875,7.666666666666667,5.0,37.0,5.0,,False,12,1.0,49,0.004366875436971895,0.7666666666666667,0.5,
changing_distribution,22,22,heuristic,12,800,0.1,800,394,386,8,396,266,85,23,62,62,0,1,0.27058823529411763,0.7294117647058823,0.495,0.4825,0.3325,10.826086956521738,1.0,53.0,0.0,,False,12,1.0,12,0.009890625260595698,1.0826086956521739,0.0,
changing_distribution,22,22,adaptive,12,800,0.1,800,543,539,4,555,3,85,47,38,38,0,1,0.5529411764705883,0.4470588235294118,0.69375,0.67375,0.00375,9.914893617021276,5.0,35.0,0.0,,False,12,1.0,11,2.666251750124502,0.9914893617021276,0.0,
changing_distribution,23,23,sequential,12,800,0.1,800,168,155,13,161,0,85,63,22,22,0,0,0.7411764705882353,0.25882352941176473,0.20125,0.19375,0.0,4.5396825396825395,3.0,21.0,0.0,,False,12,1.0,11,0.0007029994594631717,0.45396825396825397,0.0,
changing_distribution,23,23,random,12,800,0.1,800,181,165,16,173,192,85,56,29,28,1,1,0.6588235294117647,0.3411764705882353,0.21625,0.20625,0.24,6.946428571428571,3.5,29.0,0.0,,False,12,1.0,46,0.005019999916839879,0.6946428571428571,0.0,
changing_distribution,23,23,heuristic,12,800,0.1,800,498,488,10,509,137,85,29,56,56,0,1,0.3411764705882353,0.6588235294117647,0.63625,0.61,0.17125,1.793103448275862,0.0,12.0,0.0,,False,12,1.0,11,0.013514750207832549,0.17931034482758623,0.0,
changing_distribution,23,23,adaptive,12,800,0.1,800,532,530,2,547,6,85,46,39,39,0,1,0.5411764705882353,0.4588235294117647,0.68375,0.6625,0.0075,11.282608695652174,8.0,35.0,0.0,,False,12,1.0,11,2.47282024967717,1.1282608695652174,0.0,
changing_distribution,24,24,sequential,12,800,0.1,800,184,166,18,173,0,81,55,26,24,2,0,0.6790123456790124,0.32098765432098764,0.21625,0.2075,0.0,4.3090909090909095,4.0,11.0,0.0,,False,12,1.0,11,0.0005446248178486712,0.43090909090909096,0.0,
changing_distribution,24,24,random,12,800,0.1,800,171,162,9,166,211,81,45,36,36,0,0,0.5555555555555556,0.4444444444444444,0.2075,0.2025,0.26375,7.444444444444445,4.0,36.0,6.0,,False,12,1.0,39,0.004501124858506955,0.7444444444444445,0.6000000000000001,
changing_distribution,24,24,heuristic,12,800,0.1,800,327,321,6,327,320,81,24,57,57,0,3,0.2962962962962963,0.7037037037037037,0.40875,0.40125,0.4,13.666666666666666,2.5,121.0,0.0,,False,12,1.0,11,0.010300249778083526,1.3666666666666667,0.0,
changing_distribution,24,24,adaptive,12,800,0.1,800,538,533,5,549,8,81,43,38,38,0,2,0.5308641975308642,0.4691358024691358,0.68625,0.66625,0.01,11.116279069767442,5.0,35.0,0.0,,False,12,1.0,11,2.2925466246306314,1.1116279069767443,0.0,
changing_distribution,25,25,sequential,12,800,0.1,800,170,156,14,164,0,82,59,23,22,1,0,0.7195121951219512,0.2804878048780488,0.205,0.195,0.0,5.610169491525424,6.0,23.0,0.0,,False,12,1.0,11,0.0005527496614377014,0.5610169491525424,0.0,
changing_distribution,25,25,random,12,800,0.1,800,173,161,12,166,187,82,51,31,29,2,0,0.6219512195121951,0.3780487804878049,0.2075,0.20125,0.23375,6.627450980392157,4.0,31.0,3.0,,False,12,1.0,28,0.004170625143160578,0.6627450980392158,0.30000000000000004,
changing_distribution,25,25,heuristic,12,800,0.1,800,321,314,7,322,350,82,21,61,59,2,3,0.25609756097560976,0.7439024390243902,0.4025,0.3925,0.4375,3.142857142857143,0.0,17.0,0.0,,False,12,1.0,12,0.009859125020739157,0.3142857142857143,0.0,
changing_distribution,25,25,adaptive,12,800,0.1,800,509,502,7,518,31,82,43,39,39,0,0,0.524390243902439,0.47560975609756095,0.6475,0.6275,0.03875,16.069767441860463,16.0,67.0,0.0,,False,12,1.0,11,2.3872369997479836,1.6069767441860465,0.0,
changing_distribution,26,26,sequential,12,800,0.1,800,182,163,19,167,0,83,62,21,21,0,2,0.7469879518072289,0.25301204819277107,0.20875,0.20375,0.0,5.467741935483871,5.0,19.0,0.0,,False,12,1.0,11,0.0005576255716732703,0.5467741935483871,0.0,
changing_distribution,26,26,random,12,800,0.1,800,175,165,10,172,200,83,63,20,20,0,1,0.7590361445783133,0.24096385542168675,0.215,0.20625,0.25,8.46031746031746,5.0,53.0,5.0,,False,12,1.0,28,0.004002375135314651,0.8460317460317461,0.5,
changing_distribution,26,26,heuristic,12,800,0.1,800,476,472,4,483,193,83,25,58,58,0,2,0.30120481927710846,0.6987951807228916,0.60375,0.59,0.24125,10.28,1.0,43.0,0.0,,False,12,1.0,11,0.010055374805233441,1.028,0.0,
changing_distribution,26,26,adaptive,12,800,0.1,800,535,529,6,553,6,83,42,41,41,0,2,0.5060240963855421,0.4939759036144578,0.69125,0.66125,0.0075,11.166666666666666,8.0,35.0,0.0,,False,12,1.0,11,2.3295254997719894,1.1166666666666667,0.0,
changing_distribution,27,27,sequential,12,800,0.1,800,195,173,22,179,0,70,55,15,15,0,0,0.7857142857142857,0.21428571428571427,0.22375,0.21625,0.0,4.8545454545454545,5.0,12.0,0.0,,False,12,1.0,11,0.0005546248212340288,0.48545454545454547,0.0,
changing_distribution,27,27,random,12,800,0.1,800,207,195,12,198,182,70,46,24,24,0,0,0.6571428571428571,0.34285714285714286,0.2475,0.24375,0.2275,6.1521739130434785,5.0,25.0,0.0,,False,12,1.0,36,0.004014999394712504,0.6152173913043479,0.0,
changing_distribution,27,27,heuristic,12,800,0.1,800,349,340,9,352,302,70,24,46,44,2,3,0.34285714285714286,0.6571428571428571,0.44,0.425,0.3775,8.958333333333334,1.5,63.0,0.0,,False,12,1.0,11,0.010278374611516483,0.8958333333333335,0.0,
changing_distribution,27,27,adaptive,12,800,0.1,800,561,551,10,559,3,70,42,28,28,0,0,0.6,0.4,0.69875,0.68875,0.00375,9.547619047619047,6.0,34.0,0.0,,False,12,1.0,11,2.384900375182042,0.9547619047619048,0.0,
changing_distribution,28,28,sequential,12,800,0.1,800,177,161,16,167,0,76,53,23,23,0,0,0.6973684210526315,0.3026315789473684,0.20875,0.20125,0.0,5.377358490566038,5.0,22.0,0.0,,False,12,1.0,11,0.0005571248766500503,0.5377358490566038,0.0,
changing_distribution,28,28,random,12,800,0.1,800,199,183,16,187,196,76,53,23,23,0,0,0.6973684210526315,0.3026315789473684,0.23375,0.22875,0.245,5.60377358490566,3.0,25.0,2.0,,False,12,1.0,24,0.004378250159788877,0.560377358490566,0.2,
changing_distribution,28,28,heuristic,12,800,0.1,800,319,309,10,320,315,76,23,53,52,1,0,0.3026315789473684,0.6973684210526315,0.4,0.38625,0.39375,8.782608695652174,1.0,52.0,0.0,,False,12,1.0,13,0.009847749934124295,0.8782608695652174,0.0,
changing_distribution,28,28,adaptive,12,800,0.1,800,541,534,7,553,5,76,38,38,38,0,0,0.5,0.5,0.69125,0.6675,0.00625,13.921052631578947,10.0,35.0,0.0,,False,12,1.0,11,2.337116999697173,1.3921052631578947,0.0,
changing_distribution,29,29,sequential,12,800,0.1,800,186,169,17,173,0,90,66,24,23,1,2,0.7333333333333333,0.26666666666666666,0.21625,0.21125,0.0,4.045454545454546,3.0,17.0,0.0,,False,12,1.0,11,0.0005769999188487418,0.4045454545454546,0.0,
changing_distribution,29,29,random,12,800,0.1,800,181,167,14,169,198,90,57,33,33,0,0,0.6333333333333333,0.36666666666666664,0.21125,0.20875,0.2475,5.631578947368421,4.0,21.0,1.0,,False,12,1.0,44,0.0040300005275639705,0.5631578947368422,0.1,
changing_distribution,29,29,heuristic,12,800,0.1,800,453,440,13,451,193,90,30,60,59,1,1,0.3333333333333333,0.6666666666666666,0.56375,0.55,0.24125,5.9,0.0,30.0,1.0,,False,12,1.0,12,0.010399750790384132,0.5900000000000001,0.1,
changing_distribution,29,29,adaptive,12,800,0.1,800,544,536,8,552,3,90,51,39,37,2,1,0.5666666666666667,0.43333333333333335,0.69,0.67,0.00375,11.411764705882353,7.0,34.0,0.0,,False,12,1.0,11,2.3119672501343302,1.1411764705882355,0.0,
