scenario,world_seed,agent_seed,strategy,n_channels,n_slots,slot_duration_s,total_scans,total_detections,true_positive_scans,false_positive_scans,on_target_scans,redundant_scans,n_activity_intervals,n_detected_intervals,n_missed_intervals,n_missed_never_scanned,n_missed_detector,n_censored_intervals,detection_rate,missed_detection_rate,on_target_scan_rate,scan_efficiency,redundant_scan_rate,mean_detection_delay_slots,median_detection_delay_slots,max_detection_delay_slots,time_to_first_detection_slots,emerging_discovery_delay_slots,emerging_discovery_censored,channels_covered,channel_coverage,coverage_time_slots,mean_decision_latency_ms,mean_detection_delay_s,time_to_first_detection_s,emerging_discovery_delay_s,variant
normal,0,0,adaptive,12,800,0.1,800,318,308,10,315,151,63,29,34,34,0,0,0.4603174603174603,0.5396825396825397,0.39375,0.385,0.18875,3.8275862068965516,2.0,24,2,,False,12,1.0,11,2.284190250647953,0.38275862068965516,0.2,,A_prediction_only
normal,0,0,adaptive,12,800,0.1,800,317,306,11,313,143,63,31,32,32,0,1,0.49206349206349204,0.5079365079365079,0.39125,0.3825,0.17875,3.3225806451612905,2.0,25,2,,False,12,1.0,11,2.2985723750753095,0.33225806451612905,0.2,,B_prediction_exploration
normal,0,0,adaptive,12,800,0.1,800,349,339,10,347,103,63,34,29,29,0,1,0.5396825396825397,0.4603174603174603,0.43375,0.42375,0.12875,4.0,2.0,21,2,,False,12,1.0,11,2.3163038754137233,0.4,0.2,,C_prediction_exploration_freshness
normal,0,0,adaptive,12,800,0.1,800,360,347,13,357,95,63,33,30,30,0,1,0.5238095238095238,0.47619047619047616,0.44625,0.43375,0.11875,3.515151515151515,2.0,21,2,,False,12,1.0,11,2.285492875489581,0.35151515151515156,0.2,,D_prediction_exploration_freshness_trend
normal,0,0,adaptive,12,800,0.1,800,361,351,10,362,94,63,34,29,28,1,1,0.5396825396825397,0.4603174603174603,0.4525,0.43875,0.1175,3.411764705882353,2.5,11,2,,False,12,1.0,11,2.2687684999618796,0.3411764705882353,0.2,,E_full_policy
normal,0,0,adaptive,12,800,0.1,800,355,343,12,352,102,63,30,33,33,0,1,0.47619047619047616,0.5238095238095238,0.44,0.42875,0.1275,3.5,3.5,13,2,,False,12,1.0,11,2.2921453747403575,0.35000000000000003,0.2,,F_full_policy_no_online_feedback
normal,1,1,adaptive,12,800,0.1,800,276,267,9,276,188,63,27,36,36,0,1,0.42857142857142855,0.5714285714285714,0.345,0.33375,0.235,3.888888888888889,2.0,29,2,,False,12,1.0,11,2.255286499748763,0.3888888888888889,0.2,,A_prediction_only
normal,1,1,adaptive,12,800,0.1,800,296,285,11,293,160,63,29,34,34,0,1,0.4603174603174603,0.5396825396825397,0.36625,0.35625,0.2,4.275862068965517,1.0,26,2,,False,12,1.0,11,2.3458217499864986,0.4275862068965517,0.2,,B_prediction_exploration
normal,1,1,adaptive,12,800,0.1,800,316,306,10,314,128,63,28,35,35,0,1,0.4444444444444444,0.5555555555555556,0.3925,0.3825,0.16,3.4285714285714284,2.0,18,2,,False,12,1.0,11,2.3112309995121905,0.34285714285714286,0.2,,C_prediction_exploration_freshness
normal,1,1,adaptive,12,800,0.1,800,322,315,7,325,136,63,32,31,31,0,0,0.5079365079365079,0.49206349206349204,0.40625,0.39375,0.17,3.21875,2.0,23,2,,False,12,1.0,11,2.348305124833132,0.321875,0.2,,D_prediction_exploration_freshness_trend
normal,1,1,adaptive,12,800,0.1,800,320,309,11,318,118,63,32,31,31,0,0,0.5079365079365079,0.49206349206349204,0.3975,0.38625,0.1475,3.40625,2.0,11,2,,False,12,1.0,11,2.315829500257678,0.340625,0.2,,E_full_policy
normal,1,1,adaptive,12,800,0.1,800,323,311,12,317,127,63,33,30,30,0,1,0.5238095238095238,0.47619047619047616,0.39625,0.38875,0.15875,3.9393939393939394,2.0,21,2,,False,12,1.0,11,2.3968952502764296,0.393939393939394,0.2,,F_full_policy_no_online_feedback
normal,2,2,adaptive,12,800,0.1,800,250,237,13,241,212,62,20,42,41,1,0,0.3225806451612903,0.6774193548387096,0.30125,0.29625,0.265,4.05,1.0,30,5,,False,12,1.0,11,2.3099271244063857,0.405,0.5,,A_prediction_only
normal,2,2,adaptive,12,800,0.1,800,271,261,10,267,164,62,20,42,41,1,0,0.3225806451612903,0.6774193548387096,0.33375,0.32625,0.205,4.75,3.5,25,5,,False,12,1.0,11,2.3325593746631057,0.47500000000000003,0.5,,B_prediction_exploration
normal,2,2,adaptive,12,800,0.1,800,314,302,12,305,129,62,27,35,35,0,0,0.43548387096774194,0.5645161290322581,0.38125,0.3775,0.16125,4.2592592592592595,2.0,19,5,,False,12,1.0,11,2.329349624851602,0.425925925925926,0.5,,C_prediction_exploration_freshness
normal,2,2,adaptive,12,800,0.1,800,316,304,12,309,129,62,27,35,35,0,0,0.43548387096774194,0.5645161290322581,0.38625,0.38,0.16125,3.2962962962962963,1.0,26,5,,False,12,1.0,11,2.2741572503218777,0.32962962962962966,0.5,,D_prediction_exploration_freshness_trend
normal,2,2,adaptive,12,800,0.1,800,318,310,8,317,116,62,26,36,36,0,0,0.41935483870967744,0.5806451612903226,0.39625,0.3875,0.145,3.6923076923076925,2.0,18,5,,False,12,1.0,11,2.2667583748625475,0.36923076923076925,0.5,,E_full_policy
normal,2,2,adaptive,12,800,0.1,800,306,296,10,301,127,62,27,35,35,0,0,0.43548387096774194,0.5645161290322581,0.37625,0.37,0.15875,4.148148148148148,1.0,25,5,,False,12,1.0,11,2.2486562493941165,0.4148148148148148,0.5,,F_full_policy_no_online_feedback
normal,3,3,adaptive,12,800,0.1,800,243,231,12,239,208,62,26,36,36,0,0,0.41935483870967744,0.5806451612903226,0.29875,0.28875,0.26,2.6538461538461537,0.0,29,2,,False,12,1.0,11,2.295034750677587,0.2653846153846154,0.2,,A_prediction_only
normal,3,3,adaptive,12,800,0.1,800,252,235,17,242,173,62,28,34,34,0,0,0.45161290322580644,0.5483870967741935,0.3025,0.29375,0.21625,3.1785714285714284,1.0,30,2,,False,12,1.0,11,2.2718363746025716,0.31785714285714284,0.2,,B_prediction_exploration
normal,3,3,adaptive,12,800,0.1,800,256,239,17,247,97,62,29,33,33,0,0,0.46774193548387094,0.532258064516129,0.30875,0.29875,0.12125,3.896551724137931,2.0,19,2,,False,12,1.0,11,2.2480307494697627,0.3896551724137931,0.2,,C_prediction_exploration_freshness
normal,3,3,adaptive,12,800,0.1,800,238,223,15,233,100,62,27,35,35,0,0,0.43548387096774194,0.5645161290322581,0.29125,0.27875,0.125,3.888888888888889,1.0,29,2,,False,12,1.0,11,2.3807983746519312,0.3888888888888889,0.2,,D_prediction_exploration_freshness_trend
normal,3,3,adaptive,12,800,0.1,800,280,263,17,273,104,62,32,30,30,0,0,0.5161290322580645,0.4838709677419355,0.34125,0.32875,0.13,3.03125,2.0,14,2,,False,12,1.0,11,2.3561983754916582,0.30312500000000003,0.2,,E_full_policy
normal,3,3,adaptive,12,800,0.1,800,273,251,22,260,105,62,31,31,31,0,0,0.5,0.5,0.325,0.31375,0.13125,3.032258064516129,1.0,18,2,,False,12,1.0,11,2.369172374746995,0.3032258064516129,0.2,,F_full_policy_no_online_feedback
normal,4,4,adaptive,12,800,0.1,800,248,235,13,240,208,62,25,37,36,1,0,0.4032258064516129,0.5967741935483871,0.3,0.29375,0.26,5.48,3.0,26,5,,False,12,1.0,11,2.3443998748916783,0.548,0.5,,A_prediction_only
normal,4,4,adaptive,12,800,0.1,800,282,272,10,277,151,62,24,38,37,1,0,0.3870967741935484,0.6129032258064516,0.34625,0.34,0.18875,3.625,1.0,25,5,,False,12,1.0,11,2.31072575043072,0.36250000000000004,0.5,,B_prediction_exploration
normal,4,4,adaptive,12,800,0.1,800,306,299,7,307,129,62,24,38,37,1,0,0.3870967741935484,0.6129032258064516,0.38375,0.37375,0.16125,4.458333333333333,2.5,17,5,,False,12,1.0,11,2.2736262504622573,0.4458333333333333,0.5,,C_prediction_exploration_freshness
normal,4,4,adaptive,12,800,0.1,800,307,297,10,305,126,62,24,38,37,1,0,0.3870967741935484,0.6129032258064516,0.38125,0.37125,0.1575,2.9166666666666665,2.0,14,5,,False,12,1.0,11,2.311296499647142,0.2916666666666667,0.5,,D_prediction_exploration_freshness_trend
normal,4,4,adaptive,12,800,0.1,800,308,300,8,308,119,62,28,34,32,2,0,0.45161290322580644,0.5483870967741935,0.385,0.375,0.14875,4.821428571428571,3.0,22,5,,False,12,1.0,11,2.336042500610347,0.48214285714285715,0.5,,E_full_policy
normal,4,4,adaptive,12,800,0.1,800,320,314,6,320,118,62,27,35,34,1,0,0.43548387096774194,0.5645161290322581,0.4,0.3925,0.1475,2.7777777777777777,2.0,22,5,,False,12,1.0,11,2.3302795010022237,0.2777777777777778,0.5,,F_full_policy_no_online_feedback
normal,5,5,adaptive,12,800,0.1,800,252,237,15,240,215,57,22,35,35,0,1,0.38596491228070173,0.6140350877192983,0.3,0.29625,0.26875,3.727272727272727,1.5,15,5,,False,12,1.0,11,2.301249749471026,0.37272727272727274,0.5,,A_prediction_only
normal,5,5,adaptive,12,800,0.1,800,267,251,16,256,137,57,25,32,32,0,1,0.43859649122807015,0.5614035087719298,0.32,0.31375,0.17125,4.12,2.0,14,5,,False,12,1.0,11,2.280285374399682,0.41200000000000003,0.5,,B_prediction_exploration
normal,5,5,adaptive,12,800,0.1,800,315,300,15,304,103,57,25,32,32,0,1,0.43859649122807015,0.5614035087719298,0.38,0.375,0.12875,3.04,2.0,12,5,,False,12,1.0,11,2.2984166255628224,0.30400000000000005,0.5,,C_prediction_exploration_freshness
normal,5,5,adaptive,12,800,0.1,800,318,302,16,308,103,57,27,30,30,0,1,0.47368421052631576,0.5263157894736842,0.385,0.3775,0.12875,3.185185185185185,1.0,12,5,,False,12,1.0,11,3.0120931250348804,0.31851851851851853,0.5,,D_prediction_exploration_freshness_trend
normal,5,5,adaptive,12,800,0.1,800,307,298,9,303,95,57,31,26,26,0,0,0.543859649122807,0.45614035087719296,0.37875,0.3725,0.11875,3.6774193548387095,3.0,13,5,,False,12,1.0,11,2.804390750316088,0.36774193548387096,0.5,,E_full_policy
normal,5,5,adaptive,12,800,0.1,800,310,299,11,303,123,57,26,31,30,1,1,0.45614035087719296,0.543859649122807,0.37875,0.37375,0.15375,3.3076923076923075,2.5,14,5,,False,12,1.0,11,2.5996930003748275,0.33076923076923076,0.5,,F_full_policy_no_online_feedback
normal,6,6,adaptive,12,800,0.1,800,344,339,5,347,141,69,31,38,38,0,1,0.4492753623188406,0.5507246376811594,0.43375,0.42375,0.17625,3.4193548387096775,1.0,17,2,,False,12,1.0,11,2.3300934991129907,0.3419354838709678,0.2,,A_prediction_only
normal,6,6,adaptive,12,800,0.1,800,342,334,8,343,121,69,29,40,40,0,1,0.42028985507246375,0.5797101449275363,0.42875,0.4175,0.15125,3.0,1.0,18,2,,False,12,1.0,11,2.2897659996306174,0.30000000000000004,0.2,,B_prediction_exploration
normal,6,6,adaptive,12,800,0.1,800,367,356,11,362,100,69,32,37,37,0,1,0.463768115942029,0.5362318840579711,0.4525,0.445,0.125,2.75,2.0,14,2,,False,12,1.0,11,2.309740500168118,0.275,0.2,,C_prediction_exploration_freshness
normal,6,6,adaptive,12,800,0.1,800,371,362,9,369,108,69,33,36,36,0,0,0.4782608695652174,0.5217391304347826,0.46125,0.4525,0.135,2.787878787878788,1.0,15,2,,False,12,1.0,11,2.340608624908782,0.2787878787878788,0.2,,D_prediction_exploration_freshness_trend
normal,6,6,adaptive,12,800,0.1,800,374,361,13,372,86,69,33,36,36,0,0,0.4782608695652174,0.5217391304347826,0.465,0.45125,0.1075,2.3636363636363638,2.0,13,2,,False,12,1.0,11,2.3035133757366566,0.2363636363636364,0.2,,E_full_policy
normal,6,6,adaptive,12,800,0.1,800,378,362,16,369,95,69,35,34,34,0,0,0.5072463768115942,0.4927536231884058,0.46125,0.4525,0.11875,3.2,1.0,16,2,,False,12,1.0,11,2.345852499893226,0.32000000000000006,0.2,,F_full_policy_no_online_feedback
normal,7,7,adaptive,12,800,0.1,800,307,298,9,309,183,58,22,36,36,0,0,0.3793103448275862,0.6206896551724138,0.38625,0.3725,0.22875,1.6363636363636365,0.5,7,2,,False,12,1.0,11,2.3274384999240283,0.16363636363636366,0.2,,A_prediction_only
normal,7,7,adaptive,12,800,0.1,800,304,292,12,301,128,58,26,32,32,0,0,0.4482758620689655,0.5517241379310345,0.37625,0.365,0.16,2.8461538461538463,1.0,10,2,,False,12,1.0,11,2.320245625160169,0.28461538461538466,0.2,,B_prediction_exploration
normal,7,7,adaptive,12,800,0.1,800,332,322,10,338,98,58,26,32,31,1,0,0.4482758620689655,0.5517241379310345,0.4225,0.4025,0.1225,2.0,1.0,9,2,,False,12,1.0,11,2.2897879988886416,0.2,0.2,,C_prediction_exploration_freshness
normal,7,7,adaptive,12,800,0.1,800,331,321,10,338,96,58,27,31,30,1,0,0.46551724137931033,0.5344827586206896,0.4225,0.40125,0.12,2.5555555555555554,2.0,11,2,,False,12,1.0,11,2.406944874092005,0.25555555555555554,0.2,,D_prediction_exploration_freshness_trend
normal,7,7,adaptive,12,800,0.1,800,338,330,8,346,91,58,28,30,30,0,0,0.4827586206896552,0.5172413793103449,0.4325,0.4125,0.11375,2.0357142857142856,1.0,11,2,,False,12,1.0,11,2.390435875277035,0.20357142857142857,0.2,,E_full_policy
normal,7,7,adaptive,12,800,0.1,800,329,322,7,335,100,58,28,30,30,0,0,0.4827586206896552,0.5172413793103449,0.41875,0.4025,0.125,2.4285714285714284,2.0,9,2,,False,12,1.0,11,2.2956272501687636,0.24285714285714285,0.2,,F_full_policy_no_online_feedback
normal,8,8,adaptive,12,800,0.1,800,329,312,17,321,122,65,39,26,25,1,0,0.6,0.4,0.40125,0.39,0.1525,4.17948717948718,1.0,28,2,,False,12,1.0,11,2.313629375094024,0.417948717948718,0.2,,A_prediction_only
normal,8,8,adaptive,12,800,0.1,800,325,313,12,321,133,65,33,32,31,1,0,0.5076923076923077,0.49230769230769234,0.40125,0.39125,0.16625,3.5757575757575757,1.0,30,2,,False,12,1.0,11,3.49599900044268,0.3575757575757576,0.2,,B_prediction_exploration
normal,8,8,adaptive,12,800,0.1,800,359,347,12,357,110,65,33,32,32,0,0,0.5076923076923077,0.49230769230769234,0.44625,0.43375,0.1375,2.484848484848485,1.0,19,2,,False,12,1.0,11,3.89187437518558,0.2484848484848485,0.2,,C_prediction_exploration_freshness
normal,8,8,adaptive,12,800,0.1,800,356,343,13,353,110,65,32,33,33,0,0,0.49230769230769234,0.5076923076923077,0.44125,0.42875,0.1375,2.9375,1.0,22,2,,False,12,1.0,11,3.5842830009642057,0.29375,0.2,,D_prediction_exploration_freshness_trend
normal,8,8,adaptive,12,800,0.1,800,360,354,6,363,96,65,34,31,31,0,0,0.5230769230769231,0.47692307692307695,0.45375,0.4425,0.12,2.2941176470588234,2.0,10,2,,False,12,1.0,11,3.4750228751363466,0.22941176470588234,0.2,,E_full_policy
normal,8,8,adaptive,12,800,0.1,800,345,338,7,348,103,65,33,32,32,0,0,0.5076923076923077,0.49230769230769234,0.435,0.4225,0.12875,2.3333333333333335,2.0,11,2,,False,12,1.0,11,3.488361000418081,0.23333333333333336,0.2,,F_full_policy_no_online_feedback
normal,9,9,adaptive,12,800,0.1,800,283,273,10,280,182,62,25,37,36,1,1,0.4032258064516129,0.5967741935483871,0.35,0.34125,0.2275,3.52,1.0,26,12,,False,12,1.0,11,1792.5151237496539,0.35200000000000004,1.2000000000000002,,A_prediction_only
normal,9,9,adaptive,12,800,0.1,800,281,272,9,280,156,62,23,39,38,1,1,0.3709677419354839,0.6290322580645161,0.35,0.34,0.195,2.608695652173913,1.0,9,12,,False,12,1.0,11,1.410614874730527,0.2608695652173913,1.2000000000000002,,B_prediction_exploration
normal,9,9,adaptive,12,800,0.1,800,315,308,7,314,118,62,29,33,32,1,0,0.46774193548387094,0.532258064516129,0.3925,0.385,0.1475,3.8275862068965516,2.0,15,12,,False,12,1.0,11,1.1670120001508621,0.38275862068965516,1.2000000000000002,,C_prediction_exploration_freshness
normal,9,9,adaptive,12,800,0.1,800,332,321,11,327,120,62,27,35,34,1,0,0.43548387096774194,0.5645161290322581,0.40875,0.40125,0.15,3.4814814814814814,1.0,18,12,,False,12,1.0,11,1.12970975053031,0.34814814814814815,1.2000000000000002,,D_prediction_exploration_freshness_trend
normal,9,9,adaptive,12,800,0.1,800,337,329,8,339,102,62,30,32,31,1,0,0.4838709677419355,0.5161290322580645,0.42375,0.41125,0.1275,3.066666666666667,1.0,17,12,,False,12,1.0,11,7.884616999872378,0.3066666666666667,1.2000000000000002,,E_full_policy
normal,9,9,adaptive,12,800,0.1,800,344,335,9,344,112,62,31,31,30,1,0,0.5,0.5,0.43,0.41875,0.14,3.064516129032258,2.0,16,12,,False,12,1.0,11,1.3123289999202825,0.3064516129032258,1.2000000000000002,,F_full_policy_no_online_feedback
normal,10,10,adaptive,12,800,0.1,800,267,252,15,261,196,51,22,29,29,0,0,0.43137254901960786,0.5686274509803921,0.32625,0.315,0.245,4.2272727272727275,1.0,23,2,,False,12,1.0,11,1.1176309998336365,0.4227272727272728,0.2,,A_prediction_only
normal,10,10,adaptive,12,800,0.1,800,262,247,15,253,163,51,21,30,30,0,0,0.4117647058823529,0.5882352941176471,0.31625,0.30875,0.20375,4.904761904761905,3.0,29,2,,False,12,1.0,11,1.0808123751485255,0.4904761904761905,0.2,,B_prediction_exploration
normal,10,10,adaptive,12,800,0.1,800,321,307,14,317,97,51,27,24,24,0,0,0.5294117647058824,0.47058823529411764,0.39625,0.38375,0.12125,3.740740740740741,2.0,14,2,,False,12,1.0,11,1.365376625180943,0.3740740740740741,0.2,,C_prediction_exploration_freshness
normal,10,10,adaptive,12,800,0.1,800,299,284,15,293,106,51,25,26,26,0,0,0.49019607843137253,0.5098039215686274,0.36625,0.355,0.1325,4.4,2.0,32,2,,False,12,1.0,11,1.0840615006600274,0.44000000000000006,0.2,,D_prediction_exploration_freshness_trend
normal,10,10,adaptive,12,800,0.1,800,340,323,17,329,102,51,26,25,25,0,0,0.5098039215686274,0.49019607843137253,0.41125,0.40375,0.1275,2.6538461538461537,1.5,11,2,,False,12,1.0,11,1.0524561255442677,0.2653846153846154,0.2,,E_full_policy
normal,10,10,adaptive,12,800,0.1,800,324,311,13,320,126,51,25,26,26,0,0,0.49019607843137253,0.5098039215686274,0.4,0.38875,0.1575,3.24,2.0,17,2,,False,12,1.0,11,1.0487293753249105,0.32400000000000007,0.2,,F_full_policy_no_online_feedback
normal,11,11,adaptive,12,800,0.1,800,231,210,21,214,206,64,30,34,34,0,0,0.46875,0.53125,0.2675,0.2625,0.2575,3.1333333333333333,2.0,22,2,,False,12,1.0,11,1.0573469999144436,0.31333333333333335,0.2,,A_prediction_only
normal,11,11,adaptive,12,800,0.1,800,232,216,16,220,165,64,28,36,36,0,0,0.4375,0.5625,0.275,0.27,0.20625,3.25,2.0,13,2,,False,12,1.0,11,1.3657571251314948,0.325,0.2,,B_prediction_exploration
normal,11,11,adaptive,12,800,0.1,800,250,236,14,242,110,64,28,36,36,0,0,0.4375,0.5625,0.3025,0.295,0.1375,3.0357142857142856,2.0,10,2,,False,12,1.0,11,1.1446341251939884,0.3035714285714286,0.2,,C_prediction_exploration_freshness
normal,11,11,adaptive,12,800,0.1,800,275,264,11,272,103,64,34,30,30,0,0,0.53125,0.46875,0.34,0.33,0.12875,3.2941176470588234,3.0,9,2,,False,12,1.0,11,1.1198367500765016,0.32941176470588235,0.2,,D_prediction_exploration_freshness_trend
normal,11,11,adaptive,12,800,0.1,800,286,275,11,282,95,64,35,29,29,0,0,0.546875,0.453125,0.3525,0.34375,0.11875,3.257142857142857,3.0,16,2,,False,12,1.0,11,1.1013707496385905,0.32571428571428573,0.2,,E_full_policy
normal,11,11,adaptive,12,800,0.1,800,280,264,16,270,98,64,32,32,32,0,0,0.5,0.5,0.3375,0.33,0.1225,2.9375,1.0,14,2,,False,12,1.0,11,1.1224581256465171,0.29375,0.2,,F_full_policy_no_online_feedback
normal,12,12,adaptive,12,800,0.1,800,300,285,15,299,154,57,28,29,29,0,0,0.49122807017543857,0.5087719298245614,0.37375,0.35625,0.1925,3.5,1.5,23,5,,False,12,1.0,11,1.694079249900824,0.35000000000000003,0.5,,A_prediction_only
normal,12,12,adaptive,12,800,0.1,800,277,268,9,282,156,57,29,28,28,0,0,0.5087719298245614,0.49122807017543857,0.3525,0.335,0.195,4.172413793103448,2.0,23,5,,False,12,1.0,11,1.3820710002983105,0.4172413793103449,0.5,,B_prediction_exploration
normal,12,12,adaptive,12,800,0.1,800,317,304,13,319,102,57,26,31,31,0,0,0.45614035087719296,0.543859649122807,0.39875,0.38,0.1275,3.076923076923077,2.0,16,5,,False,12,1.0,11,1.6715288753403001,0.3076923076923077,0.5,,C_prediction_exploration_freshness
normal,12,12,adaptive,12,800,0.1,800,326,314,12,329,103,57,30,27,27,0,0,0.5263157894736842,0.47368421052631576,0.41125,0.3925,0.12875,3.2333333333333334,2.0,20,5,,False,12,1.0,11,1.2370498753807624,0.32333333333333336,0.5,,D_prediction_exploration_freshness_trend
normal,12,12,adaptive,12,800,0.1,800,332,323,9,340,90,57,29,28,28,0,0,0.5087719298245614,0.49122807017543857,0.425,0.40375,0.1125,3.310344827586207,2.0,21,5,,False,12,1.0,11,1.0763682499236893,0.3310344827586207,0.5,,E_full_policy
normal,12,12,adaptive,12,800,0.1,800,332,318,14,333,114,57,28,29,29,0,0,0.49122807017543857,0.5087719298245614,0.41625,0.3975,0.1425,2.607142857142857,2.0,17,5,,False,12,1.0,11,1.097620000000461,0.26071428571428573,0.5,,F_full_policy_no_online_feedback
normal,13,13,adaptive,12,800,0.1,800,280,276,4,284,193,61,32,29,29,0,0,0.5245901639344263,0.47540983606557374,0.355,0.345,0.24125,3.8125,2.0,20,5,,False,12,1.0,11,1.0607462501138798,0.38125000000000003,0.5,,A_prediction_only
normal,13,13,adaptive,12,800,0.1,800,299,292,7,299,162,61,29,32,32,0,0,0.47540983606557374,0.5245901639344263,0.37375,0.365,0.2025,3.4482758620689653,1.0,18,5,,False,12,1.0,11,1.0569453740754398,0.3448275862068966,0.5,,B_prediction_exploration
normal,13,13,adaptive,12,800,0.1,800,350,342,8,348,114,61,30,31,31,0,0,0.4918032786885246,0.5081967213114754,0.435,0.4275,0.1425,2.4,1.0,11,5,,False,12,1.0,11,1.0878042498006835,0.24,0.5,,C_prediction_exploration_freshness
normal,13,13,adaptive,12,800,0.1,800,338,334,4,344,118,61,28,33,33,0,0,0.45901639344262296,0.5409836065573771,0.43,0.4175,0.1475,1.7142857142857142,1.0,10,5,,False,12,1.0,11,1.0555146251863334,0.17142857142857143,0.5,,D_prediction_exploration_freshness_trend
normal,13,13,adaptive,12,800,0.1,800,339,335,4,346,111,61,27,34,34,0,0,0.4426229508196721,0.5573770491803278,0.4325,0.41875,0.13875,3.6666666666666665,3.0,16,5,,False,12,1.0,11,1.1157674999412848,0.3666666666666667,0.5,,E_full_policy
normal,13,13,adaptive,12,800,0.1,800,336,331,5,340,114,61,29,32,32,0,0,0.47540983606557374,0.5245901639344263,0.425,0.41375,0.1425,2.103448275862069,1.0,6,5,,False,12,1.0,11,1.0614483751851367,0.2103448275862069,0.5,,F_full_policy_no_online_feedback
normal,14,14,adaptive,12,800,0.1,800,351,340,11,350,120,57,26,31,31,0,0,0.45614035087719296,0.543859649122807,0.4375,0.425,0.15,2.6538461538461537,1.5,12,2,,False,12,1.0,11,1.0561653747572564,0.2653846153846154,0.2,,A_prediction_only
normal,14,14,adaptive,12,800,0.1,800,364,350,14,363,108,57,26,31,31,0,0,0.45614035087719296,0.543859649122807,0.45375,0.4375,0.135,2.3846153846153846,1.0,11,2,,False,12,1.0,11,1.0527955002544331,0.23846153846153847,0.2,,B_prediction_exploration
normal,14,14,adaptive,12,800,0.1,800,383,374,9,388,88,57,28,29,29,0,0,0.49122807017543857,0.5087719298245614,0.485,0.4675,0.11,2.642857142857143,2.0,19,2,,False,12,1.0,11,1.0510424994572531,0.2642857142857143,0.2,,C_prediction_exploration_freshness
normal,14,14,adaptive,12,800,0.1,800,394,384,10,397,83,57,27,30,30,0,0,0.47368421052631576,0.5263157894736842,0.49625,0.48,0.10375,2.1481481481481484,2.0,7,2,,False,12,1.0,11,1.054181375184271,0.21481481481481485,0.2,,D_prediction_exploration_freshness_trend
normal,14,14,adaptive,12,800,0.1,800,386,375,11,386,85,57,30,27,27,0,0,0.5263157894736842,0.47368421052631576,0.4825,0.46875,0.10625,3.0,2.0,17,2,,False,12,1.0,11,1.052580374707759,0.30000000000000004,0.2,,E_full_policy
normal,14,14,adaptive,12,800,0.1,800,385,378,7,390,85,57,32,25,25,0,0,0.5614035087719298,0.43859649122807015,0.4875,0.4725,0.10625,2.9375,1.0,18,2,,False,12,1.0,11,1.0412708748845034,0.29375,0.2,,F_full_policy_no_online_feedback
high_activity,0,0,adaptive,12,800,0.1,800,605,599,6,616,2,207,87,120,118,2,2,0.42028985507246375,0.5797101449275363,0.77,0.74875,0.0025,9.74712643678161,6.0,35,0,,False,12,1.0,11,1.0668032503963332,0.974712643678161,0.0,,A_prediction_only
high_activity,0,0,adaptive,12,800,0.1,800,603,597,6,609,2,207,91,116,116,0,2,0.4396135265700483,0.5603864734299517,0.76125,0.74625,0.0025,10.87912087912088,8.0,34,0,,False,12,1.0,11,1.0665906253052526,1.087912087912088,0.0,,B_prediction_exploration
high_activity,0,0,adaptive,12,800,0.1,800,576,570,6,582,5,207,82,125,123,2,2,0.3961352657004831,0.6038647342995169,0.7275,0.7125,0.00625,11.048780487804878,8.0,35,0,,False,12,1.0,11,1.050291374886001,1.104878048780488,0.0,,C_prediction_exploration_freshness
high_activity,0,0,adaptive,12,800,0.1,800,572,565,7,583,4,207,80,127,126,1,2,0.3864734299516908,0.6135265700483091,0.72875,0.70625,0.005,11.725,8.5,35,0,,False,12,1.0,11,1.0579412496372242,1.1725,0.0,,D_prediction_exploration_freshness_trend
high_activity,0,0,adaptive,12,800,0.1,800,577,570,7,583,4,207,76,131,131,0,2,0.3671497584541063,0.6328502415458938,0.72875,0.7125,0.005,9.828947368421053,5.0,34,0,,False,12,1.0,11,1.073964125062048,0.9828947368421054,0.0,,E_full_policy
high_activity,0,0,adaptive,12,800,0.1,800,584,579,5,592,3,207,78,129,128,1,2,0.37681159420289856,0.6231884057971014,0.74,0.72375,0.00375,10.166666666666666,6.5,33,0,,False,12,1.0,11,1.0655324999970617,1.0166666666666666,0.0,,F_full_policy_no_online_feedback
high_activity,1,1,adaptive,12,800,0.1,800,606,603,3,617,0,189,80,109,109,0,2,0.42328042328042326,0.5767195767195767,0.77125,0.75375,0.0,12.125,8.0,35,0,,False,12,1.0,11,1.0755943751792074,1.2125000000000001,0.0,,A_prediction_only
high_activity,1,1,adaptive,12,800,0.1,800,598,594,4,608,0,189,76,113,113,0,2,0.4021164021164021,0.5978835978835979,0.76,0.7425,0.0,12.263157894736842,7.5,35,0,,False,12,1.0,11,1.0729687505227048,1.2263157894736842,0.0,,B_prediction_exploration
high_activity,1,1,adaptive,12,800,0.1,800,576,575,1,595,0,189,79,110,109,1,2,0.41798941798941797,0.582010582010582,0.74375,0.71875,0.0,11.39240506329114,8.0,34,0,,False,12,1.0,11,1.0700238754725433,1.139240506329114,0.0,,C_prediction_exploration_freshness
high_activity,1,1,adaptive,12,800,0.1,800,572,570,2,592,3,189,77,112,109,3,2,0.4074074074074074,0.5925925925925926,0.74,0.7125,0.00375,13.0,11.0,35,0,,False,12,1.0,11,1.1278563753512572,1.3,0.0,,D_prediction_exploration_freshness_trend
high_activity,1,1,adaptive,12,800,0.1,800,574,571,3,590,1,189,78,111,109,2,2,0.4126984126984127,0.5873015873015873,0.7375,0.71375,0.00125,12.705128205128204,11.0,35,0,,False,12,1.0,11,1.0669262499868637,1.2705128205128204,0.0,,E_full_policy
high_activity,1,1,adaptive,12,800,0.1,800,578,574,4,595,0,189,77,112,110,2,2,0.4074074074074074,0.5925925925925926,0.74375,0.7175,0.0,13.090909090909092,9.0,34,0,,False,12,1.0,11,1.0970348755654413,1.3090909090909093,0.0,,F_full_policy_no_online_feedback
high_activity,2,2,adaptive,12,800,0.1,800,602,598,4,610,2,214,79,135,134,1,3,0.3691588785046729,0.6308411214953271,0.7625,0.7475,0.0025,11.594936708860759,8.0,35,0,,False,12,1.0,11,1.122717250182177,1.159493670886076,0.0,,A_prediction_only
high_activity,2,2,adaptive,12,800,0.1,800,602,600,2,614,0,214,76,138,137,1,3,0.35514018691588783,0.6448598130841121,0.7675,0.75,0.0,11.460526315789474,8.0,35,0,,False,12,1.0,11,1.1515561240230454,1.1460526315789474,0.0,,B_prediction_exploration
high_activity,2,2,adaptive,12,800,0.1,800,578,575,3,588,0,214,82,132,131,1,3,0.38317757009345793,0.616822429906542,0.735,0.71875,0.0,11.28048780487805,6.5,35,0,,False,12,1.0,11,1.1966589999428834,1.128048780487805,0.0,,C_prediction_exploration_freshness
high_activity,2,2,adaptive,12,800,0.1,800,581,577,4,593,1,214,81,133,133,0,3,0.37850467289719625,0.6214953271028038,0.74125,0.72125,0.00125,10.246913580246913,6.0,35,0,,False,12,1.0,11,1.1322676246345509,1.0246913580246912,0.0,,D_prediction_exploration_freshness_trend
high_activity,2,2,adaptive,12,800,0.1,800,573,571,2,582,1,214,83,131,131,0,3,0.3878504672897196,0.6121495327102804,0.7275,0.71375,0.00125,11.240963855421686,7.0,35,0,,False,12,1.0,11,1.0942476253694622,1.1240963855421686,0.0,,E_full_policy
high_activity,2,2,adaptive,12,800,0.1,800,584,580,4,592,0,214,78,136,136,0,3,0.3644859813084112,0.6355140186915887,0.74,0.725,0.0,11.897435897435898,8.0,35,0,,False,12,1.0,11,1.151182125104242,1.1897435897435897,0.0,,F_full_policy_no_online_feedback
high_activity,3,3,adaptive,12,800,0.1,800,598,593,5,610,2,197,80,117,115,2,2,0.40609137055837563,0.5939086294416244,0.7625,0.74125,0.0025,12.8,10.0,35,1,,False,12,1.0,11,1.1111642500691232,1.2800000000000002,0.1,,A_prediction_only
high_activity,3,3,adaptive,12,800,0.1,800,603,596,7,611,0,197,81,116,115,1,2,0.41116751269035534,0.5888324873096447,0.76375,0.745,0.0,10.975308641975309,7.0,35,1,,False,12,1.0,11,1.125546875045984,1.097530864197531,0.1,,B_prediction_exploration
high_activity,3,3,adaptive,12,800,0.1,800,576,569,7,584,0,197,78,119,116,3,1,0.39593908629441626,0.6040609137055838,0.73,0.71125,0.0,13.076923076923077,10.0,35,1,,False,12,1.0,11,1.1312874998839106,1.3076923076923077,0.1,,C_prediction_exploration_freshness
high_activity,3,3,adaptive,12,800,0.1,800,577,571,6,590,1,197,86,111,110,1,0,0.4365482233502538,0.5634517766497462,0.7375,0.71375,0.00125,11.674418604651162,9.0,34,1,,False,12,1.0,11,1.0760670001036488,1.1674418604651162,0.1,,D_prediction_exploration_freshness_trend
high_activity,3,3,adaptive,12,800,0.1,800,575,567,8,581,0,197,76,121,119,2,2,0.38578680203045684,0.6142131979695431,0.72625,0.70875,0.0,12.223684210526315,9.0,38,1,,False,12,1.0,11,1.120660374945146,1.2223684210526315,0.1,,E_full_policy
high_activity,3,3,adaptive,12,800,0.1,800,584,578,6,590,0,197,76,121,119,2,1,0.38578680203045684,0.6142131979695431,0.7375,0.7225,0.0,11.421052631578947,7.5,35,1,,False,12,1.0,11,1.1008213754394092,1.1421052631578947,0.1,,F_full_policy_no_online_feedback
high_activity,4,4,adaptive,12,800,0.1,800,595,591,4,613,0,204,82,122,120,2,2,0.4019607843137255,0.5980392156862745,0.76625,0.73875,0.0,12.963414634146341,9.0,38,0,,False,12,1.0,11,1.0851541251395247,1.2963414634146342,0.0,,A_prediction_only
high_activity,4,4,adaptive,12,800,0.1,800,592,587,5,604,0,204,83,121,120,1,2,0.4068627450980392,0.5931372549019608,0.755,0.73375,0.0,10.301204819277109,6.0,35,0,,False,12,1.0,11,1.1228029998528655,1.030120481927711,0.0,,B_prediction_exploration
high_activity,4,4,adaptive,12,800,0.1,800,579,571,8,588,0,204,84,120,119,1,0,0.4117647058823529,0.5882352941176471,0.735,0.71375,0.0,12.130952380952381,8.5,35,0,,False,12,1.0,11,1.9125268755306024,1.2130952380952382,0.0,,C_prediction_exploration_freshness
high_activity,4,4,adaptive,12,800,0.1,800,567,560,7,581,0,204,79,125,123,2,2,0.3872549019607843,0.6127450980392157,0.72625,0.7,0.0,12.759493670886076,10.0,35,0,,False,12,1.0,11,3.506644625667832,1.2759493670886077,0.0,,D_prediction_exploration_freshness_trend
high_activity,4,4,adaptive,12,800,0.1,800,575,568,7,587,0,204,94,110,110,0,2,0.46078431372549017,0.5392156862745098,0.73375,0.71,0.0,11.23404255319149,6.0,35,0,,False,12,1.0,11,3.472984749787429,1.123404255319149,0.0,,E_full_policy
high_activity,4,4,adaptive,12,800,0.1,800,576,571,5,586,0,204,87,117,117,0,3,0.4264705882352941,0.5735294117647058,0.7325,0.71375,0.0,12.35632183908046,8.0,35,0,,False,12,1.0,11,3.52764350027428,1.235632183908046,0.0,,F_full_policy_no_online_feedback
high_activity,5,5,adaptive,12,800,0.1,800,593,589,4,612,1,190,82,108,108,0,1,0.43157894736842106,0.5684210526315789,0.765,0.73625,0.00125,10.890243902439025,8.0,35,0,,False,12,1.0,11,3.4680003754328936,1.0890243902439025,0.0,,A_prediction_only
high_activity,5,5,adaptive,12,800,0.1,800,589,583,6,604,0,190,76,114,113,1,1,0.4,0.6,0.755,0.72875,0.0,11.223684210526315,8.0,35,0,,False,12,1.0,11,3.5107436255930224,1.1223684210526315,0.0,,B_prediction_exploration
high_activity,5,5,adaptive,12,800,0.1,800,564,561,3,582,1,190,74,116,116,0,1,0.3894736842105263,0.6105263157894737,0.7275,0.70125,0.00125,11.5,8.5,35,0,,False,12,1.0,11,3.487277125423134,1.1500000000000001,0.0,,C_prediction_exploration_freshness
high_activity,5,5,adaptive,12,800,0.1,800,560,555,5,578,1,190,72,118,118,0,1,0.37894736842105264,0.6210526315789474,0.7225,0.69375,0.00125,13.98611111111111,10.5,35,0,,False,12,1.0,11,3.494342000267352,1.3986111111111112,0.0,,D_prediction_exploration_freshness_trend
high_activity,5,5,adaptive,12,800,0.1,800,564,559,5,580,0,190,79,111,111,0,1,0.41578947368421054,0.5842105263157895,0.725,0.69875,0.0,11.354430379746836,7.0,35,0,,False,12,1.0,11,3.4427703742767335,1.1354430379746836,0.0,,E_full_policy
high_activity,5,5,adaptive,12,800,0.1,800,567,562,5,584,1,190,72,118,117,1,1,0.37894736842105264,0.6210526315789474,0.73,0.7025,0.00125,11.208333333333334,9.0,35,0,,False,12,1.0,11,3.438219125564501,1.1208333333333333,0.0,,F_full_policy_no_online_feedback
high_activity,6,6,adaptive,12,800,0.1,800,610,606,4,624,0,186,89,97,96,1,3,0.478494623655914,0.521505376344086,0.78,0.7575,0.0,11.97752808988764,9.0,36,1,,False,12,1.0,11,3.4734373753963155,1.1977528089887641,0.1,,A_prediction_only
high_activity,6,6,adaptive,12,800,0.1,800,598,594,4,608,0,186,83,103,102,1,4,0.44623655913978494,0.553763440860215,0.76,0.7425,0.0,13.72289156626506,11.0,36,1,,False,12,1.0,11,3.407930625580775,1.372289156626506,0.1,,B_prediction_exploration
high_activity,6,6,adaptive,12,800,0.1,800,578,574,4,587,0,186,78,108,108,0,3,0.41935483870967744,0.5806451612903226,0.73375,0.7175,0.0,14.782051282051283,14.0,36,1,,False,12,1.0,11,3.4537408756659715,1.4782051282051283,0.1,,C_prediction_exploration_freshness
high_activity,6,6,adaptive,12,800,0.1,800,583,579,4,591,0,186,77,109,108,1,4,0.41397849462365593,0.5860215053763441,0.73875,0.72375,0.0,13.818181818181818,12.0,36,1,,False,12,1.0,11,3.396181125426665,1.3818181818181818,0.1,,D_prediction_exploration_freshness_trend
high_activity,6,6,adaptive,12,800,0.1,800,583,579,4,593,0,186,90,96,96,0,4,0.4838709677419355,0.5161290322580645,0.74125,0.72375,0.0,12.9,12.0,36,1,,False,12,1.0,11,3.448036125082581,1.29,0.1,,E_full_policy
high_activity,6,6,adaptive,12,800,0.1,800,589,583,6,598,0,186,78,108,108,0,3,0.41935483870967744,0.5806451612903226,0.7475,0.72875,0.0,12.256410256410257,11.0,36,1,,False,12,1.0,11,3.448920125265431,1.2256410256410257,0.1,,F_full_policy_no_online_feedback
high_activity,7,7,adaptive,12,800,0.1,800,599,596,3,613,1,221,84,137,136,1,3,0.38009049773755654,0.6199095022624435,0.76625,0.745,0.00125,10.488095238095237,6.0,48,1,,False,12,1.0,11,3.5263223750007455,1.0488095238095239,0.1,,A_prediction_only
high_activity,7,7,adaptive,12,800,0.1,800,598,594,4,611,1,221,88,133,131,2,1,0.39819004524886875,0.6018099547511312,0.76375,0.7425,0.00125,9.943181818181818,8.0,35,1,,False,12,1.0,11,3.552004125522217,0.9943181818181819,0.1,,B_prediction_exploration
high_activity,7,7,adaptive,12,800,0.1,800,581,577,4,589,1,221,85,136,136,0,2,0.38461538461538464,0.6153846153846154,0.73625,0.72125,0.00125,10.023529411764706,8.0,35,1,,False,12,1.0,11,3.558037250113557,1.0023529411764707,0.1,,C_prediction_exploration_freshness
high_activity,7,7,adaptive,12,800,0.1,800,576,570,6,587,1,221,80,141,141,0,2,0.36199095022624433,0.6380090497737556,0.73375,0.7125,0.00125,11.3875,8.5,35,1,,False,12,1.0,11,3.4865098749651224,1.13875,0.1,,D_prediction_exploration_freshness_trend
high_activity,7,7,adaptive,12,800,0.1,800,575,571,4,590,1,221,82,139,139,0,2,0.37104072398190047,0.6289592760180995,0.7375,0.71375,0.00125,10.963414634146341,8.0,36,1,,False,12,1.0,11,3.5290161249940866,1.0963414634146342,0.1,,E_full_policy
high_activity,7,7,adaptive,12,800,0.1,800,584,579,5,594,0,221,74,147,146,1,2,0.334841628959276,0.665158371040724,0.7425,0.72375,0.0,10.405405405405405,7.0,34,1,,False,12,1.0,11,3.504846874784562,1.0405405405405406,0.1,,F_full_policy_no_online_feedback
high_activity,8,8,adaptive,12,800,0.1,800,597,596,1,612,3,213,83,130,129,1,1,0.38967136150234744,0.6103286384976526,0.765,0.745,0.00375,10.698795180722891,7.0,35,1,,False,12,1.0,11,3.5296456247669994,1.069879518072289,0.1,,A_prediction_only
high_activity,8,8,adaptive,12,800,0.1,800,603,600,3,614,1,213,93,120,120,0,1,0.43661971830985913,0.5633802816901409,0.7675,0.75,0.00125,9.86021505376344,7.0,35,1,,False,12,1.0,11,3.629281249923224,0.986021505376344,0.1,,B_prediction_exploration
high_activity,8,8,adaptive,12,800,0.1,800,582,578,4,591,1,213,79,134,133,1,1,0.37089201877934275,0.6291079812206573,0.73875,0.7225,0.00125,12.063291139240507,8.0,35,1,,False,12,1.0,11,3.3874901250965195,1.2063291139240508,0.1,,C_prediction_exploration_freshness
high_activity,8,8,adaptive,12,800,0.1,800,579,576,3,590,0,213,86,127,126,1,1,0.40375586854460094,0.596244131455399,0.7375,0.72,0.0,11.779069767441861,9.0,35,1,,False,12,1.0,11,3.450673999868741,1.177906976744186,0.1,,D_prediction_exploration_freshness_trend
high_activity,8,8,adaptive,12,800,0.1,800,575,572,3,586,0,213,85,128,128,0,1,0.39906103286384975,0.6009389671361502,0.7325,0.715,0.0,12.729411764705882,8.0,35,1,,False,12,1.0,11,3.466948373570631,1.2729411764705882,0.1,,E_full_policy
high_activity,8,8,adaptive,12,800,0.1,800,580,578,2,596,0,213,86,127,126,1,1,0.40375586854460094,0.596244131455399,0.745,0.7225,0.0,11.918604651162791,7.5,35,1,,False,12,1.0,11,3.3880136256630067,1.1918604651162792,0.1,,F_full_policy_no_online_feedback
high_activity,9,9,adaptive,12,800,0.1,800,595,595,0,609,0,188,77,111,110,1,1,0.4095744680851064,0.5904255319148937,0.76125,0.74375,0.0,11.324675324675324,7.0,35,0,,False,12,1.0,11,3.366836625173164,1.1324675324675324,0.0,,A_prediction_only
high_activity,9,9,adaptive,12,800,0.1,800,584,583,1,605,0,188,81,107,106,1,2,0.4308510638297872,0.5691489361702128,0.75625,0.72875,0.0,11.308641975308642,8.0,35,0,,False,12,1.0,11,3.477580749349727,1.1308641975308642,0.0,,B_prediction_exploration
high_activity,9,9,adaptive,12,800,0.1,800,578,574,4,594,0,188,75,113,113,0,1,0.39893617021276595,0.601063829787234,0.7425,0.7175,0.0,11.706666666666667,9.0,35,0,,False,12,1.0,11,3.478251624983386,1.1706666666666667,0.0,,C_prediction_exploration_freshness
high_activity,9,9,adaptive,12,800,0.1,800,581,578,3,591,1,188,79,109,109,0,1,0.42021276595744683,0.5797872340425532,0.73875,0.7225,0.00125,12.405063291139241,10.0,35,0,,False,12,1.0,11,3.468462374949013,1.2405063291139242,0.0,,D_prediction_exploration_freshness_trend
high_activity,9,9,adaptive,12,800,0.1,800,572,569,3,591,1,188,87,101,100,1,1,0.4627659574468085,0.5372340425531915,0.73875,0.71125,0.00125,11.482758620689655,8.0,34,0,,False,12,1.0,11,3.4043944996301434,1.1482758620689655,0.0,,E_full_policy
high_activity,9,9,adaptive,12,800,0.1,800,577,574,3,592,0,188,68,120,118,2,2,0.3617021276595745,0.6382978723404256,0.74,0.7175,0.0,14.308823529411764,12.0,35,0,,False,12,1.0,11,3.404272000443598,1.4308823529411765,0.0,,F_full_policy_no_online_feedback
high_activity,10,10,adaptive,12,800,0.1,800,607,605,2,621,0,209,84,125,123,2,1,0.4019138755980861,0.5980861244019139,0.77625,0.75625,0.0,10.202380952380953,8.0,35,0,,False,12,1.0,11,3.4161444993151235,1.0202380952380954,0.0,,A_prediction_only
high_activity,10,10,adaptive,12,800,0.1,800,597,594,3,609,0,209,80,129,128,1,1,0.3827751196172249,0.6172248803827751,0.76125,0.7425,0.0,10.2125,7.0,35,0,,False,12,1.0,11,3.4374085002127686,1.02125,0.0,,B_prediction_exploration
high_activity,10,10,adaptive,12,800,0.1,800,574,572,2,588,0,209,82,127,125,2,1,0.3923444976076555,0.6076555023923444,0.735,0.715,0.0,10.109756097560975,5.0,33,0,,False,12,1.0,11,3.464546999675804,1.0109756097560976,0.0,,C_prediction_exploration_freshness
high_activity,10,10,adaptive,12,800,0.1,800,577,571,6,587,0,209,81,128,126,2,1,0.3875598086124402,0.6124401913875598,0.73375,0.71375,0.0,10.54320987654321,6.0,34,0,,False,12,1.0,11,3.36695875008445,1.0543209876543211,0.0,,D_prediction_exploration_freshness_trend
high_activity,10,10,adaptive,12,800,0.1,800,583,578,5,592,0,209,92,117,115,2,0,0.44019138755980863,0.5598086124401914,0.74,0.7225,0.0,9.880434782608695,5.0,35,0,,False,12,1.0,11,1.0662311244595912,0.9880434782608696,0.0,,E_full_policy
high_activity,10,10,adaptive,12,800,0.1,800,581,580,1,596,1,209,85,124,123,1,0,0.40669856459330145,0.5933014354066986,0.745,0.725,0.00125,7.929411764705883,4.0,34,0,,False,12,1.0,11,1.0614771239852416,0.7929411764705883,0.0,,F_full_policy_no_online_feedback
high_activity,11,11,adaptive,12,800,0.1,800,592,589,3,614,0,199,81,118,117,1,1,0.40703517587939697,0.592964824120603,0.7675,0.73625,0.0,12.74074074074074,8.0,35,0,,False,12,1.0,11,1.0629507502744673,1.2740740740740741,0.0,,A_prediction_only
high_activity,11,11,adaptive,12,800,0.1,800,583,581,2,610,0,199,76,123,118,5,1,0.38190954773869346,0.6180904522613065,0.7625,0.72625,0.0,11.447368421052632,7.0,35,0,,False,12,1.0,11,1.0589821243775077,1.1447368421052633,0.0,,B_prediction_exploration
high_activity,11,11,adaptive,12,800,0.1,800,576,574,2,588,1,199,89,110,109,1,1,0.4472361809045226,0.5527638190954773,0.735,0.7175,0.00125,12.123595505617978,10.0,34,0,,False,12,1.0,11,1.0553952500777086,1.212359550561798,0.0,,C_prediction_exploration_freshness
high_activity,11,11,adaptive,12,800,0.1,800,572,570,2,585,1,199,77,122,120,2,1,0.3869346733668342,0.6130653266331658,0.73125,0.7125,0.00125,13.675324675324676,13.0,35,0,,False,12,1.0,11,1.0540267496253364,1.3675324675324676,0.0,,D_prediction_exploration_freshness_trend
high_activity,11,11,adaptive,12,800,0.1,800,571,567,4,588,0,199,82,117,116,1,1,0.4120603015075377,0.5879396984924623,0.735,0.70875,0.0,12.475609756097562,11.0,34,0,,False,12,1.0,11,1.0593559999324498,1.2475609756097563,0.0,,E_full_policy
high_activity,11,11,adaptive,12,800,0.1,800,572,569,3,588,2,199,75,124,122,2,1,0.3768844221105528,0.6231155778894473,0.735,0.71125,0.0025,12.933333333333334,13.0,39,0,,False,12,1.0,11,1.0461696244237828,1.2933333333333334,0.0,,F_full_policy_no_online_feedback
high_activity,12,12,adaptive,12,800,0.1,800,593,592,1,609,2,199,82,117,117,0,3,0.4120603015075377,0.5879396984924623,0.76125,0.74,0.0025,10.097560975609756,6.5,35,0,,False,12,1.0,11,1.0678112492678338,1.0097560975609756,0.0,,A_prediction_only
high_activity,12,12,adaptive,12,800,0.1,800,584,581,3,597,0,199,84,115,114,1,2,0.4221105527638191,0.5778894472361809,0.74625,0.72625,0.0,10.845238095238095,6.0,53,0,,False,12,1.0,11,1.063355125261296,1.0845238095238094,0.0,,B_prediction_exploration
high_activity,12,12,adaptive,12,800,0.1,800,569,566,3,585,3,199,76,123,121,2,3,0.38190954773869346,0.6180904522613065,0.73125,0.7075,0.00375,11.328947368421053,8.0,35,0,,False,12,1.0,11,1.0858753749198513,1.1328947368421054,0.0,,C_prediction_exploration_freshness
high_activity,12,12,adaptive,12,800,0.1,800,574,569,5,587,1,199,73,126,124,2,3,0.36683417085427134,0.6331658291457286,0.73375,0.71125,0.00125,10.835616438356164,8.0,33,0,,False,12,1.0,11,1.0798196243558777,1.0835616438356164,0.0,,D_prediction_exploration_freshness_trend
high_activity,12,12,adaptive,12,800,0.1,800,576,573,3,586,2,199,77,122,121,1,3,0.3869346733668342,0.6130653266331658,0.7325,0.71625,0.0025,9.480519480519481,6.0,35,0,,False,12,1.0,11,1.082344749920594,0.9480519480519481,0.0,,E_full_policy
high_activity,12,12,adaptive,12,800,0.1,800,571,566,5,584,2,199,78,121,120,1,3,0.39195979899497485,0.6080402010050251,0.73,0.7075,0.0025,11.23076923076923,6.5,35,0,,False,12,1.0,11,1.1110726249899017,1.123076923076923,0.0,,F_full_policy_no_online_feedback
high_activity,13,13,adaptive,12,800,0.1,800,603,598,5,612,0,199,73,126,126,0,0,0.36683417085427134,0.6331658291457286,0.765,0.7475,0.0,11.0,8.0,37,1,,False,12,1.0,11,1.1017987498053117,1.1,0.1,,A_prediction_only
high_activity,13,13,adaptive,12,800,0.1,800,592,585,7,603,0,199,82,117,117,0,0,0.4120603015075377,0.5879396984924623,0.75375,0.73125,0.0,11.28048780487805,9.5,35,1,,False,12,1.0,11,1.113100125148776,1.128048780487805,0.1,,B_prediction_exploration
high_activity,13,13,adaptive,12,800,0.1,800,591,582,9,590,0,199,75,124,123,1,0,0.3768844221105528,0.6231155778894473,0.7375,0.7275,0.0,10.706666666666667,8.0,35,1,,False,12,1.0,11,1.0888217498722952,1.0706666666666667,0.1,,C_prediction_exploration_freshness
high_activity,13,13,adaptive,12,800,0.1,800,585,577,8,594,0,199,73,126,124,2,0,0.36683417085427134,0.6331658291457286,0.7425,0.72125,0.0,10.013698630136986,8.0,34,1,,False,12,1.0,11,1.0782792498503113,1.0013698630136987,0.1,,D_prediction_exploration_freshness_trend
high_activity,13,13,adaptive,12,800,0.1,800,581,572,9,587,0,199,86,113,113,0,0,0.4321608040201005,0.5678391959798995,0.73375,0.715,0.0,11.13953488372093,8.0,35,1,,False,12,1.0,11,1.0916953753257985,1.1139534883720932,0.1,,E_full_policy
high_activity,13,13,adaptive,12,800,0.1,800,586,580,6,594,0,199,73,126,126,0,0,0.36683417085427134,0.6331658291457286,0.7425,0.725,0.0,11.054794520547945,8.0,33,1,,False,12,1.0,11,1.0881852507736767,1.1054794520547946,0.1,,F_full_policy_no_online_feedback
high_activity,14,14,adaptive,12,800,0.1,800,588,586,2,601,2,211,74,137,137,0,1,0.35071090047393366,0.6492890995260664,0.75125,0.7325,0.0025,12.783783783783784,10.0,35,0,,False,12,1.0,11,1.1039672501283349,1.2783783783783784,0.0,,A_prediction_only
high_activity,14,14,adaptive,12,800,0.1,800,589,586,3,600,2,211,74,137,137,0,0,0.35071090047393366,0.6492890995260664,0.75,0.7325,0.0025,11.297297297297296,8.5,34,0,,False,12,1.0,11,1.102914375733235,1.1297297297297297,0.0,,B_prediction_exploration
high_activity,14,14,adaptive,12,800,0.1,800,571,568,3,587,3,211,80,131,131,0,2,0.3791469194312796,0.6208530805687204,0.73375,0.71,0.00375,10.9125,7.5,35,0,,False,12,1.0,11,1.087287874397589,1.09125,0.0,,C_prediction_exploration_freshness
high_activity,14,14,adaptive,12,800,0.1,800,577,574,3,587,3,211,73,138,138,0,0,0.3459715639810427,0.6540284360189573,0.73375,0.7175,0.00375,11.10958904109589,8.0,35,0,,False,12,1.0,11,1.1113442500209203,1.110958904109589,0.0,,D_prediction_exploration_freshness_trend
high_activity,14,14,adaptive,12,800,0.1,800,567,561,6,588,2,211,82,129,129,0,2,0.3886255924170616,0.6113744075829384,0.735,0.70125,0.0025,10.634146341463415,6.0,35,0,,False,12,1.0,11,1.1173718738064053,1.0634146341463415,0.0,,E_full_policy
high_activity,14,14,adaptive,12,800,0.1,800,579,577,2,593,1,211,76,135,135,0,0,0.36018957345971564,0.6398104265402843,0.74125,0.72125,0.00125,11.131578947368421,8.5,35,0,,False,12,1.0,11,1.0766498752855114,1.1131578947368421,0.0,,F_full_policy_no_online_feedback
bursty,0,0,adaptive,12,800,0.1,800,91,75,16,76,267,205,45,160,159,1,1,0.21951219512195122,0.7804878048780488,0.095,0.09375,0.33375,0.5777777777777777,0.0,5,36,,False,12,1.0,11,1.049916749834665,0.057777777777777775,3.6,,A_prediction_only
bursty,0,0,adaptive,12,800,0.1,800,83,68,15,71,112,205,35,170,169,1,1,0.17073170731707318,0.8292682926829268,0.08875,0.085,0.14,0.7428571428571429,0.0,8,49,,False,12,1.0,11,1.1051440002120216,0.07428571428571429,4.9,,B_prediction_exploration
bursty,0,0,adaptive,12,800,0.1,800,109,95,14,95,44,205,45,160,160,0,1,0.21951219512195122,0.7804878048780488,0.11875,0.11875,0.055,1.2222222222222223,1.0,6,36,,False,12,1.0,11,1.1153087497586966,0.12222222222222223,3.6,,C_prediction_exploration_freshness
bursty,0,0,adaptive,12,800,0.1,800,107,89,18,92,48,205,41,164,164,0,1,0.2,0.8,0.115,0.11125,0.06,1.2682926829268293,1.0,7,36,,False,12,1.0,11,1.064687500220316,0.12682926829268293,3.6,,D_prediction_exploration_freshness_trend
bursty,0,0,adaptive,12,800,0.1,800,114,97,17,101,41,205,42,163,162,1,1,0.2048780487804878,0.7951219512195122,0.12625,0.12125,0.05125,0.8809523809523809,0.5,4,53,,False,12,1.0,11,1.1039097500906792,0.0880952380952381,5.300000000000001,,E_full_policy
bursty,0,0,adaptive,12,800,0.1,800,95,80,15,84,45,205,44,161,160,1,1,0.2146341463414634,0.7853658536585366,0.105,0.1,0.05625,0.9090909090909091,0.0,4,36,,False,12,1.0,11,1.1159465003220248,0.09090909090909091,3.6,,F_full_policy_no_online_feedback
bursty,1,1,adaptive,12,800,0.1,800,136,121,15,121,247,191,44,147,147,0,1,0.23036649214659685,0.7696335078534031,0.15125,0.15125,0.30875,0.7727272727272727,0.0,6,20,,False,12,1.0,11,1.1298418750448036,0.07727272727272727,2.0,,A_prediction_only
bursty,1,1,adaptive,12,800,0.1,800,90,71,19,72,150,191,28,163,163,0,1,0.14659685863874344,0.8534031413612565,0.09,0.08875,0.1875,1.7857142857142858,1.0,12,59,,False,12,1.0,11,1.1051191247679526,0.1785714285714286,5.9,,B_prediction_exploration
bursty,1,1,adaptive,12,800,0.1,800,118,101,17,103,43,191,43,148,148,0,0,0.225130890052356,0.774869109947644,0.12875,0.12625,0.05375,1.3953488372093024,0.0,13,31,,False,12,1.0,11,1.119235375954304,0.13953488372093023,3.1,,C_prediction_exploration_freshness
bursty,1,1,adaptive,12,800,0.1,800,99,83,16,86,55,191,35,156,155,1,1,0.18324607329842932,0.8167539267015707,0.1075,0.10375,0.06875,1.542857142857143,1.0,14,31,,False,12,1.0,11,1.1166929999308195,0.1542857142857143,3.1,,D_prediction_exploration_freshness_trend
bursty,1,1,adaptive,12,800,0.1,800,119,104,15,107,47,191,42,149,149,0,1,0.2198952879581152,0.7801047120418848,0.13375,0.13,0.05875,1.380952380952381,1.0,7,31,,False,12,1.0,11,1.0766705007335986,0.1380952380952381,3.1,,E_full_policy
bursty,1,1,adaptive,12,800,0.1,800,120,107,13,109,52,191,38,153,153,0,1,0.19895287958115182,0.8010471204188482,0.13625,0.13375,0.065,0.7368421052631579,0.0,5,31,,False,12,1.0,11,1.1192320001282496,0.07368421052631578,3.1,,F_full_policy_no_online_feedback
bursty,2,2,adaptive,12,800,0.1,800,86,68,18,72,269,239,43,196,195,1,1,0.1799163179916318,0.8200836820083682,0.09,0.085,0.33625,0.46511627906976744,0.0,3,5,,False,12,1.0,11,1.098552749681403,0.046511627906976744,0.5,,A_prediction_only
bursty,2,2,adaptive,12,800,0.1,800,84,70,14,72,136,239,37,202,201,1,1,0.15481171548117154,0.8451882845188284,0.09,0.0875,0.17,0.918918918918919,0.0,6,5,,False,12,1.0,11,1.0666234996824642,0.0918918918918919,0.5,,B_prediction_exploration
bursty,2,2,adaptive,12,800,0.1,800,109,98,11,101,40,239,48,191,190,1,1,0.200836820083682,0.799163179916318,0.12625,0.1225,0.05,0.9375,1.0,7,5,,False,12,1.0,11,1.1176397498275037,0.09375,0.5,,C_prediction_exploration_freshness
bursty,2,2,adaptive,12,800,0.1,800,96,80,16,81,50,239,47,192,191,1,1,0.19665271966527198,0.803347280334728,0.10125,0.1,0.0625,1.0851063829787233,1.0,6,5,,False,12,1.0,11,1.1347293745711795,0.10851063829787233,0.5,,D_prediction_exploration_freshness_trend
bursty,2,2,adaptive,12,800,0.1,800,69,56,13,57,28,239,31,208,208,0,1,0.1297071129707113,0.8702928870292888,0.07125,0.07,0.035,0.8709677419354839,0.0,6,5,,False,12,1.0,11,1.1139895002997946,0.08709677419354839,0.5,,E_full_policy
bursty,2,2,adaptive,12,800,0.1,800,106,87,19,89,46,239,50,189,189,0,0,0.20920502092050208,0.7907949790794979,0.11125,0.10875,0.0575,1.32,1.0,6,5,,False,12,1.0,11,1.121774125203956,0.132,0.5,,F_full_policy_no_online_feedback
bursty,3,3,adaptive,12,800,0.1,800,111,93,18,97,265,210,40,170,170,0,2,0.19047619047619047,0.8095238095238095,0.12125,0.11625,0.33125,0.8,0.0,6,5,,False,12,1.0,11,1.0836535004636971,0.08000000000000002,0.5,,A_prediction_only
bursty,3,3,adaptive,12,800,0.1,800,135,112,23,113,159,210,46,164,164,0,1,0.21904761904761905,0.780952380952381,0.14125,0.14,0.19875,1.0,0.0,7,5,,False,12,1.0,11,1.0507626252365299,0.1,0.5,,B_prediction_exploration
bursty,3,3,adaptive,12,800,0.1,800,120,104,16,107,58,210,42,168,168,0,2,0.2,0.8,0.13375,0.13,0.0725,1.0952380952380953,1.0,7,5,,False,12,1.0,11,1.0654834995148121,0.10952380952380954,0.5,,C_prediction_exploration_freshness
bursty,3,3,adaptive,12,800,0.1,800,139,118,21,121,69,210,51,159,159,0,2,0.24285714285714285,0.7571428571428571,0.15125,0.1475,0.08625,1.1568627450980393,1.0,8,5,,False,12,1.0,11,1.0526070005289512,0.11568627450980394,0.5,,D_prediction_exploration_freshness_trend
bursty,3,3,adaptive,12,800,0.1,800,142,128,14,132,49,210,51,159,158,1,1,0.24285714285714285,0.7571428571428571,0.165,0.16,0.06125,1.411764705882353,1.0,7,5,,False,12,1.0,11,1.0748673750276794,0.14117647058823532,0.5,,E_full_policy
bursty,3,3,adaptive,12,800,0.1,800,113,96,17,100,50,210,40,170,170,0,1,0.19047619047619047,0.8095238095238095,0.125,0.12,0.0625,1.425,1.0,7,5,,False,12,1.0,11,1.085860624916677,0.14250000000000002,0.5,,F_full_policy_no_online_feedback
bursty,4,4,adaptive,12,800,0.1,800,108,96,12,100,244,207,41,166,166,0,0,0.19806763285024154,0.8019323671497585,0.125,0.12,0.305,0.5365853658536586,0.0,4,27,,False,12,1.0,11,1.0963427498063538,0.05365853658536586,2.7,,A_prediction_only
bursty,4,4,adaptive,12,800,0.1,800,97,85,12,87,159,207,34,173,173,0,0,0.1642512077294686,0.8357487922705314,0.10875,0.10625,0.19875,0.8529411764705882,0.0,8,42,,False,12,1.0,11,1.081185124712647,0.08529411764705883,4.2,,B_prediction_exploration
bursty,4,4,adaptive,12,800,0.1,800,128,116,12,123,54,207,50,157,156,1,0,0.24154589371980675,0.7584541062801933,0.15375,0.145,0.0675,1.22,1.0,9,26,,False,12,1.0,11,1.076918124635995,0.122,2.6,,C_prediction_exploration_freshness
bursty,4,4,adaptive,12,800,0.1,800,120,105,15,108,56,207,39,168,167,1,0,0.18840579710144928,0.8115942028985508,0.135,0.13125,0.07,0.8461538461538461,0.0,4,26,,False,12,1.0,11,1.0614640001949738,0.08461538461538462,2.6,,D_prediction_exploration_freshness_trend
bursty,4,4,adaptive,12,800,0.1,800,121,107,14,110,56,207,40,167,167,0,0,0.1932367149758454,0.8067632850241546,0.1375,0.13375,0.07,1.375,1.0,9,27,,False,12,1.0,11,1.0670252507043188,0.1375,2.7,,E_full_policy
bursty,4,4,adaptive,12,800,0.1,800,106,90,16,94,59,207,35,172,171,1,0,0.16908212560386474,0.8309178743961353,0.1175,0.1125,0.07375,1.4,1.0,11,27,,False,12,1.0,11,1.1114577506668866,0.13999999999999999,2.7,,F_full_policy_no_online_feedback
bursty,5,5,adaptive,12,800,0.1,800,91,67,24,68,270,198,38,160,160,0,0,0.1919191919191919,0.8080808080808081,0.085,0.08375,0.3375,1.0789473684210527,0.0,11,13,,False,12,1.0,11,1.1003881239594193,0.10789473684210527,1.3,,A_prediction_only
bursty,5,5,adaptive,12,800,0.1,800,97,78,19,82,146,198,35,163,162,1,0,0.17676767676767677,0.8232323232323232,0.1025,0.0975,0.1825,1.0,0.0,4,13,,False,12,1.0,11,1.1097005002739024,0.1,1.3,,B_prediction_exploration
bursty,5,5,adaptive,12,800,0.1,800,106,90,16,93,36,198,43,155,155,0,0,0.21717171717171718,0.7828282828282829,0.11625,0.1125,0.045,1.255813953488372,1.0,5,17,,False,12,1.0,11,1.0718939998696442,0.12558139534883722,1.7000000000000002,,C_prediction_exploration_freshness
bursty,5,5,adaptive,12,800,0.1,800,97,79,18,81,54,198,39,159,159,0,0,0.19696969696969696,0.803030303030303,0.10125,0.09875,0.0675,1.4615384615384615,1.0,5,17,,False,12,1.0,11,1.0722374997931183,0.14615384615384616,1.7000000000000002,,D_prediction_exploration_freshness_trend
bursty,5,5,adaptive,12,800,0.1,800,115,87,28,89,40,198,37,161,160,1,0,0.18686868686868688,0.8131313131313131,0.11125,0.10875,0.05,0.8648648648648649,0.0,5,17,,False,12,1.0,11,1.0689653754525352,0.08648648648648649,1.7000000000000002,,E_full_policy
bursty,5,5,adaptive,12,800,0.1,800,66,47,19,48,31,198,25,173,172,1,0,0.12626262626262627,0.8737373737373737,0.06,0.05875,0.03875,1.28,1.0,3,17,,False,12,1.0,11,1.0807823756476864,0.128,1.7000000000000002,,F_full_policy_no_online_feedback
bursty,6,6,adaptive,12,800,0.1,800,94,79,15,82,279,210,45,165,165,0,1,0.21428571428571427,0.7857142857142857,0.1025,0.09875,0.34875,0.7111111111111111,0.0,6,1,,False,12,1.0,11,1.0640691248408984,0.07111111111111111,0.1,,A_prediction_only
bursty,6,6,adaptive,12,800,0.1,800,100,84,16,86,124,210,45,165,165,0,1,0.21428571428571427,0.7857142857142857,0.1075,0.105,0.155,0.7777777777777778,0.0,5,1,,False,12,1.0,11,1.0926459999609506,0.07777777777777778,0.1,,B_prediction_exploration
bursty,6,6,adaptive,12,800,0.1,800,121,107,14,109,61,210,49,161,161,0,0,0.23333333333333334,0.7666666666666667,0.13625,0.13375,0.07625,0.8163265306122449,0.0,8,1,,False,12,1.0,11,1.0846939996918081,0.0816326530612245,0.1,,C_prediction_exploration_freshness
bursty,6,6,adaptive,12,800,0.1,800,103,84,19,86,60,210,39,171,171,0,1,0.18571428571428572,0.8142857142857143,0.1075,0.105,0.075,1.3076923076923077,1.0,8,1,,False,12,1.0,11,1.0722081244239234,0.13076923076923078,0.1,,D_prediction_exploration_freshness_trend
bursty,6,6,adaptive,12,800,0.1,800,101,90,11,91,33,210,48,162,162,0,1,0.22857142857142856,0.7714285714285715,0.11375,0.1125,0.04125,1.1875,1.0,9,1,,False,12,1.0,11,1.096052625507582,0.11875000000000001,0.1,,E_full_policy
bursty,6,6,adaptive,12,800,0.1,800,101,87,14,90,31,210,49,161,159,2,1,0.23333333333333334,0.7666666666666667,0.1125,0.10875,0.03875,1.163265306122449,1.0,5,1,,False,12,1.0,11,1.0734671248792438,0.1163265306122449,0.1,,F_full_policy_no_online_feedback
bursty,7,7,adaptive,12,800,0.1,800,86,72,14,74,287,219,44,175,175,0,0,0.2009132420091324,0.7990867579908676,0.0925,0.09,0.35875,0.6818181818181818,0.0,3,1,,False,12,1.0,11,1.0698901253272197,0.06818181818181818,0.1,,A_prediction_only
bursty,7,7,adaptive,12,800,0.1,800,95,78,17,82,117,219,42,177,177,0,0,0.1917808219178082,0.8082191780821918,0.1025,0.0975,0.14625,0.9523809523809523,1.0,8,1,,False,12,1.0,11,1.0966538760476396,0.09523809523809523,0.1,,B_prediction_exploration
bursty,7,7,adaptive,12,800,0.1,800,114,102,12,104,40,219,47,172,171,1,0,0.2146118721461187,0.7853881278538812,0.13,0.1275,0.05,1.2127659574468086,1.0,7,1,,False,12,1.0,11,1.1076085004242486,0.12127659574468086,0.1,,C_prediction_exploration_freshness
bursty,7,7,adaptive,12,800,0.1,800,100,85,15,87,43,219,42,177,177,0,0,0.1917808219178082,0.8082191780821918,0.10875,0.10625,0.05375,1.4047619047619047,1.0,9,1,,False,12,1.0,11,1.108160124749702,0.14047619047619048,0.1,,D_prediction_exploration_freshness_trend
bursty,7,7,adaptive,12,800,0.1,800,81,64,17,68,23,219,39,180,180,0,0,0.1780821917808219,0.821917808219178,0.085,0.08,0.02875,1.564102564102564,1.0,8,1,,False,12,1.0,11,1.073319625320437,0.1564102564102564,0.1,,E_full_policy
bursty,7,7,adaptive,12,800,0.1,800,116,101,15,104,49,219,44,175,174,1,0,0.2009132420091324,0.7990867579908676,0.13,0.12625,0.06125,1.1363636363636365,1.0,6,1,,False,12,1.0,11,1.0769763755888562,0.11363636363636365,0.1,,F_full_policy_no_online_feedback
bursty,8,8,adaptive,12,800,0.1,800,107,86,21,90,240,218,45,173,173,0,1,0.20642201834862386,0.7935779816513762,0.1125,0.1075,0.3,0.5333333333333333,0.0,6,41,,False,12,1.0,11,1.0860567493728013,0.05333333333333334,4.1000000000000005,,A_prediction_only
bursty,8,8,adaptive,12,800,0.1,800,100,81,19,86,131,218,38,180,180,0,1,0.1743119266055046,0.8256880733944955,0.1075,0.10125,0.16375,0.6578947368421053,0.0,3,31,,False,12,1.0,11,1.0881491249165265,0.06578947368421054,3.1,,B_prediction_exploration
bursty,8,8,adaptive,12,800,0.1,800,113,93,20,99,52,218,40,178,177,1,1,0.1834862385321101,0.8165137614678899,0.12375,0.11625,0.065,1.2,0.0,7,41,,False,12,1.0,11,1.0876786247172276,0.12,4.1000000000000005,,C_prediction_exploration_freshness
bursty,8,8,adaptive,12,800,0.1,800,104,94,10,97,62,218,36,182,181,1,1,0.1651376146788991,0.8348623853211009,0.12125,0.1175,0.0775,1.3611111111111112,1.0,8,41,,False,12,1.0,11,1.0966328746872023,0.13611111111111113,4.1000000000000005,,D_prediction_exploration_freshness_trend
bursty,8,8,adaptive,12,800,0.1,800,117,97,20,104,41,218,47,171,170,1,1,0.21559633027522937,0.7844036697247706,0.13,0.12125,0.05125,1.3191489361702127,1.0,5,41,,False,12,1.0,11,1.108662750266376,0.13191489361702127,4.1000000000000005,,E_full_policy
bursty,8,8,adaptive,12,800,0.1,800,115,101,14,108,57,218,45,173,173,0,1,0.20642201834862386,0.7935779816513762,0.135,0.12625,0.07125,1.1777777777777778,1.0,6,41,,False,12,1.0,11,1.0947132506044,0.11777777777777779,4.1000000000000005,,F_full_policy_no_online_feedback
bursty,9,9,adaptive,12,800,0.1,800,70,58,12,62,292,203,37,166,166,0,0,0.18226600985221675,0.8177339901477833,0.0775,0.0725,0.365,0.3783783783783784,0.0,3,48,,False,12,1.0,11,1.1039570003777044,0.03783783783783784,4.800000000000001,,A_prediction_only
bursty,9,9,adaptive,12,800,0.1,800,66,49,17,51,96,203,24,179,178,1,0,0.11822660098522167,0.8817733990147784,0.06375,0.06125,0.12,0.7916666666666666,0.0,5,45,,False,12,1.0,11,1.0800071250923793,0.07916666666666666,4.5,,B_prediction_exploration
bursty,9,9,adaptive,12,800,0.1,800,72,61,11,64,35,203,32,171,171,0,0,0.15763546798029557,0.8423645320197044,0.08,0.07625,0.04375,0.6875,0.0,5,21,,False,12,1.0,11,1.0874343752948334,0.06875,2.1,,C_prediction_exploration_freshness
bursty,9,9,adaptive,12,800,0.1,800,72,62,10,65,34,203,36,167,167,0,0,0.17733990147783252,0.8226600985221675,0.08125,0.0775,0.0425,0.8055555555555556,0.0,4,21,,False,12,1.0,11,1.0752769997998257,0.08055555555555556,2.1,,D_prediction_exploration_freshness_trend
bursty,9,9,adaptive,12,800,0.1,800,75,60,15,64,25,203,32,171,171,0,0,0.15763546798029557,0.8423645320197044,0.08,0.075,0.03125,1.1875,1.0,6,21,,False,12,1.0,11,1.0770396249426994,0.11875000000000001,2.1,,E_full_policy
bursty,9,9,adaptive,12,800,0.1,800,70,57,13,60,28,203,35,168,167,1,0,0.1724137931034483,0.8275862068965517,0.075,0.07125,0.035,1.1714285714285715,1.0,5,21,,False,12,1.0,11,1.1315251248743152,0.11714285714285716,2.1,,F_full_policy_no_online_feedback
bursty,10,10,adaptive,12,800,0.1,800,104,89,15,90,269,214,48,166,166,0,1,0.22429906542056074,0.7757009345794392,0.1125,0.11125,0.33625,0.875,0.0,8,9,,False,12,1.0,11,1.087655874362099,0.08750000000000001,0.9,,A_prediction_only
bursty,10,10,adaptive,12,800,0.1,800,96,74,22,77,124,214,43,171,171,0,1,0.20093457943925233,0.7990654205607477,0.09625,0.0925,0.155,0.627906976744186,0.0,5,9,,False,12,1.0,11,1.1105057504028082,0.06279069767441861,0.9,,B_prediction_exploration
bursty,10,10,adaptive,12,800,0.1,800,118,103,15,109,50,214,40,174,174,0,1,0.18691588785046728,0.8130841121495327,0.13625,0.12875,0.0625,0.925,0.5,7,9,,False,12,1.0,11,1.1403391254862072,0.09250000000000001,0.9,,C_prediction_exploration_freshness
bursty,10,10,adaptive,12,800,0.1,800,138,120,18,126,72,214,52,162,162,0,2,0.24299065420560748,0.7570093457943925,0.1575,0.15,0.09,0.9230769230769231,0.0,6,9,,False,12,1.0,11,1.0960898758276016,0.09230769230769231,0.9,,D_prediction_exploration_freshness_trend
bursty,10,10,adaptive,12,800,0.1,800,118,108,10,114,49,214,46,168,167,1,1,0.21495327102803738,0.7850467289719626,0.1425,0.135,0.06125,1.1304347826086956,1.0,5,9,,False,12,1.0,11,1.1070456244851812,0.11304347826086956,0.9,,E_full_policy
bursty,10,10,adaptive,12,800,0.1,800,132,116,16,122,51,214,55,159,158,1,2,0.2570093457943925,0.7429906542056075,0.1525,0.145,0.06375,1.0727272727272728,1.0,5,9,,False,12,1.0,11,1.0856323750704178,0.10727272727272728,0.9,,F_full_policy_no_online_feedback
bursty,11,11,adaptive,12,800,0.1,800,104,86,18,90,259,203,36,167,167,0,1,0.17733990147783252,0.8226600985221675,0.1125,0.1075,0.32375,0.2777777777777778,0.0,3,3,,False,12,1.0,11,1.0680331246112473,0.02777777777777778,0.30000000000000004,,A_prediction_only
bursty,11,11,adaptive,12,800,0.1,800,97,84,13,85,134,203,42,161,160,1,1,0.20689655172413793,0.7931034482758621,0.10625,0.105,0.1675,0.8095238095238095,0.0,6,3,,False,12,1.0,11,1.1164006251419778,0.08095238095238096,0.30000000000000004,,B_prediction_exploration
bursty,11,11,adaptive,12,800,0.1,800,101,90,11,96,46,203,40,163,162,1,1,0.19704433497536947,0.8029556650246306,0.12,0.1125,0.0575,0.8,0.0,6,3,,False,12,1.0,11,1.0862887501571095,0.08000000000000002,0.30000000000000004,,C_prediction_exploration_freshness
bursty,11,11,adaptive,12,800,0.1,800,94,86,8,90,55,203,38,165,163,2,1,0.18719211822660098,0.812807881773399,0.1125,0.1075,0.06875,1.0789473684210527,1.0,8,3,,False,12,1.0,11,1.1481370008914382,0.10789473684210527,0.30000000000000004,,D_prediction_exploration_freshness_trend
bursty,11,11,adaptive,12,800,0.1,800,84,72,12,76,29,203,37,166,166,0,0,0.18226600985221675,0.8177339901477833,0.095,0.09,0.03625,1.2702702702702702,0.0,13,3,,False,12,1.0,11,1.0898836242267862,0.12702702702702703,0.30000000000000004,,E_full_policy
bursty,11,11,adaptive,12,800,0.1,800,116,101,15,105,54,203,43,160,160,0,1,0.21182266009852216,0.7881773399014779,0.13125,0.12625,0.0675,1.255813953488372,0.0,10,3,,False,12,1.0,11,1.1168049990737927,0.12558139534883722,0.30000000000000004,,F_full_policy_no_online_feedback
bursty,12,12,adaptive,12,800,0.1,800,95,77,18,82,284,209,41,168,166,2,2,0.19617224880382775,0.8038277511961722,0.1025,0.09625,0.355,0.4146341463414634,0.0,4,9,,False,12,1.0,11,1.1352266250105458,0.041463414634146344,0.9,,A_prediction_only
bursty,12,12,adaptive,12,800,0.1,800,95,78,17,80,98,209,43,166,166,0,2,0.20574162679425836,0.7942583732057417,0.1,0.0975,0.1225,0.627906976744186,0.0,4,9,,False,12,1.0,11,1.100404625358351,0.06279069767441861,0.9,,B_prediction_exploration
bursty,12,12,adaptive,12,800,0.1,800,85,69,16,72,44,209,35,174,172,2,2,0.1674641148325359,0.8325358851674641,0.09,0.08625,0.055,1.1142857142857143,1.0,4,9,,False,12,1.0,11,1.1296006254269741,0.11142857142857143,0.9,,C_prediction_exploration_freshness
bursty,12,12,adaptive,12,800,0.1,800,114,98,16,102,57,209,45,164,163,1,1,0.215311004784689,0.784688995215311,0.1275,0.1225,0.07125,1.0888888888888888,0.0,6,9,,False,12,1.0,11,1.1169693747433485,0.10888888888888888,0.9,,D_prediction_exploration_freshness_trend
bursty,12,12,adaptive,12,800,0.1,800,106,86,20,89,37,209,43,166,164,2,1,0.20574162679425836,0.7942583732057417,0.11125,0.1075,0.04625,1.441860465116279,1.0,5,9,,False,12,1.0,11,1.0803062497507199,0.1441860465116279,0.9,,E_full_policy
bursty,12,12,adaptive,12,800,0.1,800,101,84,17,87,35,209,43,166,166,0,2,0.20574162679425836,0.7942583732057417,0.10875,0.105,0.04375,1.3255813953488371,1.0,6,9,,False,12,1.0,11,1.1077546244268888,0.1325581395348837,0.9,,F_full_policy_no_online_feedback
bursty,13,13,adaptive,12,800,0.1,800,74,61,13,63,302,188,33,155,155,0,0,0.17553191489361702,0.824468085106383,0.07875,0.07625,0.3775,0.7272727272727273,0.0,5,7,,False,12,1.0,11,1.130289499196806,0.07272727272727274,0.7000000000000001,,A_prediction_only
bursty,13,13,adaptive,12,800,0.1,800,87,71,16,74,133,188,36,152,151,1,0,0.19148936170212766,0.8085106382978723,0.0925,0.08875,0.16625,1.1944444444444444,0.0,5,7,,False,12,1.0,11,1.0941691248081042,0.11944444444444445,0.7000000000000001,,B_prediction_exploration
bursty,13,13,adaptive,12,800,0.1,800,115,100,15,105,64,188,41,147,146,1,0,0.21808510638297873,0.7819148936170213,0.13125,0.125,0.08,0.8048780487804879,0.0,5,7,,False,12,1.0,11,1.1525343752509798,0.0804878048780488,0.7000000000000001,,C_prediction_exploration_freshness
bursty,13,13,adaptive,12,800,0.1,800,98,87,11,91,58,188,37,151,150,1,0,0.19680851063829788,0.8031914893617021,0.11375,0.10875,0.0725,1.3783783783783783,1.0,5,7,,False,12,1.0,11,1.0903295002572122,0.13783783783783785,0.7000000000000001,,D_prediction_exploration_freshness_trend
bursty,13,13,adaptive,12,800,0.1,800,62,45,17,48,28,188,28,160,160,0,0,0.14893617021276595,0.851063829787234,0.06,0.05625,0.035,1.7142857142857142,1.0,7,7,,False,12,1.0,11,1.1301082497811876,0.17142857142857143,0.7000000000000001,,E_full_policy
bursty,13,13,adaptive,12,800,0.1,800,88,73,15,75,42,188,33,155,155,0,0,0.17553191489361702,0.824468085106383,0.09375,0.09125,0.0525,1.6363636363636365,1.0,5,7,,False,12,1.0,11,1.1030384989862796,0.16363636363636366,0.7000000000000001,,F_full_policy_no_online_feedback
bursty,14,14,adaptive,12,800,0.1,800,118,96,22,98,237,212,46,166,165,1,0,0.2169811320754717,0.7830188679245284,0.1225,0.12,0.29625,0.5434782608695652,0.0,6,1,,False,12,1.0,11,1.0648671251328778,0.05434782608695652,0.1,,A_prediction_only
bursty,14,14,adaptive,12,800,0.1,800,98,80,18,82,138,212,32,180,180,0,0,0.1509433962264151,0.8490566037735849,0.1025,0.1,0.1725,0.96875,0.0,6,1,,False,12,1.0,11,1.0718206254387042,0.096875,0.1,,B_prediction_exploration
bursty,14,14,adaptive,12,800,0.1,800,116,97,19,99,54,212,42,170,169,1,0,0.19811320754716982,0.8018867924528302,0.12375,0.12125,0.0675,1.119047619047619,1.0,6,1,,False,12,1.0,11,1.1148312498335144,0.11190476190476191,0.1,,C_prediction_exploration_freshness
bursty,14,14,adaptive,12,800,0.1,800,122,100,22,101,57,212,41,171,171,0,0,0.19339622641509435,0.8066037735849056,0.12625,0.125,0.07125,0.8780487804878049,1.0,6,1,,False,12,1.0,11,1.1038707504121703,0.0878048780487805,0.1,,D_prediction_exploration_freshness_trend
bursty,14,14,adaptive,12,800,0.1,800,109,90,19,92,42,212,39,173,172,1,0,0.18396226415094338,0.8160377358490566,0.115,0.1125,0.0525,1.435897435897436,1.0,8,1,,False,12,1.0,11,1.1300879995178548,0.1435897435897436,0.1,,E_full_policy
bursty,14,14,adaptive,12,800,0.1,800,119,99,20,102,55,212,45,167,164,3,0,0.21226415094339623,0.7877358490566038,0.1275,0.12375,0.06875,0.8888888888888888,0.0,6,1,,False,12,1.0,11,1.117948500032071,0.08888888888888889,0.1,,F_full_policy_no_online_feedback
emerging_signal,0,0,adaptive,12,800,0.1,800,441,436,5,452,73,48,23,25,23,2,1,0.4791666666666667,0.5208333333333334,0.565,0.545,0.09125,5.869565217391305,1.0,33,1,29.0,False,12,1.0,11,1.0535821242592647,0.5869565217391305,0.1,2.9000000000000004,A_prediction_only
emerging_signal,0,0,adaptive,12,800,0.1,800,457,450,7,467,64,48,28,20,20,0,1,0.5833333333333334,0.4166666666666667,0.58375,0.5625,0.08,4.464285714285714,2.0,23,1,12.0,False,12,1.0,11,1.081983875228616,0.44642857142857145,0.1,1.2000000000000002,B_prediction_exploration
emerging_signal,0,0,adaptive,12,800,0.1,800,479,467,12,483,40,48,23,25,25,0,1,0.4791666666666667,0.5208333333333334,0.60375,0.58375,0.05,4.434782608695652,2.0,25,1,19.0,False,12,1.0,11,1.1077666245910223,0.44347826086956527,0.1,1.9000000000000001,C_prediction_exploration_freshness
emerging_signal,0,0,adaptive,12,800,0.1,800,482,471,11,486,37,48,24,24,24,0,1,0.5,0.5,0.6075,0.58875,0.04625,4.458333333333333,2.5,21,1,19.0,False,12,1.0,11,1.1116163746919483,0.4458333333333333,0.1,1.9000000000000001,D_prediction_exploration_freshness_trend
emerging_signal,0,0,adaptive,12,800,0.1,800,484,479,5,493,30,48,24,24,24,0,0,0.5,0.5,0.61625,0.59875,0.0375,6.125,4.0,25,1,34.0,False,12,1.0,11,1.0985107497981517,0.6125,0.1,3.4000000000000004,E_full_policy
emerging_signal,0,0,adaptive,12,800,0.1,800,463,458,5,475,43,48,22,26,26,0,1,0.4583333333333333,0.5416666666666666,0.59375,0.5725,0.05375,6.545454545454546,3.0,35,1,14.0,False,12,1.0,11,1.1502715002643527,0.6545454545454547,0.1,1.4000000000000001,F_full_policy_no_online_feedback
emerging_signal,1,1,adaptive,12,800,0.1,800,492,487,5,505,22,38,28,10,10,0,0,0.7368421052631579,0.2631578947368421,0.63125,0.60875,0.0275,8.642857142857142,3.0,34,8,29.0,False,12,1.0,11,1.1447118756404961,0.8642857142857143,0.8,2.9000000000000004,A_prediction_only
emerging_signal,1,1,adaptive,12,800,0.1,800,498,494,4,512,26,38,23,15,15,0,0,0.6052631578947368,0.39473684210526316,0.64,0.6175,0.0325,9.043478260869565,1.0,34,8,29.0,False,12,1.0,11,1.137591749393323,0.9043478260869565,0.8,2.9000000000000004,B_prediction_exploration
emerging_signal,1,1,adaptive,12,800,0.1,800,500,496,4,518,16,38,22,16,16,0,0,0.5789473684210527,0.42105263157894735,0.6475,0.62,0.02,5.2727272727272725,1.5,29,8,29.0,False,12,1.0,11,1.1457489998429082,0.5272727272727272,0.8,2.9000000000000004,C_prediction_exploration_freshness
emerging_signal,1,1,adaptive,12,800,0.1,800,499,495,4,513,13,38,23,15,15,0,0,0.6052631578947368,0.39473684210526316,0.64125,0.61875,0.01625,10.304347826086957,8.0,34,8,29.0,False,12,1.0,11,1.1227603742008796,1.0304347826086957,0.8,2.9000000000000004,D_prediction_exploration_freshness_trend
emerging_signal,1,1,adaptive,12,800,0.1,800,509,503,6,522,14,38,22,16,16,0,0,0.5789473684210527,0.42105263157894735,0.6525,0.62875,0.0175,7.909090909090909,3.0,29,8,24.0,False,12,1.0,11,1.1219161251938203,0.790909090909091,0.8,2.4000000000000004,E_full_policy
emerging_signal,1,1,adaptive,12,800,0.1,800,503,496,7,514,8,38,23,15,15,0,0,0.6052631578947368,0.39473684210526316,0.6425,0.62,0.01,8.652173913043478,3.0,29,8,29.0,False,12,1.0,11,1.1502701243080082,0.8652173913043479,0.8,2.9000000000000004,F_full_policy_no_online_feedback
emerging_signal,2,2,adaptive,12,800,0.1,800,426,418,8,436,66,56,37,19,18,1,0,0.6607142857142857,0.3392857142857143,0.545,0.5225,0.0825,5.8108108108108105,1.0,31,1,29.0,False,12,1.0,11,1.137969375195098,0.581081081081081,0.1,2.9000000000000004,A_prediction_only
emerging_signal,2,2,adaptive,12,800,0.1,800,431,421,10,440,58,56,33,23,23,0,0,0.5892857142857143,0.4107142857142857,0.55,0.52625,0.0725,7.454545454545454,4.0,35,1,12.0,False,12,1.0,11,1.1658268752944423,0.7454545454545455,0.1,1.2000000000000002,B_prediction_exploration
emerging_signal,2,2,adaptive,12,800,0.1,800,440,437,3,458,40,56,36,20,20,0,0,0.6428571428571429,0.35714285714285715,0.5725,0.54625,0.05,5.944444444444445,2.0,33,1,18.0,False,12,1.0,11,1.159572875512822,0.5944444444444444,0.1,1.8,C_prediction_exploration_freshness
emerging_signal,2,2,adaptive,12,800,0.1,800,434,430,4,447,45,56,37,19,19,0,0,0.6607142857142857,0.3392857142857143,0.55875,0.5375,0.05625,6.45945945945946,2.0,34,1,18.0,False,12,1.0,11,1.1621091255437932,0.645945945945946,0.1,1.8,D_prediction_exploration_freshness_trend
emerging_signal,2,2,adaptive,12,800,0.1,800,437,431,6,451,38,56,35,21,21,0,0,0.625,0.375,0.56375,0.53875,0.0475,6.628571428571429,3.0,35,1,28.0,False,12,1.0,11,1.1802326250472106,0.6628571428571429,0.1,2.8000000000000003,E_full_policy
emerging_signal,2,2,adaptive,12,800,0.1,800,435,431,4,448,49,56,35,21,21,0,0,0.625,0.375,0.56,0.53875,0.06125,6.4,2.0,35,1,19.0,False,12,1.0,11,1.1236325003847014,0.6400000000000001,0.1,1.9000000000000001,F_full_policy_no_online_feedback
emerging_signal,3,3,adaptive,12,800,0.1,800,398,392,6,405,95,53,34,19,18,1,0,0.6415094339622641,0.3584905660377358,0.50625,0.49,0.11875,5.411764705882353,2.0,35,8,14.0,False,12,1.0,11,1.1371170008351328,0.5411764705882354,0.8,1.4000000000000001,A_prediction_only
emerging_signal,3,3,adaptive,12,800,0.1,800,388,379,9,394,73,53,31,22,22,0,1,0.5849056603773585,0.41509433962264153,0.4925,0.47375,0.09125,6.064516129032258,3.0,28,8,12.0,False,12,1.0,11,1.1390036251759739,0.6064516129032258,0.8,1.2000000000000002,B_prediction_exploration
emerging_signal,3,3,adaptive,12,800,0.1,800,414,406,8,423,55,53,35,18,18,0,0,0.660377358490566,0.33962264150943394,0.52875,0.5075,0.06875,6.0,3.0,31,8,21.0,False,12,1.0,11,1.177523124824802,0.6000000000000001,0.8,2.1,C_prediction_exploration_freshness
emerging_signal,3,3,adaptive,12,800,0.1,800,408,397,11,412,43,53,35,18,18,0,0,0.660377358490566,0.33962264150943394,0.515,0.49625,0.05375,7.057142857142857,5.0,31,8,19.0,False,12,1.0,11,1.1841439993077074,0.7057142857142857,0.8,1.9000000000000001,D_prediction_exploration_freshness_trend
emerging_signal,3,3,adaptive,12,800,0.1,800,407,398,9,415,49,53,36,17,17,0,0,0.6792452830188679,0.32075471698113206,0.51875,0.4975,0.06125,5.888888888888889,4.0,31,8,6.0,False,12,1.0,11,1.1431895002897363,0.5888888888888889,0.8,0.6000000000000001,E_full_policy
emerging_signal,3,3,adaptive,12,800,0.1,800,416,407,9,424,49,53,32,21,21,0,0,0.6037735849056604,0.39622641509433965,0.53,0.50875,0.06125,5.5,1.5,32,8,13.0,False,12,1.0,11,1.1345854999308358,0.55,0.8,1.3,F_full_policy_no_online_feedback
emerging_signal,4,4,adaptive,12,800,0.1,800,433,423,10,435,76,56,32,24,24,0,0,0.5714285714285714,0.42857142857142855,0.54375,0.52875,0.095,3.875,1.0,19,1,29.0,False,12,1.0,11,1.1696036252033082,0.3875,0.1,2.9000000000000004,A_prediction_only
emerging_signal,4,4,adaptive,12,800,0.1,800,432,429,3,443,48,56,35,21,21,0,0,0.625,0.375,0.55375,0.53625,0.06,4.8,1.0,33,1,8.0,False,12,1.0,11,1.168457124986162,0.48,0.1,0.8,B_prediction_exploration
emerging_signal,4,4,adaptive,12,800,0.1,800,437,428,9,439,26,56,33,23,23,0,0,0.5892857142857143,0.4107142857142857,0.54875,0.535,0.0325,4.151515151515151,1.0,34,1,14.0,False,12,1.0,11,1.1728573744767345,0.41515151515151516,0.1,1.4000000000000001,C_prediction_exploration_freshness
emerging_signal,4,4,adaptive,12,800,0.1,800,447,439,8,450,24,56,34,22,22,0,0,0.6071428571428571,0.39285714285714285,0.5625,0.54875,0.03,4.205882352941177,1.0,35,1,14.0,False,12,1.0,11,1.1436683748979704,0.4205882352941177,0.1,1.4000000000000001,D_prediction_exploration_freshness_trend
emerging_signal,4,4,adaptive,12,800,0.1,800,454,445,9,459,22,56,35,21,21,0,0,0.625,0.375,0.57375,0.55625,0.0275,5.171428571428572,2.0,22,1,11.0,False,12,1.0,11,1.1470838747482048,0.5171428571428572,0.1,1.1,E_full_policy
emerging_signal,4,4,adaptive,12,800,0.1,800,449,437,12,448,24,56,34,22,22,0,0,0.6071428571428571,0.39285714285714285,0.56,0.54625,0.03,5.5,2.5,34,1,11.0,False,12,1.0,11,1.2111857498894096,0.55,0.1,1.1,F_full_policy_no_online_feedback
emerging_signal,5,5,adaptive,12,800,0.1,800,459,453,6,469,42,51,33,18,18,0,0,0.6470588235294118,0.35294117647058826,0.58625,0.56625,0.0525,6.484848484848484,1.0,32,1,29.0,False,12,1.0,11,1.1646309996649507,0.6484848484848484,0.1,2.9000000000000004,A_prediction_only
emerging_signal,5,5,adaptive,12,800,0.1,800,469,463,6,477,34,51,30,21,21,0,0,0.5882352941176471,0.4117647058823529,0.59625,0.57875,0.0425,6.6,1.0,35,1,29.0,False,12,1.0,11,1.1754512505649473,0.66,0.1,2.9000000000000004,B_prediction_exploration
emerging_signal,5,5,adaptive,12,800,0.1,800,463,457,6,477,33,51,30,21,20,1,0,0.5882352941176471,0.4117647058823529,0.59625,0.57125,0.04125,6.1,2.5,34,1,21.0,False,12,1.0,11,1.1477422494863276,0.61,0.1,2.1,C_prediction_exploration_freshness
emerging_signal,5,5,adaptive,12,800,0.1,800,465,458,7,478,33,51,30,21,20,1,0,0.5882352941176471,0.4117647058823529,0.5975,0.5725,0.04125,6.3,2.0,35,1,21.0,False,12,1.0,11,1.138635000170325,0.63,0.1,2.1,D_prediction_exploration_freshness_trend
emerging_signal,5,5,adaptive,12,800,0.1,800,477,472,5,491,30,51,30,21,20,1,0,0.5882352941176471,0.4117647058823529,0.61375,0.59,0.0375,4.4,1.5,19,1,15.0,False,12,1.0,11,1.1662634997992427,0.44000000000000006,0.1,1.5,E_full_policy
emerging_signal,5,5,adaptive,12,800,0.1,800,471,465,6,482,43,51,36,15,15,0,0,0.7058823529411765,0.29411764705882354,0.6025,0.58125,0.05375,5.194444444444445,2.5,26,1,29.0,False,12,1.0,11,1.1570176258464926,0.5194444444444445,0.1,2.9000000000000004,F_full_policy_no_online_feedback
emerging_signal,6,6,adaptive,12,800,0.1,800,428,421,7,435,88,46,23,23,23,0,0,0.5,0.5,0.54375,0.52625,0.11,5.782608695652174,3.0,24,1,29.0,False,12,1.0,11,1.1950666258780984,0.5782608695652174,0.1,2.9000000000000004,A_prediction_only
emerging_signal,6,6,adaptive,12,800,0.1,800,427,416,11,428,69,46,22,24,24,0,0,0.4782608695652174,0.5217391304347826,0.535,0.52,0.08625,4.2272727272727275,2.0,19,1,73.0,False,12,1.0,11,1.1930816242966102,0.4227272727272728,0.1,7.300000000000001,B_prediction_exploration
emerging_signal,6,6,adaptive,12,800,0.1,800,445,438,7,457,41,46,29,17,17,0,0,0.6304347826086957,0.3695652173913043,0.57125,0.5475,0.05125,5.068965517241379,2.0,33,1,12.0,False,12,1.0,11,1.162695875245845,0.506896551724138,0.1,1.2000000000000002,C_prediction_exploration_freshness
emerging_signal,6,6,adaptive,12,800,0.1,800,443,434,9,449,49,46,28,18,18,0,0,0.6086956521739131,0.391304347826087,0.56125,0.5425,0.06125,4.964285714285714,3.5,17,1,9.0,False,12,1.0,11,1.1958988747210242,0.49642857142857144,0.1,0.9,D_prediction_exploration_freshness_trend
emerging_signal,6,6,adaptive,12,800,0.1,800,439,436,3,450,38,46,28,18,18,0,0,0.6086956521739131,0.391304347826087,0.5625,0.545,0.0475,6.571428571428571,4.5,30,1,20.0,False,12,1.0,11,1.1712263748631813,0.6571428571428571,0.1,2.0,E_full_policy
emerging_signal,6,6,adaptive,12,800,0.1,800,447,437,10,453,45,46,26,20,19,1,0,0.5652173913043478,0.43478260869565216,0.56625,0.54625,0.05625,5.961538461538462,5.0,24,1,26.0,False,12,1.0,11,1.1864772503395216,0.5961538461538461,0.1,2.6,F_full_policy_no_online_feedback
emerging_signal,7,7,adaptive,12,800,0.1,800,424,416,8,426,71,65,38,27,27,0,1,0.5846153846153846,0.4153846153846154,0.5325,0.52,0.08875,5.842105263157895,3.0,31,1,29.0,False,12,1.0,11,1.1875702498218743,0.5842105263157895,0.1,2.9000000000000004,A_prediction_only
emerging_signal,7,7,adaptive,12,800,0.1,800,427,419,8,430,71,65,38,27,27,0,1,0.5846153846153846,0.4153846153846154,0.5375,0.52375,0.08875,5.921052631578948,2.5,32,1,29.0,False,12,1.0,11,1.2007564993109554,0.5921052631578948,0.1,2.9000000000000004,B_prediction_exploration
emerging_signal,7,7,adaptive,12,800,0.1,800,438,430,8,441,60,65,36,29,29,0,1,0.5538461538461539,0.4461538461538462,0.55125,0.5375,0.075,4.277777777777778,3.0,20,1,48.0,False,12,1.0,11,1.1856832499688608,0.4277777777777778,0.1,4.800000000000001,C_prediction_exploration_freshness
emerging_signal,7,7,adaptive,12,800,0.1,800,437,430,7,443,58,65,39,26,26,0,1,0.6,0.4,0.55375,0.5375,0.0725,5.794871794871795,2.0,31,1,32.0,False,12,1.0,11,1.1636592504873988,0.5794871794871795,0.1,3.2,D_prediction_exploration_freshness_trend
emerging_signal,7,7,adaptive,12,800,0.1,800,438,430,8,442,56,65,38,27,27,0,0,0.5846153846153846,0.4153846153846154,0.5525,0.5375,0.07,5.184210526315789,3.0,24,1,57.0,False,12,1.0,11,1.1086925000927295,0.518421052631579,0.1,5.7,E_full_policy
emerging_signal,7,7,adaptive,12,800,0.1,800,437,428,9,438,56,65,40,25,25,0,0,0.6153846153846154,0.38461538461538464,0.5475,0.535,0.07,4.875,2.5,30,1,13.0,False,12,1.0,11,1.109102750015154,0.48750000000000004,0.1,1.3,F_full_policy_no_online_feedback
emerging_signal,8,8,adaptive,12,800,0.1,800,397,387,10,405,86,55,31,24,23,1,1,0.5636363636363636,0.43636363636363634,0.50625,0.48375,0.1075,6.419354838709677,2.0,34,1,29.0,False,12,1.0,11,1.152171625290066,0.6419354838709678,0.1,2.9000000000000004,A_prediction_only
emerging_signal,8,8,adaptive,12,800,0.1,800,401,392,9,407,53,55,27,28,28,0,0,0.4909090909090909,0.509090909090909,0.50875,0.49,0.06625,4.925925925925926,1.0,34,1,16.0,False,12,1.0,11,1.1228212501009693,0.4925925925925926,0.1,1.6,B_prediction_exploration
emerging_signal,8,8,adaptive,12,800,0.1,800,409,399,10,412,52,55,31,24,23,1,0,0.5636363636363636,0.43636363636363634,0.515,0.49875,0.065,6.741935483870968,2.0,34,1,32.0,False,12,1.0,11,1.1145093753293622,0.6741935483870969,0.1,3.2,C_prediction_exploration_freshness
emerging_signal,8,8,adaptive,12,800,0.1,800,391,380,11,395,61,55,29,26,26,0,0,0.5272727272727272,0.4727272727272727,0.49375,0.475,0.07625,7.310344827586207,3.0,30,1,35.0,False,12,1.0,11,1.116068874798657,0.7310344827586208,0.1,3.5,D_prediction_exploration_freshness_trend
emerging_signal,8,8,adaptive,12,800,0.1,800,424,414,10,425,46,55,33,22,21,1,0,0.6,0.4,0.53125,0.5175,0.0575,6.363636363636363,5.0,34,1,22.0,False,12,1.0,11,1.18115012486669,0.6363636363636364,0.1,2.2,E_full_policy
emerging_signal,8,8,adaptive,12,800,0.1,800,400,392,8,404,56,55,32,23,23,0,0,0.5818181818181818,0.41818181818181815,0.505,0.49,0.07,7.3125,4.0,30,1,33.0,False,12,1.0,11,1.1254517501220107,0.7312500000000001,0.1,3.3000000000000003,F_full_policy_no_online_feedback
emerging_signal,9,9,adaptive,12,800,0.1,800,351,346,5,362,112,56,32,24,24,0,1,0.5714285714285714,0.42857142857142855,0.4525,0.4325,0.14,6.78125,2.5,35,8,65.0,False,12,1.0,11,1.1122312506995513,0.6781250000000001,0.8,6.5,A_prediction_only
emerging_signal,9,9,adaptive,12,800,0.1,800,384,381,3,398,79,56,27,29,28,1,1,0.48214285714285715,0.5178571428571429,0.4975,0.47625,0.09875,6.444444444444445,2.0,25,8,23.0,False,12,1.0,11,1.1502371258393396,0.6444444444444445,0.8,2.3000000000000003,B_prediction_exploration
emerging_signal,9,9,adaptive,12,800,0.1,800,432,428,4,440,46,56,38,18,18,0,1,0.6785714285714286,0.32142857142857145,0.55,0.535,0.0575,5.7631578947368425,3.0,26,8,13.0,False,12,1.0,11,1.1925321254966548,0.5763157894736842,0.8,1.3,C_prediction_exploration_freshness
emerging_signal,9,9,adaptive,12,800,0.1,800,433,430,3,444,50,56,38,18,18,0,0,0.6785714285714286,0.32142857142857145,0.555,0.5375,0.0625,5.131578947368421,2.5,33,8,14.0,False,12,1.0,11,1.1817645002884092,0.5131578947368421,0.8,1.4000000000000001,D_prediction_exploration_freshness_trend
emerging_signal,9,9,adaptive,12,800,0.1,800,435,431,4,445,43,56,36,20,19,1,1,0.6428571428571429,0.35714285714285715,0.55625,0.53875,0.05375,7.138888888888889,2.0,33,8,19.0,False,12,1.0,11,1.2056897500224295,0.713888888888889,0.8,1.9000000000000001,E_full_policy
emerging_signal,9,9,adaptive,12,800,0.1,800,433,424,9,438,46,56,36,20,20,0,1,0.6428571428571429,0.35714285714285715,0.5475,0.53,0.0575,6.305555555555555,4.0,30,8,16.0,False,12,1.0,11,1.1368066239811014,0.6305555555555555,0.8,1.6,F_full_policy_no_online_feedback
emerging_signal,10,10,adaptive,12,800,0.1,800,465,458,7,481,25,54,32,22,22,0,1,0.5925925925925926,0.4074074074074074,0.60125,0.5725,0.03125,5.28125,1.0,33,1,29.0,False,12,1.0,11,1.1418327499268344,0.5281250000000001,0.1,2.9000000000000004,A_prediction_only
emerging_signal,10,10,adaptive,12,800,0.1,800,464,458,6,480,21,54,31,23,23,0,1,0.5740740740740741,0.42592592592592593,0.6,0.5725,0.02625,5.064516129032258,1.0,32,1,29.0,False,12,1.0,11,1.1664387498240103,0.5064516129032258,0.1,2.9000000000000004,B_prediction_exploration
emerging_signal,10,10,adaptive,12,800,0.1,800,484,479,5,501,16,54,29,25,25,0,1,0.5370370370370371,0.46296296296296297,0.62625,0.59875,0.02,5.068965517241379,2.0,27,1,29.0,False,12,1.0,11,1.220413499759161,0.506896551724138,0.1,2.9000000000000004,C_prediction_exploration_freshness
emerging_signal,10,10,adaptive,12,800,0.1,800,483,477,6,498,16,54,31,23,23,0,1,0.5740740740740741,0.42592592592592593,0.6225,0.59625,0.02,5.774193548387097,3.0,27,1,29.0,False,12,1.0,11,1.1189551254210528,0.5774193548387098,0.1,2.9000000000000004,D_prediction_exploration_freshness_trend
emerging_signal,10,10,adaptive,12,800,0.1,800,487,481,6,502,9,54,35,19,19,0,1,0.6481481481481481,0.35185185185185186,0.6275,0.60125,0.01125,6.114285714285714,3.0,23,1,25.0,False,12,1.0,11,1.102268750910298,0.6114285714285714,0.1,2.5,E_full_policy
emerging_signal,10,10,adaptive,12,800,0.1,800,487,481,6,504,14,54,31,23,23,0,1,0.5740740740740741,0.42592592592592593,0.63,0.60125,0.0175,5.096774193548387,2.0,27,1,29.0,False,12,1.0,11,1.163568500742258,0.5096774193548387,0.1,2.9000000000000004,F_full_policy_no_online_feedback
emerging_signal,11,11,adaptive,12,800,0.1,800,340,332,8,342,139,59,29,30,30,0,1,0.4915254237288136,0.5084745762711864,0.4275,0.415,0.17375,5.379310344827586,1.0,34,8,65.0,False,12,1.0,11,1.1103480001474964,0.5379310344827587,0.8,6.5,A_prediction_only
emerging_signal,11,11,adaptive,12,800,0.1,800,405,395,10,402,56,59,29,30,30,0,0,0.4915254237288136,0.5084745762711864,0.5025,0.49375,0.07,3.6551724137931036,2.0,16,8,10.0,False,12,1.0,11,1.1330501239353907,0.3655172413793104,0.8,1.0,B_prediction_exploration
emerging_signal,11,11,adaptive,12,800,0.1,800,420,408,12,422,52,59,32,27,27,0,0,0.5423728813559322,0.4576271186440678,0.5275,0.51,0.065,4.71875,2.5,29,8,8.0,False,12,1.0,11,1.1608351249378757,0.47187500000000004,0.8,0.8,C_prediction_exploration_freshness
emerging_signal,11,11,adaptive,12,800,0.1,800,412,401,11,413,55,59,31,28,28,0,0,0.5254237288135594,0.4745762711864407,0.51625,0.50125,0.06875,4.548387096774194,1.0,29,8,16.0,False,12,1.0,11,1.1390011247203802,0.4548387096774194,0.8,1.6,D_prediction_exploration_freshness_trend
emerging_signal,11,11,adaptive,12,800,0.1,800,424,410,14,420,39,59,30,29,29,0,1,0.5084745762711864,0.4915254237288136,0.525,0.5125,0.04875,5.2,3.0,28,8,4.0,False,12,1.0,11,1.1527866252072272,0.52,0.8,0.4,E_full_policy
emerging_signal,11,11,adaptive,12,800,0.1,800,424,407,17,419,46,59,40,19,19,0,0,0.6779661016949152,0.3220338983050847,0.52375,0.50875,0.0575,5.975,3.0,28,8,17.0,False,12,1.0,11,1.1673067495212308,0.5975,0.8,1.7000000000000002,F_full_policy_no_online_feedback
emerging_signal,12,12,adaptive,12,800,0.1,800,445,440,5,453,51,47,22,25,25,0,0,0.46808510638297873,0.5319148936170213,0.56625,0.55,0.06375,8.5,4.0,31,8,29.0,False,12,1.0,11,1.1869851250594365,0.8500000000000001,0.8,2.9000000000000004,A_prediction_only
emerging_signal,12,12,adaptive,12,800,0.1,800,443,437,6,455,48,47,19,28,26,2,0,0.40425531914893614,0.5957446808510638,0.56875,0.54625,0.06,4.2105263157894735,3.0,15,8,1.0,False,12,1.0,11,1.1814640005104593,0.42105263157894735,0.8,0.1,B_prediction_exploration
emerging_signal,12,12,adaptive,12,800,0.1,800,456,449,7,463,33,47,27,20,19,1,0,0.574468085106383,0.425531914893617,0.57875,0.56125,0.04125,6.814814814814815,3.0,26,8,16.0,False,12,1.0,11,1.1563666243091575,0.6814814814814816,0.8,1.6,C_prediction_exploration_freshness
emerging_signal,12,12,adaptive,12,800,0.1,800,456,451,5,462,32,47,25,22,22,0,0,0.5319148936170213,0.46808510638297873,0.5775,0.56375,0.04,7.24,3.0,24,8,17.0,False,12,1.0,11,1.1767253757352591,0.7240000000000001,0.8,1.7000000000000002,D_prediction_exploration_freshness_trend
emerging_signal,12,12,adaptive,12,800,0.1,800,456,451,5,467,31,47,27,20,20,0,0,0.574468085106383,0.425531914893617,0.58375,0.56375,0.03875,7.62962962962963,4.0,31,8,32.0,False,12,1.0,11,1.2025241245646612,0.7629629629629631,0.8,3.2,E_full_policy
emerging_signal,12,12,adaptive,12,800,0.1,800,462,457,5,472,34,47,25,22,22,0,0,0.5319148936170213,0.46808510638297873,0.59,0.57125,0.0425,6.16,3.0,23,8,19.0,False,12,1.0,11,1.1815087502327515,0.6160000000000001,0.8,1.9000000000000001,F_full_policy_no_online_feedback
emerging_signal,13,13,adaptive,12,800,0.1,800,438,430,8,443,60,52,32,20,19,1,0,0.6153846153846154,0.38461538461538464,0.55375,0.5375,0.075,5.1875,1.5,35,1,29.0,False,12,1.0,11,1.1905497500993079,0.51875,0.1,2.9000000000000004,A_prediction_only
emerging_signal,13,13,adaptive,12,800,0.1,800,440,433,7,449,55,52,26,26,26,0,0,0.5,0.5,0.56125,0.54125,0.06875,6.6923076923076925,4.5,35,1,29.0,False,12,1.0,11,1.1691291253373493,0.6692307692307693,0.1,2.9000000000000004,B_prediction_exploration
emerging_signal,13,13,adaptive,12,800,0.1,800,457,452,5,468,35,52,29,23,23,0,0,0.5576923076923077,0.4423076923076923,0.585,0.565,0.04375,3.896551724137931,2.0,25,1,29.0,False,12,1.0,11,1.125520875575603,0.3896551724137931,0.1,2.9000000000000004,C_prediction_exploration_freshness
emerging_signal,13,13,adaptive,12,800,0.1,800,456,452,4,467,33,52,29,23,23,0,0,0.5576923076923077,0.4423076923076923,0.58375,0.565,0.04125,4.241379310344827,3.0,25,1,29.0,False,12,1.0,11,1.1168292500587995,0.4241379310344828,0.1,2.9000000000000004,D_prediction_exploration_freshness_trend
emerging_signal,13,13,adaptive,12,800,0.1,800,459,453,6,469,32,52,33,19,19,0,0,0.6346153846153846,0.36538461538461536,0.58625,0.56625,0.04,4.303030303030303,1.0,33,1,19.0,False,12,1.0,11,1.1394181252762792,0.4303030303030303,0.1,1.9000000000000001,E_full_policy
emerging_signal,13,13,adaptive,12,800,0.1,800,454,451,3,465,47,52,28,24,24,0,0,0.5384615384615384,0.46153846153846156,0.58125,0.56375,0.05875,3.642857142857143,1.5,22,1,26.0,False,12,1.0,11,1.142426249825803,0.3642857142857143,0.1,2.6,F_full_policy_no_online_feedback
emerging_signal,14,14,adaptive,12,800,0.1,800,414,408,6,423,74,53,28,25,25,0,0,0.5283018867924528,0.4716981132075472,0.52875,0.51,0.0925,7.571428571428571,3.5,35,15,28.0,False,12,1.0,11,1.1472496248825337,0.7571428571428571,1.5,2.8000000000000003,A_prediction_only
emerging_signal,14,14,adaptive,12,800,0.1,800,440,433,7,449,52,53,28,25,24,1,1,0.5283018867924528,0.4716981132075472,0.56125,0.54125,0.065,4.678571428571429,2.0,27,15,21.0,False,12,1.0,11,1.1662217503908323,0.4678571428571429,1.5,2.1,B_prediction_exploration
emerging_signal,14,14,adaptive,12,800,0.1,800,447,437,10,450,41,53,25,28,28,0,0,0.4716981132075472,0.5283018867924528,0.5625,0.54625,0.05125,7.2,3.0,34,24,53.0,False,12,1.0,11,1.1163718754323781,0.7200000000000001,2.4000000000000004,5.300000000000001,C_prediction_exploration_freshness
emerging_signal,14,14,adaptive,12,800,0.1,800,444,435,9,449,43,53,26,27,26,1,1,0.49056603773584906,0.5094339622641509,0.56125,0.54375,0.05375,6.538461538461538,3.0,34,24,53.0,False,12,1.0,11,1.1404121245868737,0.6538461538461539,2.4000000000000004,5.300000000000001,D_prediction_exploration_freshness_trend
emerging_signal,14,14,adaptive,12,800,0.1,800,455,447,8,465,41,53,30,23,23,0,0,0.5660377358490566,0.4339622641509434,0.58125,0.55875,0.05125,5.233333333333333,1.0,32,13,10.0,False,12,1.0,11,1.1832373747165548,0.5233333333333333,1.3,1.0,E_full_policy
emerging_signal,14,14,adaptive,12,800,0.1,800,448,441,7,455,49,53,28,25,25,0,0,0.5283018867924528,0.4716981132075472,0.56875,0.55125,0.06125,5.357142857142857,2.0,34,13,21.0,False,12,1.0,11,1.1205233747023158,0.5357142857142857,1.3,2.1,F_full_policy_no_online_feedback
high_noise,0,0,adaptive,12,800,0.1,800,257,207,50,342,97,64,25,39,29,10,0,0.390625,0.609375,0.4275,0.25875,0.12125,4.68,3.0,29,2,,False,12,1.0,11,1.1382095002409187,0.46799999999999997,0.2,,A_prediction_only
high_noise,0,0,adaptive,12,800,0.1,800,246,184,62,318,66,64,22,42,33,9,0,0.34375,0.65625,0.3975,0.23,0.0825,5.409090909090909,1.5,36,2,,False,12,1.0,11,1.1766527503277757,0.5409090909090909,0.2,,B_prediction_exploration
high_noise,0,0,adaptive,12,800,0.1,800,234,165,69,260,20,64,25,39,30,9,0,0.390625,0.609375,0.325,0.20625,0.025,5.32,4.0,17,2,,False,12,1.0,11,1.1530625004525064,0.532,0.2,,C_prediction_exploration_freshness
high_noise,0,0,adaptive,12,800,0.1,800,251,180,71,280,32,64,27,37,29,8,0,0.421875,0.578125,0.35,0.225,0.04,3.8518518518518516,3.0,13,2,,False,12,1.0,11,1.197950249625137,0.3851851851851852,0.2,,D_prediction_exploration_freshness_trend
high_noise,0,0,adaptive,12,800,0.1,800,223,146,77,233,19,64,25,39,27,12,0,0.390625,0.609375,0.29125,0.1825,0.02375,5.12,5.0,18,2,,False,12,1.0,11,1.1930766248406144,0.512,0.2,,E_full_policy
high_noise,0,0,adaptive,12,800,0.1,800,227,154,73,250,26,64,32,32,22,10,0,0.5,0.5,0.3125,0.1925,0.0325,4.03125,3.0,13,2,,False,12,1.0,11,1.1540665008578799,0.403125,0.2,,F_full_policy_no_online_feedback
high_noise,1,1,adaptive,12,800,0.1,800,202,124,78,207,125,64,25,39,38,1,1,0.390625,0.609375,0.25875,0.155,0.15625,6.64,4.0,34,5,,False,12,1.0,11,1.0956858749705134,0.664,0.5,,A_prediction_only
high_noise,1,1,adaptive,12,800,0.1,800,206,132,74,232,85,64,24,40,37,3,1,0.375,0.625,0.29,0.165,0.10625,7.75,5.5,31,5,,False,12,1.0,11,1.1049474999890663,0.775,0.5,,B_prediction_exploration
high_noise,1,1,adaptive,12,800,0.1,800,189,113,76,191,25,64,26,38,29,9,0,0.40625,0.59375,0.23875,0.14125,0.03125,5.423076923076923,4.0,13,5,,False,12,1.0,11,1.1652581252565142,0.5423076923076924,0.5,,C_prediction_exploration_freshness
high_noise,1,1,adaptive,12,800,0.1,800,211,133,78,223,28,64,30,34,27,7,0,0.46875,0.53125,0.27875,0.16625,0.035,4.933333333333334,3.5,13,5,,False,12,1.0,11,1.131121500111476,0.4933333333333334,0.5,,D_prediction_exploration_freshness_trend
high_noise,1,1,adaptive,12,800,0.1,800,161,75,86,126,24,64,27,37,27,10,0,0.421875,0.578125,0.1575,0.09375,0.03,6.0,4.0,29,5,,False,12,1.0,11,1.1376458749873564,0.6000000000000001,0.5,,E_full_policy
high_noise,1,1,adaptive,12,800,0.1,800,196,101,95,170,18,64,28,36,21,15,0,0.4375,0.5625,0.2125,0.12625,0.0225,5.035714285714286,4.0,27,5,,False,12,1.0,11,1.1421369998788578,0.5035714285714286,0.5,,F_full_policy_no_online_feedback
high_noise,2,2,adaptive,12,800,0.1,800,226,153,73,260,119,63,18,45,40,5,1,0.2857142857142857,0.7142857142857143,0.325,0.19125,0.14875,5.5,3.0,20,26,,False,12,1.0,11,1.163406124469475,0.55,2.6,,A_prediction_only
high_noise,2,2,adaptive,12,800,0.1,800,210,146,64,270,100,63,23,40,34,6,1,0.36507936507936506,0.6349206349206349,0.3375,0.1825,0.125,5.521739130434782,3.0,22,21,,False,12,1.0,11,1.1832848748235847,0.5521739130434783,2.1,,B_prediction_exploration
high_noise,2,2,adaptive,12,800,0.1,800,215,148,67,241,29,63,28,35,31,4,1,0.4444444444444444,0.5555555555555556,0.30125,0.185,0.03625,5.107142857142857,3.5,16,16,,False,12,1.0,11,1.164650500213611,0.5107142857142857,1.6,,C_prediction_exploration_freshness
high_noise,2,2,adaptive,12,800,0.1,800,210,146,64,240,26,63,29,34,25,9,1,0.4603174603174603,0.5396825396825397,0.3,0.1825,0.0325,3.3793103448275863,3.0,12,16,,False,12,1.0,11,1.161576500016963,0.33793103448275863,1.6,,D_prediction_exploration_freshness_trend
high_noise,2,2,adaptive,12,800,0.1,800,156,75,81,129,17,63,27,36,25,11,1,0.42857142857142855,0.5714285714285714,0.16125,0.09375,0.02125,5.518518518518518,3.0,25,16,,False,12,1.0,11,1.149360375275137,0.5518518518518518,1.6,,E_full_policy
high_noise,2,2,adaptive,12,800,0.1,800,173,91,82,160,24,63,26,37,25,12,1,0.4126984126984127,0.5873015873015873,0.2,0.11375,0.03,5.384615384615385,5.0,21,16,,False,12,1.0,11,1.2267881252410007,0.5384615384615385,1.6,,F_full_policy_no_online_feedback
high_noise,3,3,adaptive,12,800,0.1,800,196,112,84,208,131,64,21,43,36,7,0,0.328125,0.671875,0.26,0.14,0.16375,5.0,1.0,30,185,,False,12,1.0,11,1.1832222493103473,0.5,18.5,,A_prediction_only
high_noise,3,3,adaptive,12,800,0.1,800,199,98,101,190,64,64,16,48,39,9,0,0.25,0.75,0.2375,0.1225,0.08,8.375,5.5,35,36,,False,12,1.0,11,1.1430868754905532,0.8375,3.6,,B_prediction_exploration
high_noise,3,3,adaptive,12,800,0.1,800,198,118,80,192,28,64,22,42,31,11,0,0.34375,0.65625,0.24,0.1475,0.035,5.2727272727272725,3.0,19,30,,False,12,1.0,11,1.1510597499727737,0.5272727272727272,3.0,,C_prediction_exploration_freshness
high_noise,3,3,adaptive,12,800,0.1,800,208,119,89,198,24,64,22,42,33,9,0,0.34375,0.65625,0.2475,0.14875,0.03,4.863636363636363,3.5,33,30,,False,12,1.0,11,1.1206727503304137,0.48636363636363633,3.0,,D_prediction_exploration_freshness_trend
high_noise,3,3,adaptive,12,800,0.1,800,192,86,106,136,13,64,30,34,24,10,0,0.46875,0.53125,0.17,0.1075,0.01625,5.366666666666666,3.5,21,26,,False,12,1.0,11,1.1390478748944588,0.5366666666666666,2.6,,E_full_policy
high_noise,3,3,adaptive,12,800,0.1,800,171,78,93,137,23,64,22,42,31,11,0,0.34375,0.65625,0.17125,0.0975,0.02875,5.7727272727272725,4.5,18,26,,False,12,1.0,11,1.1133116251949104,0.5772727272727273,2.6,,F_full_policy_no_online_feedback
high_noise,4,4,adaptive,12,800,0.1,800,241,182,59,319,112,64,18,46,39,7,0,0.28125,0.71875,0.39875,0.2275,0.14,4.555555555555555,3.0,16,15,,False,12,1.0,11,1.114837874774821,0.45555555555555555,1.5,,A_prediction_only
high_noise,4,4,adaptive,12,800,0.1,800,243,179,64,306,64,64,20,44,38,6,0,0.3125,0.6875,0.3825,0.22375,0.08,5.3,4.0,17,51,,False,12,1.0,11,1.1138935001508798,0.53,5.1000000000000005,,B_prediction_exploration
high_noise,4,4,adaptive,12,800,0.1,800,225,163,62,265,29,64,21,43,31,12,0,0.328125,0.671875,0.33125,0.20375,0.03625,7.666666666666667,4.0,51,15,,False,12,1.0,11,1.1586526247265283,0.7666666666666667,1.5,,C_prediction_exploration_freshness
high_noise,4,4,adaptive,12,800,0.1,800,256,181,75,281,25,64,24,40,32,8,0,0.375,0.625,0.35125,0.22625,0.03125,6.791666666666667,5.0,29,15,,False,12,1.0,11,1.1444361245958135,0.6791666666666667,1.5,,D_prediction_exploration_freshness_trend
high_noise,4,4,adaptive,12,800,0.1,800,189,116,73,197,23,64,25,39,27,12,0,0.390625,0.609375,0.24625,0.145,0.02875,6.08,5.0,24,16,,False,12,1.0,11,1.114402250314015,0.6080000000000001,1.6,,E_full_policy
high_noise,4,4,adaptive,12,800,0.1,800,194,131,63,229,25,64,25,39,28,11,0,0.390625,0.609375,0.28625,0.16375,0.03125,5.36,4.0,19,16,,False,12,1.0,11,1.171653249548399,0.536,1.6,,F_full_policy_no_online_feedback
high_noise,5,5,adaptive,12,800,0.1,800,180,106,74,169,150,58,21,37,34,3,1,0.3620689655172414,0.6379310344827587,0.21125,0.1325,0.1875,5.0,3.0,20,5,,False,12,1.0,11,1.1608196252927883,0.5,0.5,,A_prediction_only
high_noise,5,5,adaptive,12,800,0.1,800,187,101,86,178,80,58,25,33,28,5,1,0.43103448275862066,0.5689655172413793,0.2225,0.12625,0.1,4.64,4.0,15,5,,False,12,1.0,11,1.1536102498939727,0.46399999999999997,0.5,,B_prediction_exploration
high_noise,5,5,adaptive,12,800,0.1,800,169,77,92,128,20,58,24,34,24,10,1,0.41379310344827586,0.5862068965517241,0.16,0.09625,0.025,3.6666666666666665,3.0,11,5,,False,12,1.0,11,1.106625999782409,0.3666666666666667,0.5,,C_prediction_exploration_freshness
high_noise,5,5,adaptive,12,800,0.1,800,179,83,96,139,18,58,21,37,25,12,1,0.3620689655172414,0.6379310344827587,0.17375,0.10375,0.0225,4.095238095238095,3.0,17,5,,False,12,1.0,11,1.1068895013158908,0.4095238095238095,0.5,,D_prediction_exploration_freshness_trend
high_noise,5,5,adaptive,12,800,0.1,800,163,76,87,119,17,58,23,35,29,6,1,0.39655172413793105,0.603448275862069,0.14875,0.095,0.02125,3.1739130434782608,2.0,12,5,,False,12,1.0,11,1.1609732504803105,0.3173913043478261,0.5,,E_full_policy
high_noise,5,5,adaptive,12,800,0.1,800,157,49,108,83,14,58,23,35,29,6,1,0.39655172413793105,0.603448275862069,0.10375,0.06125,0.0175,5.3478260869565215,4.0,18,5,,False,12,1.0,11,1.1716261251058313,0.5347826086956522,0.5,,F_full_policy_no_online_feedback
high_noise,6,6,adaptive,12,800,0.1,800,248,183,65,316,92,69,22,47,42,5,0,0.3188405797101449,0.6811594202898551,0.395,0.22875,0.115,2.727272727272727,2.0,14,2,,False,12,1.0,11,1.1795358755261987,0.2727272727272727,0.2,,A_prediction_only
high_noise,6,6,adaptive,12,800,0.1,800,244,178,66,300,61,69,22,47,42,5,1,0.3188405797101449,0.6811594202898551,0.375,0.2225,0.07625,4.045454545454546,2.5,17,2,,False,12,1.0,11,1.2227568747402984,0.4045454545454546,0.2,,B_prediction_exploration
high_noise,6,6,adaptive,12,800,0.1,800,219,141,78,245,19,69,23,46,37,9,0,0.3333333333333333,0.6666666666666666,0.30625,0.17625,0.02375,5.3478260869565215,4.0,20,2,,False,12,1.0,11,1.2122739998449106,0.5347826086956522,0.2,,C_prediction_exploration_freshness
high_noise,6,6,adaptive,12,800,0.1,800,211,142,69,240,19,69,22,47,39,8,1,0.3188405797101449,0.6811594202898551,0.3,0.1775,0.02375,5.454545454545454,2.0,20,2,,False,12,1.0,11,1.1994770004821476,0.5454545454545454,0.2,,D_prediction_exploration_freshness_trend
high_noise,6,6,adaptive,12,800,0.1,800,178,106,72,182,20,69,25,44,30,14,0,0.36231884057971014,0.6376811594202898,0.2275,0.1325,0.025,4.84,4.0,15,2,,False,12,1.0,11,1.150507124439173,0.484,0.2,,E_full_policy
high_noise,6,6,adaptive,12,800,0.1,800,196,117,79,201,27,69,23,46,34,12,0,0.3333333333333333,0.6666666666666666,0.25125,0.14625,0.03375,5.956521739130435,2.0,37,2,,False,12,1.0,11,1.1299705003693816,0.5956521739130435,0.2,,F_full_policy_no_online_feedback
high_noise,7,7,adaptive,12,800,0.1,800,223,151,72,262,98,60,20,40,36,4,0,0.3333333333333333,0.6666666666666666,0.3275,0.18875,0.1225,4.55,3.0,31,2,,False,12,1.0,11,1.1497353743834537,0.455,0.2,,A_prediction_only
high_noise,7,7,adaptive,12,800,0.1,800,234,169,65,278,67,60,24,36,32,4,0,0.4,0.6,0.3475,0.21125,0.08375,4.958333333333333,4.5,26,2,,False,12,1.0,11,1.106006999470992,0.49583333333333335,0.2,,B_prediction_exploration
high_noise,7,7,adaptive,12,800,0.1,800,186,104,82,191,21,60,21,39,31,8,0,0.35,0.65,0.23875,0.13,0.02625,7.428571428571429,3.0,47,2,,False,12,1.0,11,1.1253586255406844,0.7428571428571429,0.2,,C_prediction_exploration_freshness
high_noise,7,7,adaptive,12,800,0.1,800,229,153,76,255,22,60,19,41,31,10,0,0.31666666666666665,0.6833333333333333,0.31875,0.19125,0.0275,4.157894736842105,3.0,17,2,,False,12,1.0,11,1.1381802503456129,0.41578947368421054,0.2,,D_prediction_exploration_freshness_trend
high_noise,7,7,adaptive,12,800,0.1,800,187,104,83,177,13,60,20,40,28,12,0,0.3333333333333333,0.6666666666666666,0.22125,0.13,0.01625,6.0,4.5,20,2,,False,12,1.0,11,1.1179998749867082,0.6000000000000001,0.2,,E_full_policy
high_noise,7,7,adaptive,12,800,0.1,800,212,115,97,196,19,60,20,40,31,9,0,0.3333333333333333,0.6666666666666666,0.245,0.14375,0.02375,4.9,4.0,14,2,,False,12,1.0,11,1.128780125072808,0.49000000000000005,0.2,,F_full_policy_no_online_feedback
high_noise,8,8,adaptive,12,800,0.1,800,279,212,67,347,93,66,27,39,32,7,0,0.4090909090909091,0.5909090909090909,0.43375,0.265,0.11625,3.111111111111111,1.0,14,2,,False,12,1.0,11,1.131144250575744,0.3111111111111111,0.2,,A_prediction_only
high_noise,8,8,adaptive,12,800,0.1,800,275,211,64,331,88,66,25,41,38,3,0,0.3787878787878788,0.6212121212121212,0.41375,0.26375,0.11,2.72,1.0,18,2,,False,12,1.0,11,1.1511707504905644,0.272,0.2,,B_prediction_exploration
high_noise,8,8,adaptive,12,800,0.1,800,266,189,77,296,30,66,23,43,36,7,0,0.3484848484848485,0.6515151515151515,0.37,0.23625,0.0375,4.304347826086956,2.0,21,2,,False,12,1.0,11,1.1493966253328836,0.4304347826086956,0.2,,C_prediction_exploration_freshness
high_noise,8,8,adaptive,12,800,0.1,800,251,185,66,292,35,66,22,44,37,7,0,0.3333333333333333,0.6666666666666666,0.365,0.23125,0.04375,3.5,3.0,9,2,,False,12,1.0,11,1.117811999611149,0.35000000000000003,0.2,,D_prediction_exploration_freshness_trend
high_noise,8,8,adaptive,12,800,0.1,800,191,107,84,190,20,66,23,43,34,9,0,0.3484848484848485,0.6515151515151515,0.2375,0.13375,0.025,5.956521739130435,4.0,23,2,,False,12,1.0,11,1.1268709991054493,0.5956521739130435,0.2,,E_full_policy
high_noise,8,8,adaptive,12,800,0.1,800,257,191,66,292,36,66,28,38,30,8,0,0.42424242424242425,0.5757575757575758,0.365,0.23875,0.045,3.642857142857143,3.0,11,2,,False,12,1.0,11,1.1725951240805443,0.3642857142857143,0.2,,F_full_policy_no_online_feedback
high_noise,9,9,adaptive,12,800,0.1,800,221,158,63,274,107,64,26,38,31,7,0,0.40625,0.59375,0.3425,0.1975,0.13375,2.8846153846153846,1.5,21,14,,False,12,1.0,11,1.1478396254096879,0.2884615384615385,1.4000000000000001,,A_prediction_only
high_noise,9,9,adaptive,12,800,0.1,800,235,167,68,280,70,64,22,42,37,5,1,0.34375,0.65625,0.35,0.20875,0.0875,5.863636363636363,3.5,27,14,,False,12,1.0,11,1.1884481247761869,0.5863636363636363,1.4000000000000001,,B_prediction_exploration
high_noise,9,9,adaptive,12,800,0.1,800,205,124,81,217,21,64,18,46,32,14,1,0.28125,0.71875,0.27125,0.155,0.02625,6.666666666666667,3.5,20,21,,False,12,1.0,11,1.1842738753693993,0.6666666666666667,2.1,,C_prediction_exploration_freshness
high_noise,9,9,adaptive,12,800,0.1,800,206,131,75,227,36,64,20,44,29,15,0,0.3125,0.6875,0.28375,0.16375,0.045,3.75,2.5,17,21,,False,12,1.0,11,1.1635787504928885,0.375,2.1,,D_prediction_exploration_freshness_trend
high_noise,9,9,adaptive,12,800,0.1,800,182,97,85,159,17,64,22,42,29,13,1,0.34375,0.65625,0.19875,0.12125,0.02125,5.818181818181818,4.5,20,16,,False,12,1.0,11,1.1230938751396025,0.5818181818181819,1.6,,E_full_policy
high_noise,9,9,adaptive,12,800,0.1,800,205,124,81,201,13,64,28,36,28,8,0,0.4375,0.5625,0.25125,0.155,0.01625,4.392857142857143,3.0,16,16,,False,12,1.0,11,1.1449052509124158,0.43928571428571433,1.6,,F_full_policy_no_online_feedback
high_noise,10,10,adaptive,12,800,0.1,800,286,231,55,385,75,54,15,39,31,8,0,0.2777777777777778,0.7222222222222222,0.48125,0.28875,0.09375,3.066666666666667,2.0,13,50,,False,12,1.0,11,1.1002545004157582,0.3066666666666667,5.0,,A_prediction_only
high_noise,10,10,adaptive,12,800,0.1,800,292,234,58,387,54,54,18,36,31,5,0,0.3333333333333333,0.6666666666666666,0.48375,0.2925,0.0675,2.5555555555555554,1.5,13,58,,False,12,1.0,11,1.1421353747937246,0.25555555555555554,5.800000000000001,,B_prediction_exploration
high_noise,10,10,adaptive,12,800,0.1,800,281,210,71,344,24,54,16,38,33,5,0,0.2962962962962963,0.7037037037037037,0.43,0.2625,0.03,3.75,2.0,13,13,,False,12,1.0,11,1.1872776251766481,0.375,1.3,,C_prediction_exploration_freshness
high_noise,10,10,adaptive,12,800,0.1,800,263,210,53,352,31,54,23,31,20,11,0,0.42592592592592593,0.5740740740740741,0.44,0.2625,0.03875,3.8260869565217392,2.0,18,13,,False,12,1.0,11,1.1736282506171847,0.3826086956521739,1.3,,D_prediction_exploration_freshness_trend
high_noise,10,10,adaptive,12,800,0.1,800,199,117,82,220,18,54,24,30,22,8,0,0.4444444444444444,0.5555555555555556,0.275,0.14625,0.0225,6.166666666666667,5.0,20,13,,False,12,1.0,11,1.1392652505310252,0.6166666666666667,1.3,,E_full_policy
high_noise,10,10,adaptive,12,800,0.1,800,250,179,71,300,34,54,22,32,24,8,0,0.4074074074074074,0.5925925925925926,0.375,0.22375,0.0425,5.681818181818182,4.5,20,13,,False,12,1.0,11,1.1594351255189395,0.5681818181818182,1.3,,F_full_policy_no_online_feedback
high_noise,11,11,adaptive,12,800,0.1,800,287,246,41,416,71,65,24,41,36,5,0,0.36923076923076925,0.6307692307692307,0.52,0.3075,0.08875,2.7916666666666665,2.0,16,2,,False,12,1.0,11,1.1702435003826395,0.2791666666666667,0.2,,A_prediction_only
high_noise,11,11,adaptive,12,800,0.1,800,300,247,53,406,45,65,23,42,37,5,0,0.35384615384615387,0.6461538461538462,0.5075,0.30875,0.05625,3.6956521739130435,2.0,16,2,,False,12,1.0,11,1.1642608750116779,0.3695652173913044,0.2,,B_prediction_exploration
high_noise,11,11,adaptive,12,800,0.1,800,270,220,50,357,30,65,27,38,30,8,0,0.4153846153846154,0.5846153846153846,0.44625,0.275,0.0375,3.888888888888889,4.0,13,2,,False,12,1.0,11,1.1764020001282915,0.3888888888888889,0.2,,C_prediction_exploration_freshness
high_noise,11,11,adaptive,12,800,0.1,800,287,224,63,373,28,65,27,38,30,8,0,0.4153846153846154,0.5846153846153846,0.46625,0.28,0.035,3.259259259259259,2.0,12,2,,False,12,1.0,11,1.1349783749392373,0.32592592592592595,0.2,,D_prediction_exploration_freshness_trend
high_noise,11,11,adaptive,12,800,0.1,800,250,189,61,306,24,65,26,39,30,9,0,0.4,0.6,0.3825,0.23625,0.03,4.423076923076923,4.0,15,2,,False,12,1.0,11,1.129970500114723,0.44230769230769235,0.2,,E_full_policy
high_noise,11,11,adaptive,12,800,0.1,800,244,191,53,325,29,65,26,39,35,4,0,0.4,0.6,0.40625,0.23875,0.03625,5.115384615384615,4.0,16,2,,False,12,1.0,11,1.142878374303109,0.5115384615384615,0.2,,F_full_policy_no_online_feedback
high_noise,12,12,adaptive,12,800,0.1,800,284,210,74,365,41,58,19,39,31,8,0,0.3275862068965517,0.6724137931034483,0.45625,0.2625,0.05125,2.5789473684210527,2.0,7,5,,False,12,1.0,11,1.1506355001256452,0.2578947368421053,0.5,,A_prediction_only
high_noise,12,12,adaptive,12,800,0.1,800,258,194,64,337,53,58,20,38,32,6,0,0.3448275862068966,0.6551724137931034,0.42125,0.2425,0.06625,8.5,3.5,71,5,,False,12,1.0,11,1.1283663748690742,0.8500000000000001,0.5,,B_prediction_exploration
high_noise,12,12,adaptive,12,800,0.1,800,253,180,73,325,23,58,26,32,21,11,0,0.4482758620689655,0.5517241379310345,0.40625,0.225,0.02875,5.846153846153846,4.5,15,5,,False,12,1.0,11,1.1486652499297634,0.5846153846153846,0.5,,C_prediction_exploration_freshness
high_noise,12,12,adaptive,12,800,0.1,800,257,195,62,344,32,58,20,38,28,10,0,0.3448275862068966,0.6551724137931034,0.43,0.24375,0.04,5.25,4.0,15,5,,False,12,1.0,11,1.18067887644429,0.525,0.5,,D_prediction_exploration_freshness_trend
high_noise,12,12,adaptive,12,800,0.1,800,241,160,81,267,22,58,22,36,26,10,0,0.3793103448275862,0.6206896551724138,0.33375,0.2,0.0275,5.545454545454546,4.5,18,5,,False,12,1.0,11,1.168823875450471,0.5545454545454546,0.5,,E_full_policy
high_noise,12,12,adaptive,12,800,0.1,800,225,153,72,261,33,58,24,34,28,6,0,0.41379310344827586,0.5862068965517241,0.32625,0.19125,0.04125,6.041666666666667,3.0,26,5,,False,12,1.0,11,1.1832188751213835,0.6041666666666667,0.5,,F_full_policy_no_online_feedback
high_noise,13,13,adaptive,12,800,0.1,800,257,183,74,283,73,62,22,40,32,8,0,0.3548387096774194,0.6451612903225806,0.35375,0.22875,0.09125,2.8636363636363638,2.0,14,14,,False,12,1.0,11,1.1744117497801199,0.2863636363636364,1.4000000000000001,,A_prediction_only
high_noise,13,13,adaptive,12,800,0.1,800,240,167,73,266,70,62,23,39,32,7,1,0.3709677419354839,0.6290322580645161,0.3325,0.20875,0.0875,5.826086956521739,3.0,21,14,,False,12,1.0,11,1.185032375215087,0.582608695652174,1.4000000000000001,,B_prediction_exploration
high_noise,13,13,adaptive,12,800,0.1,800,261,194,67,293,27,62,27,35,31,4,1,0.43548387096774194,0.5645161290322581,0.36625,0.2425,0.03375,3.4074074074074074,3.0,13,13,,False,12,1.0,11,1.1911264997979742,0.3407407407407408,1.3,,C_prediction_exploration_freshness
high_noise,13,13,adaptive,12,800,0.1,800,220,150,70,248,32,62,25,37,29,8,1,0.4032258064516129,0.5967741935483871,0.31,0.1875,0.04,5.6,5.0,29,13,,False,12,1.0,11,1.197164124569099,0.5599999999999999,1.3,,D_prediction_exploration_freshness_trend
high_noise,13,13,adaptive,12,800,0.1,800,212,134,78,205,21,62,23,39,32,7,1,0.3709677419354839,0.6290322580645161,0.25625,0.1675,0.02625,4.565217391304348,2.0,21,23,,False,12,1.0,11,1.1600188745796913,0.4565217391304348,2.3000000000000003,,E_full_policy
high_noise,13,13,adaptive,12,800,0.1,800,216,143,73,222,26,62,25,37,28,9,1,0.4032258064516129,0.5967741935483871,0.2775,0.17875,0.0325,5.56,4.0,17,23,,False,12,1.0,11,1.1095246249533375,0.5559999999999999,2.3000000000000003,,F_full_policy_no_online_feedback
high_noise,14,14,adaptive,12,800,0.1,800,251,193,58,304,109,57,22,35,31,4,0,0.38596491228070173,0.6140350877192983,0.38,0.24125,0.13625,4.954545454545454,2.5,16,5,,False,12,1.0,11,1.1253958750603488,0.4954545454545454,0.5,,A_prediction_only
high_noise,14,14,adaptive,12,800,0.1,800,250,184,66,293,64,57,20,37,30,7,0,0.3508771929824561,0.6491228070175439,0.36625,0.23,0.08,5.15,3.5,30,5,,False,12,1.0,11,1.1181247505737701,0.515,0.5,,B_prediction_exploration
high_noise,14,14,adaptive,12,800,0.1,800,225,164,61,272,19,57,20,37,28,9,0,0.3508771929824561,0.6491228070175439,0.34,0.205,0.02375,6.25,3.5,15,5,,False,12,1.0,11,1.0948097498476272,0.625,0.5,,C_prediction_exploration_freshness
high_noise,14,14,adaptive,12,800,0.1,800,229,163,66,265,23,57,23,34,24,10,0,0.40350877192982454,0.5964912280701754,0.33125,0.20375,0.02875,5.521739130434782,3.0,29,5,,False,12,1.0,11,1.1941643743921304,0.5521739130434783,0.5,,D_prediction_exploration_freshness_trend
high_noise,14,14,adaptive,12,800,0.1,800,205,123,82,207,15,57,24,33,24,9,0,0.42105263157894735,0.5789473684210527,0.25875,0.15375,0.01875,5.5,4.5,14,5,,False,12,1.0,11,1.1732248755652108,0.55,0.5,,E_full_policy
high_noise,14,14,adaptive,12,800,0.1,800,197,134,63,233,29,57,33,24,19,5,0,0.5789473684210527,0.42105263157894735,0.29125,0.1675,0.03625,4.363636363636363,4.0,21,5,,False,12,1.0,11,1.1831907501618844,0.43636363636363634,0.5,,F_full_policy_no_online_feedback
dynamic,0,0,adaptive,12,800,0.1,800,502,496,6,513,16,111,50,61,59,2,1,0.45045045045045046,0.5495495495495496,0.64125,0.62,0.02,8.46,4.5,33,1,12.0,False,12,1.0,11,1.147123375085357,0.8460000000000001,0.1,1.2000000000000002,A_prediction_only
dynamic,0,0,adaptive,12,800,0.1,800,497,486,11,507,20,111,44,67,65,2,1,0.3963963963963964,0.6036036036036037,0.63375,0.6075,0.025,9.795454545454545,5.5,35,1,12.0,False,12,1.0,11,1.1205954995239154,0.9795454545454545,0.1,1.2000000000000002,B_prediction_exploration
dynamic,0,0,adaptive,12,800,0.1,800,512,505,7,525,7,111,45,66,64,2,1,0.40540540540540543,0.5945945945945946,0.65625,0.63125,0.00875,8.555555555555555,5.0,35,1,12.0,False,12,1.0,11,1.1216486241755774,0.8555555555555556,0.1,1.2000000000000002,C_prediction_exploration_freshness
dynamic,0,0,adaptive,12,800,0.1,800,503,496,7,518,15,111,46,65,63,2,1,0.4144144144144144,0.5855855855855856,0.6475,0.62,0.01875,8.695652173913043,5.5,35,1,12.0,False,12,1.0,11,1.106738500056963,0.8695652173913043,0.1,1.2000000000000002,D_prediction_exploration_freshness_trend
dynamic,0,0,adaptive,12,800,0.1,800,515,508,7,528,9,111,43,68,66,2,1,0.38738738738738737,0.6126126126126126,0.66,0.635,0.01125,7.5813953488372094,4.0,35,1,12.0,False,12,1.0,11,1.1580026247975184,0.758139534883721,0.1,1.2000000000000002,E_full_policy
dynamic,0,0,adaptive,12,800,0.1,800,517,510,7,531,10,111,52,59,57,2,0,0.46846846846846846,0.5315315315315315,0.66375,0.6375,0.0125,7.0576923076923075,4.0,35,1,12.0,False,12,1.0,11,1.1273612498189323,0.7057692307692308,0.1,1.2000000000000002,F_full_policy_no_online_feedback
dynamic,1,1,adaptive,12,800,0.1,800,510,508,2,531,11,113,45,68,67,1,0,0.39823008849557523,0.6017699115044248,0.66375,0.635,0.01375,8.222222222222221,4.0,33,1,12.0,False,12,1.0,11,1.120968500035815,0.8222222222222222,0.1,1.2000000000000002,A_prediction_only
dynamic,1,1,adaptive,12,800,0.1,800,527,525,2,544,5,113,41,72,71,1,0,0.36283185840707965,0.6371681415929203,0.68,0.65625,0.00625,8.731707317073171,4.0,46,1,12.0,False,12,1.0,11,1.126069749952876,0.8731707317073172,0.1,1.2000000000000002,B_prediction_exploration
dynamic,1,1,adaptive,12,800,0.1,800,523,521,2,542,7,113,46,67,67,0,2,0.40707964601769914,0.5929203539823009,0.6775,0.65125,0.00875,6.913043478260869,4.0,33,1,12.0,False,12,1.0,11,1.1225337500945898,0.691304347826087,0.1,1.2000000000000002,C_prediction_exploration_freshness
dynamic,1,1,adaptive,12,800,0.1,800,524,522,2,539,7,113,50,63,63,0,1,0.4424778761061947,0.5575221238938053,0.67375,0.6525,0.00875,8.06,5.0,33,1,12.0,False,12,1.0,11,1.1159050003698212,0.806,0.1,1.2000000000000002,D_prediction_exploration_freshness_trend
dynamic,1,1,adaptive,12,800,0.1,800,519,517,2,539,5,113,42,71,68,3,2,0.37168141592920356,0.6283185840707964,0.67375,0.64625,0.00625,8.619047619047619,5.0,54,1,12.0,False,12,1.0,11,1.1365112496787333,0.861904761904762,0.1,1.2000000000000002,E_full_policy
dynamic,1,1,adaptive,12,800,0.1,800,530,528,2,546,5,113,46,67,67,0,1,0.40707964601769914,0.5929203539823009,0.6825,0.66,0.00625,7.760869565217392,4.5,33,1,12.0,False,12,1.0,11,1.1251892504878924,0.7760869565217392,0.1,1.2000000000000002,F_full_policy_no_online_feedback
dynamic,2,2,adaptive,12,800,0.1,800,479,475,4,493,32,126,45,81,80,1,1,0.35714285714285715,0.6428571428571429,0.61625,0.59375,0.04,9.377777777777778,4.0,33,1,12.0,False,12,1.0,11,1.117756875573832,0.9377777777777778,0.1,1.2000000000000002,A_prediction_only
dynamic,2,2,adaptive,12,800,0.1,800,482,477,5,493,28,126,45,81,81,0,1,0.35714285714285715,0.6428571428571429,0.61625,0.59625,0.035,7.8,2.0,33,1,12.0,False,12,1.0,11,1.1494748752375017,0.78,0.1,1.2000000000000002,B_prediction_exploration
dynamic,2,2,adaptive,12,800,0.1,800,495,491,4,514,16,126,51,75,73,2,1,0.40476190476190477,0.5952380952380952,0.6425,0.61375,0.02,8.176470588235293,4.0,33,1,12.0,False,12,1.0,11,1.116147000429919,0.8176470588235294,0.1,1.2000000000000002,C_prediction_exploration_freshness
dynamic,2,2,adaptive,12,800,0.1,800,496,491,5,514,18,126,51,75,73,2,1,0.40476190476190477,0.5952380952380952,0.6425,0.61375,0.0225,7.980392156862745,5.0,34,1,12.0,False,12,1.0,11,1.1173896243417403,0.7980392156862746,0.1,1.2000000000000002,D_prediction_exploration_freshness_trend
dynamic,2,2,adaptive,12,800,0.1,800,498,495,3,516,12,126,50,76,76,0,1,0.3968253968253968,0.6031746031746031,0.645,0.61875,0.015,8.18,4.0,34,1,12.0,False,12,1.0,11,1.1605952495665406,0.8180000000000001,0.1,1.2000000000000002,E_full_policy
dynamic,2,2,adaptive,12,800,0.1,800,500,497,3,520,15,126,50,76,75,1,1,0.3968253968253968,0.6031746031746031,0.65,0.62125,0.01875,7.5,4.0,35,1,12.0,False,12,1.0,11,1.1857545006569126,0.75,0.1,1.2000000000000002,F_full_policy_no_online_feedback
dynamic,3,3,adaptive,12,800,0.1,800,500,495,5,512,10,138,50,88,87,1,2,0.36231884057971014,0.6376811594202898,0.64,0.61875,0.0125,6.26,2.0,34,2,12.0,False,12,1.0,11,1.1759502496715868,0.626,0.2,1.2000000000000002,A_prediction_only
dynamic,3,3,adaptive,12,800,0.1,800,507,502,5,515,12,138,44,94,94,0,2,0.3188405797101449,0.6811594202898551,0.64375,0.6275,0.015,5.886363636363637,1.0,35,2,12.0,False,12,1.0,11,1.1379528746329015,0.5886363636363637,0.2,1.2000000000000002,B_prediction_exploration
dynamic,3,3,adaptive,12,800,0.1,800,516,510,6,528,5,138,54,84,84,0,3,0.391304347826087,0.6086956521739131,0.66,0.6375,0.00625,7.462962962962963,3.5,35,2,12.0,False,12,1.0,11,1.1288522502582055,0.7462962962962963,0.2,1.2000000000000002,C_prediction_exploration_freshness
dynamic,3,3,adaptive,12,800,0.1,800,520,515,5,529,5,138,54,84,84,0,2,0.391304347826087,0.6086956521739131,0.66125,0.64375,0.00625,6.962962962962963,3.5,35,2,12.0,False,12,1.0,11,1.1338742501538945,0.6962962962962963,0.2,1.2000000000000002,D_prediction_exploration_freshness_trend
dynamic,3,3,adaptive,12,800,0.1,800,507,503,4,520,6,138,56,82,82,0,2,0.4057971014492754,0.5942028985507246,0.65,0.62875,0.0075,8.267857142857142,4.0,35,2,12.0,False,12,1.0,11,1.1191331253576209,0.8267857142857142,0.2,1.2000000000000002,E_full_policy
dynamic,3,3,adaptive,12,800,0.1,800,511,506,5,523,6,138,56,82,82,0,3,0.4057971014492754,0.5942028985507246,0.65375,0.6325,0.0075,7.410714285714286,3.0,35,2,12.0,False,12,1.0,11,1.1370959994019358,0.7410714285714286,0.2,1.2000000000000002,F_full_policy_no_online_feedback
dynamic,4,4,adaptive,12,800,0.1,800,464,458,6,473,39,125,43,82,81,1,0,0.344,0.656,0.59125,0.5725,0.04875,7.116279069767442,4.0,33,1,12.0,False,12,1.0,11,1.1152164999657543,0.7116279069767443,0.1,1.2000000000000002,A_prediction_only
dynamic,4,4,adaptive,12,800,0.1,800,470,464,6,479,23,125,46,79,78,1,0,0.368,0.632,0.59875,0.58,0.02875,8.391304347826088,5.5,27,1,12.0,False,12,1.0,11,1.1491257498346386,0.8391304347826088,0.1,1.2000000000000002,B_prediction_exploration
dynamic,4,4,adaptive,12,800,0.1,800,505,498,7,513,7,125,42,83,82,1,0,0.336,0.664,0.64125,0.6225,0.00875,7.166666666666667,6.0,28,1,12.0,False,12,1.0,11,1.1359589997300645,0.7166666666666668,0.1,1.2000000000000002,C_prediction_exploration_freshness
dynamic,4,4,adaptive,12,800,0.1,800,503,495,8,511,6,125,40,85,84,1,0,0.32,0.68,0.63875,0.61875,0.0075,7.35,5.0,27,1,12.0,False,12,1.0,11,1.1312296253527165,0.735,0.1,1.2000000000000002,D_prediction_exploration_freshness_trend
dynamic,4,4,adaptive,12,800,0.1,800,502,496,6,509,17,125,40,85,84,1,0,0.32,0.68,0.63625,0.62,0.02125,5.925,4.0,26,1,12.0,False,12,1.0,11,1.1332609998862608,0.5925,0.1,1.2000000000000002,E_full_policy
dynamic,4,4,adaptive,12,800,0.1,800,501,497,4,510,14,125,43,82,81,1,0,0.344,0.656,0.6375,0.62125,0.0175,6.325581395348837,5.0,26,1,12.0,False,12,1.0,11,1.115675123728579,0.6325581395348837,0.1,1.2000000000000002,F_full_policy_no_online_feedback
dynamic,5,5,adaptive,12,800,0.1,800,494,489,5,504,39,127,43,84,84,0,0,0.33858267716535434,0.6614173228346457,0.63,0.61125,0.04875,5.116279069767442,2.0,32,1,12.0,False,12,1.0,11,1.106147750178934,0.5116279069767442,0.1,1.2000000000000002,A_prediction_only
dynamic,5,5,adaptive,12,800,0.1,800,481,475,6,491,35,127,48,79,79,0,0,0.3779527559055118,0.6220472440944882,0.61375,0.59375,0.04375,6.166666666666667,1.0,34,1,12.0,False,12,1.0,11,1.103098374514957,0.6166666666666667,0.1,1.2000000000000002,B_prediction_exploration
dynamic,5,5,adaptive,12,800,0.1,800,492,488,4,505,21,127,50,77,77,0,0,0.3937007874015748,0.6062992125984252,0.63125,0.61,0.02625,6.4,3.0,35,1,12.0,False,12,1.0,11,1.1253635002140072,0.6400000000000001,0.1,1.2000000000000002,C_prediction_exploration_freshness
dynamic,5,5,adaptive,12,800,0.1,800,490,484,6,501,30,127,42,85,85,0,0,0.33070866141732286,0.6692913385826772,0.62625,0.605,0.0375,6.761904761904762,2.5,35,1,12.0,False,12,1.0,11,1.1399097493631416,0.6761904761904762,0.1,1.2000000000000002,D_prediction_exploration_freshness_trend
dynamic,5,5,adaptive,12,800,0.1,800,497,488,9,503,15,127,48,79,79,0,0,0.3779527559055118,0.6220472440944882,0.62875,0.61,0.01875,6.3125,3.5,34,1,12.0,False,12,1.0,11,1.1172102495766012,0.6312500000000001,0.1,1.2000000000000002,E_full_policy
dynamic,5,5,adaptive,12,800,0.1,800,495,490,5,504,25,127,50,77,77,0,0,0.3937007874015748,0.6062992125984252,0.63,0.6125,0.03125,5.82,3.5,35,1,12.0,False,12,1.0,11,1.12877200004732,0.5820000000000001,0.1,1.2000000000000002,F_full_policy_no_online_feedback
dynamic,6,6,adaptive,12,800,0.1,800,504,502,2,515,14,119,47,72,72,0,1,0.3949579831932773,0.6050420168067226,0.64375,0.6275,0.0175,7.127659574468085,3.0,35,1,12.0,False,12,1.0,11,1.1516116251732456,0.7127659574468086,0.1,1.2000000000000002,A_prediction_only
dynamic,6,6,adaptive,12,800,0.1,800,517,514,3,527,9,119,46,73,72,1,1,0.3865546218487395,0.6134453781512605,0.65875,0.6425,0.01125,7.282608695652174,2.0,34,1,12.0,False,12,1.0,11,1.1515405003956403,0.7282608695652174,0.1,1.2000000000000002,B_prediction_exploration
dynamic,6,6,adaptive,12,800,0.1,800,522,519,3,532,4,119,49,70,70,0,1,0.4117647058823529,0.5882352941176471,0.665,0.64875,0.005,5.918367346938775,3.0,26,1,12.0,False,12,1.0,11,1.1488816249038791,0.5918367346938775,0.1,1.2000000000000002,C_prediction_exploration_freshness
dynamic,6,6,adaptive,12,800,0.1,800,516,513,3,526,10,119,49,70,70,0,1,0.4117647058823529,0.5882352941176471,0.6575,0.64125,0.0125,6.510204081632653,3.0,31,1,12.0,False,12,1.0,11,1.1997156253346475,0.6510204081632653,0.1,1.2000000000000002,D_prediction_exploration_freshness_trend
dynamic,6,6,adaptive,12,800,0.1,800,508,505,3,522,9,119,52,67,67,0,1,0.4369747899159664,0.5630252100840336,0.6525,0.63125,0.01125,6.846153846153846,3.0,32,1,12.0,False,12,1.0,11,1.2193682506040204,0.6846153846153846,0.1,1.2000000000000002,E_full_policy
dynamic,6,6,adaptive,12,800,0.1,800,514,510,4,523,8,119,49,70,70,0,1,0.4117647058823529,0.5882352941176471,0.65375,0.6375,0.01,6.73469387755102,5.0,33,1,12.0,False,12,1.0,11,1.1833865001244703,0.6734693877551021,0.1,1.2000000000000002,F_full_policy_no_online_feedback
dynamic,7,7,adaptive,12,800,0.1,800,490,482,8,493,27,126,48,78,78,0,2,0.38095238095238093,0.6190476190476191,0.61625,0.6025,0.03375,6.833333333333333,3.0,33,1,48.0,False,12,1.0,11,1.1490061251606676,0.6833333333333333,0.1,4.800000000000001,A_prediction_only
dynamic,7,7,adaptive,12,800,0.1,800,508,500,8,510,22,126,51,75,75,0,2,0.40476190476190477,0.5952380952380952,0.6375,0.625,0.0275,6.313725490196078,3.0,32,1,48.0,False,12,1.0,11,1.1666768752911594,0.6313725490196078,0.1,4.800000000000001,B_prediction_exploration
dynamic,7,7,adaptive,12,800,0.1,800,513,504,9,519,20,126,54,72,72,0,2,0.42857142857142855,0.5714285714285714,0.64875,0.63,0.025,5.148148148148148,2.0,41,1,48.0,False,12,1.0,11,1.1770840000463068,0.5148148148148148,0.1,4.800000000000001,C_prediction_exploration_freshness
dynamic,7,7,adaptive,12,800,0.1,800,518,509,9,523,17,126,51,75,75,0,2,0.40476190476190477,0.5952380952380952,0.65375,0.63625,0.02125,5.7254901960784315,2.0,43,1,48.0,False,12,1.0,11,1.162567749779555,0.5725490196078432,0.1,4.800000000000001,D_prediction_exploration_freshness_trend
dynamic,7,7,adaptive,12,800,0.1,800,515,506,9,522,15,126,49,77,77,0,2,0.3888888888888889,0.6111111111111112,0.6525,0.6325,0.01875,6.285714285714286,4.0,39,1,48.0,False,12,1.0,11,1.1617671250132844,0.6285714285714286,0.1,4.800000000000001,E_full_policy
dynamic,7,7,adaptive,12,800,0.1,800,519,512,7,524,20,126,51,75,75,0,2,0.40476190476190477,0.5952380952380952,0.655,0.64,0.025,7.098039215686274,3.0,45,1,48.0,False,12,1.0,11,1.1822551252043922,0.7098039215686275,0.1,4.800000000000001,F_full_policy_no_online_feedback
dynamic,8,8,adaptive,12,800,0.1,800,449,440,9,459,42,131,47,84,84,0,2,0.35877862595419846,0.6412213740458015,0.57375,0.55,0.0525,5.553191489361702,2.0,26,1,12.0,False,12,1.0,11,1.1491649998060893,0.5553191489361703,0.1,1.2000000000000002,A_prediction_only
dynamic,8,8,adaptive,12,800,0.1,800,449,441,8,459,44,131,48,83,82,1,2,0.366412213740458,0.6335877862595419,0.57375,0.55125,0.055,4.8125,1.0,29,1,12.0,False,12,1.0,11,1.1422042499179952,0.48125,0.1,1.2000000000000002,B_prediction_exploration
dynamic,8,8,adaptive,12,800,0.1,800,469,462,7,475,43,131,57,74,74,0,1,0.4351145038167939,0.5648854961832062,0.59375,0.5775,0.05375,7.035087719298246,3.0,33,1,12.0,False,12,1.0,11,1.126756125195243,0.7035087719298246,0.1,1.2000000000000002,C_prediction_exploration_freshness
dynamic,8,8,adaptive,12,800,0.1,800,463,452,11,469,45,131,52,79,79,0,2,0.3969465648854962,0.6030534351145038,0.58625,0.565,0.05625,7.365384615384615,3.0,33,1,12.0,False,12,1.0,11,1.1256751244945917,0.7365384615384616,0.1,1.2000000000000002,D_prediction_exploration_freshness_trend
dynamic,8,8,adaptive,12,800,0.1,800,466,457,9,477,36,131,50,81,81,0,1,0.3816793893129771,0.6183206106870229,0.59625,0.57125,0.045,6.7,3.0,32,1,12.0,False,12,1.0,11,1.1449553750207997,0.67,0.1,1.2000000000000002,E_full_policy
dynamic,8,8,adaptive,12,800,0.1,800,470,461,9,476,35,131,55,76,76,0,1,0.4198473282442748,0.5801526717557252,0.595,0.57625,0.04375,5.8545454545454545,2.0,33,1,12.0,False,12,1.0,11,1.1785862497345079,0.5854545454545454,0.1,1.2000000000000002,F_full_policy_no_online_feedback
dynamic,9,9,adaptive,12,800,0.1,800,531,529,2,541,9,117,46,71,71,0,0,0.39316239316239315,0.6068376068376068,0.67625,0.66125,0.01125,8.543478260869565,3.5,35,4,21.0,False,12,1.0,11,1.1465708746982273,0.8543478260869565,0.4,2.1,A_prediction_only
dynamic,9,9,adaptive,12,800,0.1,800,518,513,5,527,10,117,47,70,70,0,0,0.4017094017094017,0.5982905982905983,0.65875,0.64125,0.0125,9.97872340425532,8.0,35,4,19.0,False,12,1.0,11,1.132284375198651,0.997872340425532,0.4,1.9000000000000001,B_prediction_exploration
dynamic,9,9,adaptive,12,800,0.1,800,530,526,4,538,7,117,43,74,74,0,0,0.36752136752136755,0.6324786324786325,0.6725,0.6575,0.00875,7.976744186046512,4.0,32,4,12.0,False,12,1.0,11,1.152866749507666,0.7976744186046512,0.4,1.2000000000000002,C_prediction_exploration_freshness
dynamic,9,9,adaptive,12,800,0.1,800,534,530,4,544,3,117,40,77,77,0,1,0.3418803418803419,0.6581196581196581,0.68,0.6625,0.00375,8.55,4.0,32,4,12.0,False,12,1.0,11,1.1864837509710924,0.8550000000000001,0.4,1.2000000000000002,D_prediction_exploration_freshness_trend
dynamic,9,9,adaptive,12,800,0.1,800,532,526,6,542,4,117,44,73,73,0,0,0.37606837606837606,0.6239316239316239,0.6775,0.6575,0.005,10.477272727272727,8.0,30,4,12.0,False,12,1.0,11,1.1658366246410878,1.0477272727272726,0.4,1.2000000000000002,E_full_policy
dynamic,9,9,adaptive,12,800,0.1,800,536,532,4,545,2,117,42,75,74,1,1,0.358974358974359,0.6410256410256411,0.68125,0.665,0.0025,8.904761904761905,5.0,30,4,12.0,False,12,1.0,11,1.1365666256824625,0.8904761904761905,0.4,1.2000000000000002,F_full_policy_no_online_feedback
dynamic,10,10,adaptive,12,800,0.1,800,473,466,7,482,40,122,42,80,80,0,1,0.3442622950819672,0.6557377049180327,0.6025,0.5825,0.05,6.904761904761905,4.0,31,1,48.0,False,12,1.0,11,1.1113153753103688,0.6904761904761906,0.1,4.800000000000001,A_prediction_only
dynamic,10,10,adaptive,12,800,0.1,800,457,452,5,471,40,122,42,80,79,1,1,0.3442622950819672,0.6557377049180327,0.58875,0.565,0.05,6.619047619047619,4.0,28,1,48.0,False,12,1.0,11,1.1130494999451912,0.6619047619047619,0.1,4.800000000000001,B_prediction_exploration
dynamic,10,10,adaptive,12,800,0.1,800,494,488,6,506,15,122,44,78,77,1,0,0.36065573770491804,0.639344262295082,0.6325,0.61,0.01875,6.204545454545454,4.0,17,1,48.0,False,12,1.0,11,1.1005508755260962,0.6204545454545455,0.1,4.800000000000001,C_prediction_exploration_freshness
dynamic,10,10,adaptive,12,800,0.1,800,494,489,5,506,14,122,47,75,75,0,0,0.38524590163934425,0.6147540983606558,0.6325,0.61125,0.0175,5.085106382978723,3.0,17,1,48.0,False,12,1.0,11,1.102151249324379,0.5085106382978724,0.1,4.800000000000001,D_prediction_exploration_freshness_trend
dynamic,10,10,adaptive,12,800,0.1,800,492,485,7,501,20,122,45,77,77,0,0,0.36885245901639346,0.6311475409836066,0.62625,0.60625,0.025,6.5777777777777775,3.0,30,1,48.0,False,12,1.0,11,1.1410268747931696,0.6577777777777778,0.1,4.800000000000001,E_full_policy
dynamic,10,10,adaptive,12,800,0.1,800,502,494,8,512,14,122,48,74,74,0,0,0.39344262295081966,0.6065573770491803,0.64,0.6175,0.0175,5.3125,3.0,31,1,48.0,False,12,1.0,11,1.1145295001915656,0.53125,0.1,4.800000000000001,F_full_policy_no_online_feedback
dynamic,11,11,adaptive,12,800,0.1,800,515,510,5,533,8,123,47,76,74,2,1,0.3821138211382114,0.6178861788617886,0.66625,0.6375,0.01,7.808510638297872,4.0,37,1,48.0,False,12,1.0,11,1.1242435000895057,0.7808510638297873,0.1,4.800000000000001,A_prediction_only
dynamic,11,11,adaptive,12,800,0.1,800,515,510,5,522,23,123,45,78,77,1,1,0.36585365853658536,0.6341463414634146,0.6525,0.6375,0.02875,7.177777777777778,3.0,33,1,48.0,False,12,1.0,11,1.1437869999645045,0.7177777777777778,0.1,4.800000000000001,B_prediction_exploration
dynamic,11,11,adaptive,12,800,0.1,800,529,522,7,534,7,123,52,71,71,0,1,0.42276422764227645,0.5772357723577236,0.6675,0.6525,0.00875,6.5576923076923075,3.5,32,1,48.0,False,12,1.0,11,1.1444126249989495,0.6557692307692308,0.1,4.800000000000001,C_prediction_exploration_freshness
dynamic,11,11,adaptive,12,800,0.1,800,525,520,5,534,9,123,51,72,72,0,1,0.4146341463414634,0.5853658536585366,0.6675,0.65,0.01125,7.137254901960785,4.0,34,1,48.0,False,12,1.0,11,1.1193202502545319,0.7137254901960786,0.1,4.800000000000001,D_prediction_exploration_freshness_trend
dynamic,11,11,adaptive,12,800,0.1,800,522,518,4,536,8,123,53,70,69,1,1,0.43089430894308944,0.5691056910569106,0.67,0.6475,0.01,6.60377358490566,3.0,33,1,48.0,False,12,1.0,11,1.128441499931796,0.6603773584905661,0.1,4.800000000000001,E_full_policy
dynamic,11,11,adaptive,12,800,0.1,800,530,525,5,542,13,123,50,73,73,0,1,0.4065040650406504,0.5934959349593496,0.6775,0.65625,0.01625,5.54,3.5,19,1,48.0,False,12,1.0,11,1.1128232497503632,0.554,0.1,4.800000000000001,F_full_policy_no_online_feedback
dynamic,12,12,adaptive,12,800,0.1,800,506,500,6,515,19,125,49,76,76,0,1,0.392,0.608,0.64375,0.625,0.02375,7.571428571428571,4.0,34,1,12.0,False,12,1.0,11,1.1349725002583,0.7571428571428571,0.1,1.2000000000000002,A_prediction_only
dynamic,12,12,adaptive,12,800,0.1,800,502,494,8,510,14,125,49,76,74,2,1,0.392,0.608,0.6375,0.6175,0.0175,7.612244897959184,4.0,31,1,12.0,False,12,1.0,11,1.1827948760037543,0.7612244897959184,0.1,1.2000000000000002,B_prediction_exploration
dynamic,12,12,adaptive,12,800,0.1,800,517,510,7,528,6,125,43,82,82,0,1,0.344,0.656,0.66,0.6375,0.0075,6.790697674418604,3.0,31,1,12.0,False,12,1.0,11,1.1524938749425928,0.6790697674418604,0.1,1.2000000000000002,C_prediction_exploration_freshness
dynamic,12,12,adaptive,12,800,0.1,800,517,510,7,525,10,125,49,76,75,1,1,0.392,0.608,0.65625,0.6375,0.0125,5.918367346938775,3.0,27,1,12.0,False,12,1.0,11,1.150750124870683,0.5918367346938775,0.1,1.2000000000000002,D_prediction_exploration_freshness_trend
dynamic,12,12,adaptive,12,800,0.1,800,521,514,7,527,4,125,50,75,75,0,1,0.4,0.6,0.65875,0.6425,0.005,6.84,4.0,33,1,12.0,False,12,1.0,11,1.180640624515945,0.684,0.1,1.2000000000000002,E_full_policy
dynamic,12,12,adaptive,12,800,0.1,800,504,498,6,512,12,125,52,73,73,0,1,0.416,0.584,0.64,0.6225,0.015,8.634615384615385,4.0,34,1,12.0,False,12,1.0,11,1.1529571245773695,0.8634615384615385,0.1,1.2000000000000002,F_full_policy_no_online_feedback
dynamic,13,13,adaptive,12,800,0.1,800,510,502,8,521,7,133,49,84,83,1,2,0.3684210526315789,0.631578947368421,0.65125,0.6275,0.00875,8.0,4.0,30,1,84.0,False,12,1.0,11,1.2006576249405043,0.8,0.1,8.4,A_prediction_only
dynamic,13,13,adaptive,12,800,0.1,800,522,516,6,534,7,133,47,86,86,0,2,0.3533834586466165,0.6466165413533834,0.6675,0.645,0.00875,6.531914893617022,2.0,30,1,84.0,False,12,1.0,11,1.1123888747897581,0.6531914893617022,0.1,8.4,B_prediction_exploration
dynamic,13,13,adaptive,12,800,0.1,800,536,529,7,540,1,133,50,83,83,0,2,0.37593984962406013,0.6240601503759399,0.675,0.66125,0.00125,7.42,5.0,30,1,84.0,False,12,1.0,11,1.114565625139221,0.742,0.1,8.4,C_prediction_exploration_freshness
dynamic,13,13,adaptive,12,800,0.1,800,533,527,6,541,0,133,52,81,81,0,2,0.39097744360902253,0.6090225563909775,0.67625,0.65875,0.0,7.1923076923076925,3.5,30,1,84.0,False,12,1.0,11,1.1547421247087186,0.7192307692307693,0.1,8.4,D_prediction_exploration_freshness_trend
dynamic,13,13,adaptive,12,800,0.1,800,531,525,6,540,0,133,56,77,77,0,2,0.42105263157894735,0.5789473684210527,0.675,0.65625,0.0,7.428571428571429,4.5,30,1,84.0,False,12,1.0,11,1.119453625069582,0.7428571428571429,0.1,8.4,E_full_policy
dynamic,13,13,adaptive,12,800,0.1,800,537,532,5,543,1,133,54,79,79,0,2,0.40601503759398494,0.5939849624060151,0.67875,0.665,0.00125,7.12962962962963,5.0,32,1,84.0,False,12,1.0,11,1.1008889998993254,0.712962962962963,0.1,8.4,F_full_policy_no_online_feedback
dynamic,14,14,adaptive,12,800,0.1,800,512,503,9,522,9,111,52,59,59,0,3,0.46846846846846846,0.5315315315315315,0.6525,0.62875,0.01125,11.461538461538462,8.0,35,2,12.0,False,12,1.0,11,1.136470249730337,1.1461538461538463,0.2,1.2000000000000002,A_prediction_only
dynamic,14,14,adaptive,12,800,0.1,800,528,522,6,537,9,111,47,64,64,0,2,0.42342342342342343,0.5765765765765766,0.67125,0.6525,0.01125,9.106382978723405,5.0,35,2,12.0,False,12,1.0,11,1.121996375368326,0.9106382978723405,0.2,1.2000000000000002,B_prediction_exploration
dynamic,14,14,adaptive,12,800,0.1,800,533,525,8,543,2,111,52,59,59,0,2,0.46846846846846846,0.5315315315315315,0.67875,0.65625,0.0025,7.634615384615385,4.0,34,2,12.0,False,12,1.0,11,1.1322645002655918,0.7634615384615385,0.2,1.2000000000000002,C_prediction_exploration_freshness
dynamic,14,14,adaptive,12,800,0.1,800,524,518,6,541,1,111,53,58,58,0,2,0.4774774774774775,0.5225225225225225,0.67625,0.6475,0.00125,7.566037735849057,4.0,34,2,12.0,False,12,1.0,11,1.1382363753364189,0.7566037735849057,0.2,1.2000000000000002,D_prediction_exploration_freshness_trend
dynamic,14,14,adaptive,12,800,0.1,800,526,520,6,541,1,111,51,60,60,0,2,0.4594594594594595,0.5405405405405406,0.67625,0.65,0.00125,8.450980392156863,6.0,34,2,12.0,False,12,1.0,11,1.1467830005130963,0.8450980392156864,0.2,1.2000000000000002,E_full_policy
dynamic,14,14,adaptive,12,800,0.1,800,529,521,8,540,2,111,50,61,61,0,2,0.45045045045045046,0.5495495495495496,0.675,0.65125,0.0025,8.98,6.0,33,2,12.0,False,12,1.0,11,1.148996249648917,0.8980000000000001,0.2,1.2000000000000002,F_full_policy_no_online_feedback
changing_distribution,0,0,adaptive,12,800,0.1,800,554,548,6,565,1,79,33,46,45,1,2,0.4177215189873418,0.5822784810126582,0.70625,0.685,0.00125,11.969696969696969,10.0,35,0,,False,12,1.0,11,1.1396068753310828,1.196969696969697,0.0,,A_prediction_only
changing_distribution,0,0,adaptive,12,800,0.1,800,555,547,8,564,2,79,33,46,45,1,2,0.4177215189873418,0.5822784810126582,0.705,0.68375,0.0025,11.787878787878787,9.0,32,0,,False,12,1.0,11,1.1504812500061234,1.1787878787878787,0.0,,B_prediction_exploration
changing_distribution,0,0,adaptive,12,800,0.1,800,548,541,7,559,0,79,35,44,43,1,2,0.4430379746835443,0.5569620253164557,0.69875,0.67625,0.0,13.057142857142857,10.0,34,0,,False,12,1.0,11,1.1637187496671686,1.3057142857142858,0.0,,C_prediction_exploration_freshness
changing_distribution,0,0,adaptive,12,800,0.1,800,551,545,6,559,0,79,36,43,42,1,2,0.45569620253164556,0.5443037974683544,0.69875,0.68125,0.0,10.694444444444445,8.5,30,0,,False,12,1.0,11,1.1542472499058931,1.0694444444444444,0.0,,D_prediction_exploration_freshness_trend
changing_distribution,0,0,adaptive,12,800,0.1,800,548,540,8,557,3,79,39,40,39,1,1,0.4936708860759494,0.5063291139240507,0.69625,0.675,0.00375,11.35897435897436,10.0,32,0,,False,12,1.0,11,1.1584497494550305,1.135897435897436,0.0,,E_full_policy
changing_distribution,0,0,adaptive,12,800,0.1,800,553,544,9,561,0,79,36,43,42,1,2,0.45569620253164556,0.5443037974683544,0.70125,0.68,0.0,10.88888888888889,9.0,31,0,,False,12,1.0,11,1.146978749857226,1.088888888888889,0.0,,F_full_policy_no_online_feedback
changing_distribution,1,1,adaptive,12,800,0.1,800,513,511,2,524,24,82,42,40,38,2,1,0.5121951219512195,0.4878048780487805,0.655,0.63875,0.03,12.023809523809524,7.0,34,0,,False,12,1.0,11,1.198142124703736,1.2023809523809526,0.0,,A_prediction_only
changing_distribution,1,1,adaptive,12,800,0.1,800,512,510,2,524,24,82,40,42,41,1,1,0.4878048780487805,0.5121951219512195,0.655,0.6375,0.03,14.05,14.5,35,0,,False,12,1.0,11,1.122974375175545,1.4050000000000002,0.0,,B_prediction_exploration
changing_distribution,1,1,adaptive,12,800,0.1,800,520,515,5,527,23,82,42,40,39,1,1,0.5121951219512195,0.4878048780487805,0.65875,0.64375,0.02875,13.238095238095237,12.5,35,0,,False,12,1.0,11,1.1438707498746226,1.3238095238095238,0.0,,C_prediction_exploration_freshness
changing_distribution,1,1,adaptive,12,800,0.1,800,521,518,3,529,24,82,42,40,39,1,1,0.5121951219512195,0.4878048780487805,0.66125,0.6475,0.03,13.30952380952381,12.0,33,0,,False,12,1.0,11,1.1553437498150743,1.330952380952381,0.0,,D_prediction_exploration_freshness_trend
changing_distribution,1,1,adaptive,12,800,0.1,800,512,511,1,528,25,82,42,40,38,2,1,0.5121951219512195,0.4878048780487805,0.66,0.63875,0.03125,13.071428571428571,11.5,35,0,,False,12,1.0,11,1.1523670003953157,1.3071428571428572,0.0,,E_full_policy
changing_distribution,1,1,adaptive,12,800,0.1,800,517,515,2,528,24,82,40,42,41,1,1,0.4878048780487805,0.5121951219512195,0.66,0.64375,0.03,14.375,14.0,34,0,,False,12,1.0,11,1.1220758753552218,1.4375,0.0,,F_full_policy_no_online_feedback
changing_distribution,2,2,adaptive,12,800,0.1,800,528,524,4,543,11,75,34,41,41,0,1,0.4533333333333333,0.5466666666666666,0.67875,0.655,0.01375,15.647058823529411,14.5,35,0,,False,12,1.0,11,1.108328749651264,1.5647058823529412,0.0,,A_prediction_only
changing_distribution,2,2,adaptive,12,800,0.1,800,539,532,7,548,5,75,41,34,34,0,0,0.5466666666666666,0.4533333333333333,0.685,0.665,0.00625,13.0,12.0,35,0,,False,12,1.0,11,1.1121548747178167,1.3,0.0,,B_prediction_exploration
changing_distribution,2,2,adaptive,12,800,0.1,800,533,528,5,552,4,75,39,36,36,0,0,0.52,0.48,0.69,0.66,0.005,13.307692307692308,11.0,34,0,,False,12,1.0,11,1.1216500002046814,1.330769230769231,0.0,,C_prediction_exploration_freshness
changing_distribution,2,2,adaptive,12,800,0.1,800,533,528,5,549,4,75,39,36,36,0,0,0.52,0.48,0.68625,0.66,0.005,11.820512820512821,7.0,34,0,,False,12,1.0,11,1.1209543752556783,1.182051282051282,0.0,,D_prediction_exploration_freshness_trend
changing_distribution,2,2,adaptive,12,800,0.1,800,534,529,5,549,4,75,37,38,38,0,0,0.49333333333333335,0.5066666666666667,0.68625,0.66125,0.005,13.054054054054054,9.0,34,0,,False,12,1.0,11,1.143027499456366,1.3054054054054056,0.0,,E_full_policy
changing_distribution,2,2,adaptive,12,800,0.1,800,530,526,4,544,5,75,35,40,40,0,0,0.4666666666666667,0.5333333333333333,0.68,0.6575,0.00625,12.82857142857143,11.0,35,0,,False,12,1.0,11,1.1401140004090848,1.282857142857143,0.0,,F_full_policy_no_online_feedback
changing_distribution,3,3,adaptive,12,800,0.1,800,523,514,9,526,21,75,38,37,36,1,1,0.5066666666666667,0.49333333333333335,0.6575,0.6425,0.02625,12.5,12.5,35,1,,False,12,1.0,11,1.1348290001114947,1.25,0.1,,A_prediction_only
changing_distribution,3,3,adaptive,12,800,0.1,800,526,521,5,536,16,75,39,36,35,1,1,0.52,0.48,0.67,0.65125,0.02,11.076923076923077,6.0,35,1,,False,12,1.0,11,1.1646107503474923,1.1076923076923078,0.1,,B_prediction_exploration
changing_distribution,3,3,adaptive,12,800,0.1,800,554,550,4,562,2,75,45,30,29,1,2,0.6,0.4,0.7025,0.6875,0.0025,10.577777777777778,5.0,35,1,,False,12,1.0,11,1.123208001263265,1.0577777777777777,0.1,,C_prediction_exploration_freshness
changing_distribution,3,3,adaptive,12,800,0.1,800,542,538,4,549,5,75,43,32,31,1,2,0.5733333333333334,0.4266666666666667,0.68625,0.6725,0.00625,13.30232558139535,12.0,35,1,,False,12,1.0,11,1.1833813757039024,1.3302325581395351,0.1,,D_prediction_exploration_freshness_trend
changing_distribution,3,3,adaptive,12,800,0.1,800,546,542,4,553,5,75,39,36,35,1,2,0.52,0.48,0.69125,0.6775,0.00625,11.41025641025641,7.0,35,1,,False,12,1.0,11,1.1187816254459904,1.1410256410256412,0.1,,E_full_policy
changing_distribution,3,3,adaptive,12,800,0.1,800,537,531,6,544,8,75,40,35,34,1,2,0.5333333333333333,0.4666666666666667,0.68,0.66375,0.01,11.775,10.0,35,1,,False,12,1.0,11,1.1682383748848224,1.1775,0.1,,F_full_policy_no_online_feedback
changing_distribution,4,4,adaptive,12,800,0.1,800,531,525,6,541,12,77,44,33,32,1,2,0.5714285714285714,0.42857142857142855,0.67625,0.65625,0.015,13.636363636363637,12.0,34,0,,False,12,1.0,11,1.1600590008674772,1.3636363636363638,0.0,,A_prediction_only
changing_distribution,4,4,adaptive,12,800,0.1,800,548,542,6,556,8,77,43,34,33,1,1,0.5584415584415584,0.44155844155844154,0.695,0.6775,0.01,14.44186046511628,15.0,35,0,,False,12,1.0,11,1.1612536256870953,1.444186046511628,0.0,,B_prediction_exploration
changing_distribution,4,4,adaptive,12,800,0.1,800,548,544,4,554,4,77,43,34,33,1,2,0.5584415584415584,0.44155844155844154,0.6925,0.68,0.005,13.395348837209303,8.0,34,0,,False,12,1.0,11,1.149730625002121,1.3395348837209304,0.0,,C_prediction_exploration_freshness
changing_distribution,4,4,adaptive,12,800,0.1,800,546,541,5,554,0,77,44,33,32,1,1,0.5714285714285714,0.42857142857142855,0.6925,0.67625,0.0,12.272727272727273,7.0,47,0,,False,12,1.0,11,1.152544125179702,1.2272727272727275,0.0,,D_prediction_exploration_freshness_trend
changing_distribution,4,4,adaptive,12,800,0.1,800,551,547,4,558,2,77,45,32,31,1,1,0.5844155844155844,0.4155844155844156,0.6975,0.68375,0.0025,11.822222222222223,7.0,35,0,,False,12,1.0,11,1.1367351249646163,1.1822222222222223,0.0,,E_full_policy
changing_distribution,4,4,adaptive,12,800,0.1,800,555,552,3,561,12,77,46,31,28,3,1,0.5974025974025974,0.4025974025974026,0.70125,0.69,0.015,10.565217391304348,5.5,33,0,,False,12,1.0,11,1.1525241247727536,1.056521739130435,0.0,,F_full_policy_no_online_feedback
changing_distribution,5,5,adaptive,12,800,0.1,800,535,528,7,547,10,74,38,36,36,0,1,0.5135135135135135,0.4864864864864865,0.68375,0.66,0.0125,9.947368421052632,6.0,30,0,,False,12,1.0,11,1.1310869993030792,0.9947368421052633,0.0,,A_prediction_only
changing_distribution,5,5,adaptive,12,800,0.1,800,531,523,8,538,13,74,36,38,38,0,1,0.4864864864864865,0.5135135135135135,0.6725,0.65375,0.01625,11.333333333333334,9.5,33,0,,False,12,1.0,11,1.132153375147027,1.1333333333333335,0.0,,B_prediction_exploration
changing_distribution,5,5,adaptive,12,800,0.1,800,533,526,7,546,4,74,40,34,34,0,1,0.5405405405405406,0.4594594594594595,0.6825,0.6575,0.005,10.975,6.5,33,0,,False,12,1.0,11,1.1464340003658435,1.0975,0.0,,C_prediction_exploration_freshness
changing_distribution,5,5,adaptive,12,800,0.1,800,535,530,5,550,4,74,39,35,35,0,0,0.527027027027027,0.47297297297297297,0.6875,0.6625,0.005,10.384615384615385,7.0,34,0,,False,12,1.0,11,1.0869494994767592,1.0384615384615385,0.0,,D_prediction_exploration_freshness_trend
changing_distribution,5,5,adaptive,12,800,0.1,800,541,534,7,551,3,74,37,37,37,0,1,0.5,0.5,0.68875,0.6675,0.00375,10.35135135135135,7.0,32,0,,False,12,1.0,11,1.0969783749533235,1.0351351351351352,0.0,,E_full_policy
changing_distribution,5,5,adaptive,12,800,0.1,800,530,525,5,540,8,74,39,35,35,0,1,0.527027027027027,0.47297297297297297,0.675,0.65625,0.01,11.051282051282051,7.0,33,0,,False,12,1.0,11,1.097906124414294,1.1051282051282052,0.0,,F_full_policy_no_online_feedback
changing_distribution,6,6,adaptive,12,800,0.1,800,550,547,3,560,6,74,44,30,29,1,2,0.5945945945945946,0.40540540540540543,0.7,0.68375,0.0075,15.386363636363637,14.5,36,1,,False,12,1.0,11,1.1228112502067233,1.5386363636363638,0.1,,A_prediction_only
changing_distribution,6,6,adaptive,12,800,0.1,800,551,546,5,560,6,74,47,27,26,1,2,0.6351351351351351,0.36486486486486486,0.7,0.6825,0.0075,14.170212765957446,11.0,36,1,,False,12,1.0,11,1.1407897495882935,1.4170212765957446,0.1,,B_prediction_exploration
changing_distribution,6,6,adaptive,12,800,0.1,800,543,540,3,555,4,74,45,29,29,0,1,0.6081081081081081,0.3918918918918919,0.69375,0.675,0.005,14.377777777777778,12.0,36,1,,False,12,1.0,11,1.133860499394359,1.4377777777777778,0.1,,C_prediction_exploration_freshness
changing_distribution,6,6,adaptive,12,800,0.1,800,550,547,3,557,3,74,46,28,28,0,2,0.6216216216216216,0.3783783783783784,0.69625,0.68375,0.00375,14.304347826086957,12.0,36,1,,False,12,1.0,11,1.1358136253329576,1.4304347826086958,0.1,,D_prediction_exploration_freshness_trend
changing_distribution,6,6,adaptive,12,800,0.1,800,552,545,7,558,4,74,47,27,27,0,1,0.6351351351351351,0.36486486486486486,0.6975,0.68125,0.005,13.319148936170214,10.0,36,1,,False,12,1.0,11,1.1469518750891439,1.3319148936170215,0.1,,E_full_policy
changing_distribution,6,6,adaptive,12,800,0.1,800,554,550,4,563,5,74,47,27,27,0,2,0.6351351351351351,0.36486486486486486,0.70375,0.6875,0.00625,13.53191489361702,10.0,36,1,,False,12,1.0,11,1.107717624909128,1.353191489361702,0.1,,F_full_policy_no_online_feedback
changing_distribution,7,7,adaptive,12,800,0.1,800,542,534,8,548,8,87,40,47,47,0,1,0.45977011494252873,0.5402298850574713,0.685,0.6675,0.01,12.975,11.0,35,1,,False,12,1.0,11,1.1026382503769128,1.2975,0.1,,A_prediction_only
changing_distribution,7,7,adaptive,12,800,0.1,800,538,531,7,547,5,87,42,45,44,1,1,0.4827586206896552,0.5172413793103449,0.68375,0.66375,0.00625,13.0,9.0,37,1,,False,12,1.0,11,1.119278125006531,1.3,0.1,,B_prediction_exploration
changing_distribution,7,7,adaptive,12,800,0.1,800,546,540,6,552,6,87,41,46,45,1,1,0.47126436781609193,0.5287356321839081,0.69,0.675,0.0075,12.21951219512195,7.0,35,1,,False,12,1.0,11,1.1014236254050047,1.221951219512195,0.1,,C_prediction_exploration_freshness
changing_distribution,7,7,adaptive,12,800,0.1,800,544,535,9,551,2,87,44,43,43,0,1,0.5057471264367817,0.4942528735632184,0.68875,0.66875,0.0025,13.318181818181818,7.0,39,1,,False,12,1.0,11,1.1152483753903653,1.331818181818182,0.1,,D_prediction_exploration_freshness_trend
changing_distribution,7,7,adaptive,12,800,0.1,800,547,540,7,556,4,87,42,45,45,0,1,0.4827586206896552,0.5172413793103449,0.695,0.675,0.005,9.071428571428571,4.5,31,1,,False,12,1.0,11,1.1506307504532742,0.9071428571428571,0.1,,E_full_policy
changing_distribution,7,7,adaptive,12,800,0.1,800,547,541,6,555,4,87,44,43,43,0,1,0.5057471264367817,0.4942528735632184,0.69375,0.67625,0.005,11.159090909090908,6.0,35,1,,False,12,1.0,11,1.1508807501013507,1.115909090909091,0.1,,F_full_policy_no_online_feedback
changing_distribution,8,8,adaptive,12,800,0.1,800,530,523,7,542,22,77,37,40,39,1,1,0.4805194805194805,0.5194805194805194,0.6775,0.65375,0.0275,13.378378378378379,8.0,34,1,,False,12,1.0,11,1.1203296253370354,1.337837837837838,0.1,,A_prediction_only
changing_distribution,8,8,adaptive,12,800,0.1,800,528,522,6,539,18,77,45,32,31,1,0,0.5844155844155844,0.4155844155844156,0.67375,0.6525,0.0225,12.8,8.0,35,1,,False,12,1.0,11,1.1142277493854635,1.2800000000000002,0.1,,B_prediction_exploration
changing_distribution,8,8,adaptive,12,800,0.1,800,544,534,10,548,12,77,40,37,37,0,1,0.5194805194805194,0.4805194805194805,0.685,0.6675,0.015,12.225,7.5,35,1,,False,12,1.0,11,1.1466703749465523,1.2225000000000001,0.1,,C_prediction_exploration_freshness
changing_distribution,8,8,adaptive,12,800,0.1,800,537,529,8,544,12,77,38,39,39,0,1,0.4935064935064935,0.5064935064935064,0.68,0.66125,0.015,14.105263157894736,10.5,35,1,,False,12,1.0,11,1.1121978751179995,1.4105263157894736,0.1,,D_prediction_exploration_freshness_trend
changing_distribution,8,8,adaptive,12,800,0.1,800,535,527,8,546,10,77,40,37,37,0,1,0.5194805194805194,0.4805194805194805,0.6825,0.65875,0.0125,11.8,8.0,35,1,,False,12,1.0,11,1.120527249877341,1.1800000000000002,0.1,,E_full_policy
changing_distribution,8,8,adaptive,12,800,0.1,800,537,530,7,547,11,77,39,38,38,0,1,0.5064935064935064,0.4935064935064935,0.68375,0.6625,0.01375,12.58974358974359,8.0,35,1,,False,12,1.0,11,1.1270025003977935,1.258974358974359,0.1,,F_full_policy_no_online_feedback
changing_distribution,9,9,adaptive,12,800,0.1,800,540,534,6,551,7,87,46,41,41,0,1,0.5287356321839081,0.47126436781609193,0.68875,0.6675,0.00875,11.304347826086957,7.0,35,0,,False,12,1.0,11,1.0985294999409234,1.1304347826086958,0.0,,A_prediction_only
changing_distribution,9,9,adaptive,12,800,0.1,800,526,517,9,528,16,87,45,42,42,0,1,0.5172413793103449,0.4827586206896552,0.66,0.64625,0.02,10.4,6.0,35,0,,False,12,1.0,11,1.138625499297632,1.04,0.0,,B_prediction_exploration
changing_distribution,9,9,adaptive,12,800,0.1,800,531,526,5,541,10,87,47,40,40,0,1,0.5402298850574713,0.45977011494252873,0.67625,0.6575,0.0125,11.638297872340425,9.0,35,0,,False,12,1.0,11,1.1254223742434988,1.1638297872340426,0.0,,C_prediction_exploration_freshness
changing_distribution,9,9,adaptive,12,800,0.1,800,528,524,4,539,10,87,47,40,40,0,1,0.5402298850574713,0.45977011494252873,0.67375,0.655,0.0125,12.361702127659575,10.0,35,0,,False,12,1.0,11,1.124346500291722,1.2361702127659575,0.0,,D_prediction_exploration_freshness_trend
changing_distribution,9,9,adaptive,12,800,0.1,800,524,521,3,539,10,87,50,37,37,0,0,0.5747126436781609,0.42528735632183906,0.67375,0.65125,0.0125,11.52,9.0,35,0,,False,12,1.0,11,1.141084250266431,1.152,0.0,,E_full_policy
changing_distribution,9,9,adaptive,12,800,0.1,800,520,516,4,534,5,87,43,44,44,0,1,0.4942528735632184,0.5057471264367817,0.6675,0.645,0.00625,11.581395348837209,9.0,35,0,,False,12,1.0,11,1.1271771255269414,1.158139534883721,0.0,,F_full_policy_no_online_feedback
changing_distribution,10,10,adaptive,12,800,0.1,800,548,543,5,553,12,74,40,34,34,0,0,0.5405405405405406,0.4594594594594595,0.69125,0.67875,0.015,13.2,10.0,35,0,,False,12,1.0,11,1.0918896243310883,1.32,0.0,,A_prediction_only
changing_distribution,10,10,adaptive,12,800,0.1,800,557,551,6,562,9,74,43,31,31,0,0,0.581081081081081,0.4189189189189189,0.7025,0.68875,0.01125,11.13953488372093,6.0,34,0,,False,12,1.0,11,1.1110692501461017,1.1139534883720932,0.0,,B_prediction_exploration
changing_distribution,10,10,adaptive,12,800,0.1,800,547,541,6,557,6,74,42,32,32,0,0,0.5675675675675675,0.43243243243243246,0.69625,0.67625,0.0075,13.404761904761905,9.5,33,0,,False,12,1.0,11,1.172336624149466,1.3404761904761906,0.0,,C_prediction_exploration_freshness
changing_distribution,10,10,adaptive,12,800,0.1,800,552,545,7,557,5,74,44,30,30,0,0,0.5945945945945946,0.40540540540540543,0.69625,0.68125,0.00625,12.818181818181818,10.0,34,0,,False,12,1.0,11,1.1541062500691623,1.281818181818182,0.0,,D_prediction_exploration_freshness_trend
changing_distribution,10,10,adaptive,12,800,0.1,800,550,544,6,558,4,74,45,29,29,0,0,0.6081081081081081,0.3918918918918919,0.6975,0.68,0.005,12.644444444444444,10.0,34,0,,False,12,1.0,11,1.113345624617068,1.2644444444444445,0.0,,E_full_policy
changing_distribution,10,10,adaptive,12,800,0.1,800,549,543,6,559,7,74,45,29,29,0,0,0.6081081081081081,0.3918918918918919,0.69875,0.67875,0.00875,10.622222222222222,8.0,34,0,,False,12,1.0,11,1.144711999586434,1.0622222222222222,0.0,,F_full_policy_no_online_feedback
changing_distribution,11,11,adaptive,12,800,0.1,800,530,524,6,538,7,79,37,42,42,0,2,0.46835443037974683,0.5316455696202531,0.6725,0.655,0.00875,13.054054054054054,9.0,34,0,,False,12,1.0,11,1.1525303745293058,1.3054054054054056,0.0,,A_prediction_only
changing_distribution,11,11,adaptive,12,800,0.1,800,533,528,5,543,6,79,39,40,40,0,2,0.4936708860759494,0.5063291139240507,0.67875,0.66,0.0075,12.025641025641026,9.0,35,0,,False,12,1.0,11,1.1083755003346596,1.2025641025641027,0.0,,B_prediction_exploration
changing_distribution,11,11,adaptive,12,800,0.1,800,538,533,5,550,6,79,36,43,42,1,2,0.45569620253164556,0.5443037974683544,0.6875,0.66625,0.0075,12.63888888888889,9.5,34,0,,False,12,1.0,11,1.1106075012867223,1.263888888888889,0.0,,C_prediction_exploration_freshness
changing_distribution,11,11,adaptive,12,800,0.1,800,538,533,5,552,6,79,37,42,42,0,2,0.46835443037974683,0.5316455696202531,0.69,0.66625,0.0075,11.135135135135135,8.0,34,0,,False,12,1.0,11,1.0984203746920684,1.1135135135135135,0.0,,D_prediction_exploration_freshness_trend
changing_distribution,11,11,adaptive,12,800,0.1,800,539,534,5,549,6,79,35,44,44,0,2,0.4430379746835443,0.5569620253164557,0.68625,0.6675,0.0075,11.057142857142857,6.0,35,0,,False,12,1.0,11,1.1196532511530677,1.1057142857142856,0.0,,E_full_policy
changing_distribution,11,11,adaptive,12,800,0.1,800,542,535,7,551,5,79,37,42,42,0,2,0.46835443037974683,0.5316455696202531,0.68875,0.66875,0.00625,8.54054054054054,4.0,35,0,,False,12,1.0,11,1.1371741254333756,0.8540540540540541,0.0,,F_full_policy_no_online_feedback
changing_distribution,12,12,adaptive,12,800,0.1,800,541,534,7,552,9,72,40,32,32,0,2,0.5555555555555556,0.4444444444444444,0.69,0.6675,0.01125,10.875,9.5,35,0,,False,12,1.0,11,1.1201457497736556,1.0875000000000001,0.0,,A_prediction_only
changing_distribution,12,12,adaptive,12,800,0.1,800,547,542,5,563,4,72,40,32,32,0,2,0.5555555555555556,0.4444444444444444,0.70375,0.6775,0.005,11.875,5.5,33,0,,False,12,1.0,11,1.1164680001456873,1.1875,0.0,,B_prediction_exploration
changing_distribution,12,12,adaptive,12,800,0.1,800,550,545,5,562,0,72,44,28,27,1,2,0.6111111111111112,0.3888888888888889,0.7025,0.68125,0.0,12.295454545454545,9.5,35,0,,False,12,1.0,11,1.1526182497254922,1.2295454545454545,0.0,,C_prediction_exploration_freshness
changing_distribution,12,12,adaptive,12,800,0.1,800,549,543,6,562,0,72,42,30,30,0,2,0.5833333333333334,0.4166666666666667,0.7025,0.67875,0.0,11.833333333333334,9.0,35,0,,False,12,1.0,11,1.1420981264018337,1.1833333333333333,0.0,,D_prediction_exploration_freshness_trend
changing_distribution,12,12,adaptive,12,800,0.1,800,548,543,5,564,0,72,47,25,25,0,2,0.6527777777777778,0.3472222222222222,0.705,0.67875,0.0,10.936170212765957,9.0,34,0,,False,12,1.0,11,1.132262125465786,1.0936170212765957,0.0,,E_full_policy
changing_distribution,12,12,adaptive,12,800,0.1,800,527,524,3,548,10,72,42,30,30,0,1,0.5833333333333334,0.4166666666666667,0.685,0.655,0.0125,11.69047619047619,8.5,33,0,,False,12,1.0,11,1.2163236249398324,1.1690476190476191,0.0,,F_full_policy_no_online_feedback
changing_distribution,13,13,adaptive,12,800,0.1,800,536,531,5,547,13,79,38,41,41,0,1,0.4810126582278481,0.5189873417721519,0.68375,0.66375,0.01625,13.68421052631579,8.5,34,1,,False,12,1.0,11,1.152753749556723,1.368421052631579,0.1,,A_prediction_only
changing_distribution,13,13,adaptive,12,800,0.1,800,540,536,4,553,10,79,38,41,40,1,0,0.4810126582278481,0.5189873417721519,0.69125,0.67,0.0125,12.0,7.5,34,1,,False,12,1.0,11,1.154963250628498,1.2000000000000002,0.1,,B_prediction_exploration
changing_distribution,13,13,adaptive,12,800,0.1,800,539,534,5,549,3,79,41,38,38,0,0,0.5189873417721519,0.4810126582278481,0.68625,0.6675,0.00375,11.121951219512194,5.0,34,1,,False,12,1.0,11,1.150285875046393,1.1121951219512194,0.1,,C_prediction_exploration_freshness
changing_distribution,13,13,adaptive,12,800,0.1,800,539,533,6,550,2,79,39,40,40,0,0,0.4936708860759494,0.5063291139240507,0.6875,0.66625,0.0025,12.512820512820513,6.0,35,1,,False,12,1.0,11,1.123110125263338,1.2512820512820513,0.1,,D_prediction_exploration_freshness_trend
changing_distribution,13,13,adaptive,12,800,0.1,800,543,538,5,552,1,79,44,35,35,0,0,0.5569620253164557,0.4430379746835443,0.69,0.6725,0.00125,11.909090909090908,7.5,34,1,,False,12,1.0,11,1.1493216248345561,1.190909090909091,0.1,,E_full_policy
changing_distribution,13,13,adaptive,12,800,0.1,800,538,530,8,545,5,79,41,38,38,0,1,0.5189873417721519,0.4810126582278481,0.68125,0.6625,0.00625,12.073170731707316,5.0,35,1,,False,12,1.0,11,1.148059500119416,1.2073170731707317,0.1,,F_full_policy_no_online_feedback
changing_distribution,14,14,adaptive,12,800,0.1,800,548,540,8,552,19,62,37,25,25,0,1,0.5967741935483871,0.4032258064516129,0.69,0.675,0.02375,15.27027027027027,12.0,35,0,,False,12,1.0,11,1.143748999966192,1.5270270270270272,0.0,,A_prediction_only
changing_distribution,14,14,adaptive,12,800,0.1,800,546,540,6,565,11,62,38,24,24,0,1,0.6129032258064516,0.3870967741935484,0.70625,0.675,0.01375,12.631578947368421,9.0,35,0,,False,12,1.0,11,1.0860763748496538,1.2631578947368423,0.0,,B_prediction_exploration
changing_distribution,14,14,adaptive,12,800,0.1,800,549,542,7,559,7,62,38,24,24,0,2,0.6129032258064516,0.3870967741935484,0.69875,0.6775,0.00875,12.947368421052632,8.0,32,0,,False,12,1.0,11,1.117725750154932,1.2947368421052632,0.0,,C_prediction_exploration_freshness
changing_distribution,14,14,adaptive,12,800,0.1,800,546,541,5,562,7,62,37,25,25,0,2,0.5967741935483871,0.4032258064516129,0.7025,0.67625,0.00875,12.027027027027026,7.0,35,0,,False,12,1.0,11,1.1052572496191715,1.2027027027027026,0.0,,D_prediction_exploration_freshness_trend
changing_distribution,14,14,adaptive,12,800,0.1,800,544,536,8,557,6,62,37,25,25,0,2,0.5967741935483871,0.4032258064516129,0.69625,0.67,0.0075,14.891891891891891,14.0,35,0,,False,12,1.0,11,1.1115590000918019,1.4891891891891893,0.0,,E_full_policy
changing_distribution,14,14,adaptive,12,800,0.1,800,544,537,7,560,9,62,38,24,24,0,2,0.6129032258064516,0.3870967741935484,0.7,0.67125,0.01125,12.605263157894736,7.0,35,0,,False,12,1.0,11,1.1328726247302257,1.2605263157894737,0.0,,F_full_policy_no_online_feedback
